# OpenSignals Text File Format. Version 1
# {"98:D3:C1:FE:04:04": {"position": 0, "device": "bitalino_rev", "device name": "98:D3:C1:FE:04:04", "device connection": "BTH98:D3:C1:FE:04:04", "sampling rate": 1000, "resolution": [4, 1, 1, 1, 1, 10, 10, 10], "firmware version": 1282, "comments": "", "keywords": "", "mode": 0, "sync interval": 2, "date": "2026-9-25", "time": "12:7:22.388", "channels": [1, 2, 3], "sensor": ["RAW", "RAW", "RAW"], "label": ["A1", "A2", "A3"], "column": ["nSeq", "I1", "I2", "O1", "O2", "A1", "A2", "A3"], "special": [{}, {}, {}], "digital IO": [0, 0, 1, 1]}}
# EndOfHeader
0	0	0	0	0	482	539	0	
1	0	0	0	0	486	550	0	
2	0	0	0	0	484	555	1	
3	0	0	0	0	480	555	1	
4	0	0	0	0	476	555	1	
5	0	0	0	0	467	552	1	
6	0	0	0	0	459	545	1	
7	0	0	0	0	454	540	0	
8	0	0	0	0	454	533	0	
9	0	0	0	0	455	532	0	
10	0	0	0	0	460	526	0	
11	0	0	0	0	461	524	0	
12	0	0	0	0	463	526	0	
13	0	0	0	0	466	532	0	
14	0	0	0	0	467	536	0	
15	0	0	0	0	466	540	0	
0	0	0	0	0	462	540	0	
1	0	0	0	0	462	534	0	
2	0	0	0	0	468	527	0	
3	0	0	0	0	472	522	0	
4	0	0	0	0	472	518	0	
5	0	0	0	0	475	513	1	
6	0	0	0	0	478	513	0	
7	0	0	0	0	483	513	0	
8	0	0	0	0	486	515	0	
9	0	0	0	0	487	516	0	
10	0	0	0	0	492	520	0	
11	0	0	0	0	492	523	0	
12	0	0	0	0	496	529	0	
13	0	0	0	0	499	540	0	
14	0	0	0	0	502	554	1	
15	0	0	0	0	503	564	1	
0	0	0	0	0	499	565	1	
1	0	0	0	0	491	566	1	
2	0	0	0	0	484	572	1	
3	0	0	0	0	477	580	1	
4	0	0	0	0	468	585	1	
5	0	0	0	0	460	597	1	
6	0	0	0	0	457	609	1	
7	0	0	0	0	453	617	1	
8	0	0	0	0	450	614	1	
9	0	0	0	0	447	604	1	
10	0	0	0	0	444	591	1	
11	0	0	0	0	443	575	1	
12	0	0	0	0	444	561	1	
13	0	0	0	0	444	547	1	
14	0	0	0	0	442	540	1	
15	0	0	0	0	438	539	0	
0	0	0	0	0	433	538	0	
1	0	0	0	0	419	539	0	
2	0	0	0	0	413	534	0	
3	0	0	0	0	410	534	1	
4	0	0	0	0	404	535	0	
5	0	0	0	0	399	539	0	
6	0	0	0	0	399	544	0	
7	0	0	0	0	404	547	0	
8	0	0	0	0	409	555	1	
9	0	0	0	0	414	561	1	
10	0	0	0	0	423	565	1	
11	0	0	0	0	430	565	1	
12	0	0	0	0	438	563	1	
13	0	0	0	0	444	562	1	
14	0	0	0	0	448	553	1	
15	0	0	0	0	454	546	0	
0	0	0	0	0	459	542	0	
1	0	0	0	0	462	538	0	
2	0	0	0	0	463	534	0	
3	0	0	0	0	465	529	0	
4	0	0	0	0	472	523	0	
5	0	0	0	0	474	515	0	
6	0	0	0	0	471	508	0	
7	0	0	0	0	472	499	1	
8	0	0	0	0	471	492	0	
9	0	0	0	0	468	489	0	
10	0	0	0	0	473	483	0	
11	0	0	0	0	481	479	0	
12	0	0	0	0	492	489	0	
13	0	0	0	0	499	501	1	
14	0	0	0	0	507	514	0	
15	0	0	0	0	515	529	0	
0	0	0	0	0	524	537	0	
1	0	0	0	0	530	532	0	
2	0	0	0	0	536	527	0	
3	0	0	0	0	537	526	0	
4	0	0	0	0	538	526	0	
5	0	0	0	0	538	528	0	
6	0	0	0	0	535	532	0	
7	0	0	0	0	535	540	0	
8	0	0	0	0	533	546	0	
9	0	0	0	0	534	540	0	
10	0	0	0	0	536	531	0	
11	0	0	0	0	536	523	0	
12	0	0	0	0	539	524	0	
13	0	0	0	0	542	531	0	
14	0	0	0	0	542	537	0	
15	0	0	0	0	541	542	0	
0	0	0	0	0	542	552	1	
1	0	0	0	0	539	564	1	
2	0	0	0	0	532	577	1	
3	0	0	0	0	524	583	1	
4	0	0	0	0	512	585	1	
5	0	0	0	0	504	587	1	
6	0	0	0	0	496	590	1	
7	0	0	0	0	489	589	1	
8	0	0	0	0	487	586	1	
9	0	0	0	0	484	578	1	
10	0	0	0	0	483	575	1	
11	0	0	0	0	480	569	1	
12	0	0	0	0	476	565	1	
13	0	0	0	0	472	560	1	
14	0	0	0	0	470	558	1	
15	0	0	0	0	468	560	1	
0	0	0	0	0	465	558	1	
1	0	0	0	0	460	557	1	
2	0	0	0	0	461	557	1	
3	0	0	0	0	460	557	1	
4	0	0	0	0	463	561	1	
5	0	0	0	0	462	569	1	
6	0	0	0	0	458	576	1	
7	0	0	0	0	449	578	1	
8	0	0	0	0	438	575	1	
9	0	0	0	0	433	568	1	
10	0	0	0	0	432	559	1	
11	0	0	0	0	431	553	1	
12	0	0	0	0	431	549	1	
13	0	0	0	0	434	545	1	
14	0	0	0	0	438	542	0	
15	0	0	0	0	439	540	0	
0	0	0	0	0	436	541	0	
1	0	0	0	0	433	541	1	
2	0	0	0	0	433	542	0	
3	0	0	0	0	438	549	0	
4	0	0	0	0	442	560	1	
5	0	0	0	0	440	570	1	
6	0	0	0	0	436	573	1	
7	0	0	0	0	428	581	1	
8	0	0	0	0	423	596	1	
9	0	0	0	0	418	612	1	
10	0	0	0	0	419	615	1	
11	0	0	0	0	419	607	1	
12	0	0	0	0	421	593	1	
13	0	0	0	0	426	584	1	
14	0	0	0	0	438	576	1	
15	0	0	0	0	455	565	1	
0	0	0	0	0	468	557	0	
1	0	0	0	0	473	547	0	
2	0	0	0	0	474	548	1	
3	0	0	0	0	472	548	1	
4	0	0	0	0	473	547	0	
5	0	0	0	0	472	547	1	
6	0	0	0	0	472	545	1	
7	0	0	0	0	473	542	0	
8	0	0	0	0	475	542	0	
9	0	0	0	0	470	543	0	
10	0	0	0	0	464	540	0	
11	0	0	0	0	460	534	1	
12	0	0	0	0	456	536	0	
13	0	0	0	0	452	540	1	
14	0	0	0	0	457	541	0	
15	0	0	0	0	463	548	0	
0	0	0	0	0	464	557	1	
1	0	0	0	0	467	560	1	
2	0	0	0	0	472	560	1	
3	0	0	0	0	478	561	0	
4	0	0	0	0	478	561	1	
5	0	0	0	0	478	558	1	
6	0	0	0	0	479	552	0	
7	0	0	0	0	480	543	0	
8	0	0	0	0	483	534	0	
9	0	0	0	0	489	528	0	
10	0	0	0	0	493	515	0	
11	0	0	0	0	496	508	0	
12	0	0	0	0	492	501	0	
13	0	0	0	0	490	499	0	
14	0	0	0	0	491	498	0	
15	0	0	0	0	494	495	0	
0	0	0	0	0	500	495	0	
1	0	0	0	0	504	496	0	
2	0	0	0	0	503	497	0	
3	0	0	0	0	502	500	0	
4	0	0	0	0	500	504	0	
5	0	0	0	0	504	519	0	
6	0	0	0	0	501	532	1	
7	0	0	0	0	499	539	0	
8	0	0	0	0	493	544	0	
9	0	0	0	0	480	542	0	
10	0	0	0	0	471	542	0	
11	0	0	0	0	464	543	0	
12	0	0	0	0	460	545	0	
13	0	0	0	0	463	543	1	
14	0	0	0	0	471	542	0	
15	0	0	0	0	476	536	1	
0	0	0	0	0	480	531	0	
1	0	0	0	0	483	525	0	
2	0	0	0	0	483	521	0	
3	0	0	0	0	481	518	0	
4	0	0	0	0	478	518	0	
5	0	0	0	0	476	518	0	
6	0	0	0	0	476	519	0	
7	0	0	0	0	477	521	0	
8	0	0	0	0	478	523	0	
9	0	0	0	0	479	532	0	
10	0	0	0	0	483	541	0	
11	0	0	0	0	487	546	1	
12	0	0	0	0	488	551	1	
13	0	0	0	0	494	558	1	
14	0	0	0	0	498	563	1	
15	0	0	0	0	504	565	1	
0	0	0	0	0	509	561	1	
1	0	0	0	0	511	552	1	
2	0	0	0	0	513	539	0	
3	0	0	0	0	511	521	0	
4	0	0	0	0	508	512	0	
5	0	0	0	0	507	509	1	
6	0	0	0	0	505	505	0	
7	0	0	0	0	503	502	0	
8	0	0	0	0	503	500	0	
9	0	0	0	0	498	500	0	
10	0	0	0	0	497	501	0	
11	0	0	0	0	496	506	0	
12	0	0	0	0	494	509	0	
13	0	0	0	0	495	514	0	
14	0	0	0	0	496	517	0	
15	0	0	0	0	496	519	0	
0	0	0	0	0	493	522	0	
1	0	0	0	0	492	524	0	
2	0	0	0	0	490	529	0	
3	0	0	0	0	489	539	0	
4	0	0	0	0	492	546	0	
5	0	0	0	0	492	544	1	
6	0	0	0	0	491	543	0	
7	0	0	0	0	488	548	0	
8	0	0	0	0	483	558	0	
9	0	0	0	0	477	571	1	
10	0	0	0	0	473	575	1	
11	0	0	0	0	470	563	1	
12	0	0	0	0	468	555	1	
13	0	0	0	0	466	549	0	
14	0	0	0	0	467	546	1	
15	0	0	0	0	470	549	0	
0	0	0	0	0	469	552	1	
1	0	0	0	0	467	558	1	
2	0	0	0	0	471	567	1	
3	0	0	0	0	475	578	1	
4	0	0	0	0	474	592	1	
5	0	0	0	0	474	590	1	
6	0	0	0	0	467	579	1	
7	0	0	0	0	457	568	0	
8	0	0	0	0	453	560	1	
9	0	0	0	0	454	546	1	
10	0	0	0	0	452	532	0	
11	0	0	0	0	452	520	0	
12	0	0	0	0	456	515	0	
13	0	0	0	0	463	513	0	
14	0	0	0	0	473	514	0	
15	0	0	0	0	480	513	0	
0	0	0	0	0	487	511	0	
1	0	0	0	0	496	502	0	
2	0	0	0	0	507	492	0	
3	0	0	0	0	515	485	0	
4	0	0	0	0	520	477	0	
5	0	0	0	0	523	470	0	
6	0	0	0	0	519	463	0	
7	0	0	0	0	515	456	0	
8	0	0	0	0	512	450	0	
9	0	0	0	0	510	449	0	
10	0	0	0	0	508	456	0	
11	0	0	0	0	508	466	0	
12	0	0	0	0	506	475	0	
13	0	0	0	0	504	486	0	
14	0	0	0	0	505	496	0	
15	0	0	0	0	503	507	0	
0	0	0	0	0	497	516	0	
1	0	0	0	0	493	526	0	
2	0	0	0	0	492	528	0	
3	0	0	0	0	496	527	0	
4	0	0	0	0	501	527	0	
5	0	0	0	0	503	528	0	
6	0	0	0	0	502	535	1	
7	0	0	0	0	500	543	0	
8	0	0	0	0	500	545	0	
9	0	0	0	0	502	545	1	
10	0	0	0	0	505	537	0	
11	0	0	0	0	508	527	0	
12	0	0	0	0	508	519	0	
13	0	0	0	0	502	510	0	
14	0	0	0	0	499	505	0	
15	0	0	0	0	496	499	0	
0	0	0	0	0	495	496	0	
1	0	0	0	0	499	492	0	
2	0	0	0	0	502	490	0	
3	0	0	0	0	508	494	0	
4	0	0	0	0	511	499	0	
5	0	0	0	0	508	507	0	
6	0	0	0	0	507	512	0	
7	0	0	0	0	504	513	0	
8	0	0	0	0	504	516	0	
9	0	0	0	0	510	519	0	
10	0	0	0	0	516	516	0	
11	0	0	0	0	518	506	0	
12	0	0	0	0	516	497	0	
13	0	0	0	0	518	486	0	
14	0	0	0	0	524	476	0	
15	0	0	0	0	527	476	0	
0	0	0	0	0	531	481	0	
1	0	0	0	0	532	485	0	
2	0	0	0	0	536	490	0	
3	0	0	0	0	540	496	0	
4	0	0	0	0	540	499	0	
5	0	0	0	0	536	505	0	
6	0	0	0	0	532	509	0	
7	0	0	0	0	530	515	0	
8	0	0	0	0	530	521	0	
9	0	0	0	0	528	531	0	
10	0	0	0	0	524	539	0	
11	0	0	0	0	520	542	1	
12	0	0	0	0	516	542	0	
13	0	0	0	0	511	543	0	
14	0	0	0	0	507	547	1	
15	0	0	0	0	502	556	1	
0	0	0	0	0	498	561	1	
1	0	0	0	0	497	570	1	
2	0	0	0	0	498	582	1	
3	0	0	0	0	497	592	1	
4	0	0	0	0	497	600	1	
5	0	0	0	0	499	607	1	
6	0	0	0	0	506	611	1	
7	0	0	0	0	513	607	1	
8	0	0	0	0	514	590	1	
9	0	0	0	0	511	572	1	
10	0	0	0	0	505	557	1	
11	0	0	0	0	504	547	1	
12	0	0	0	0	503	536	0	
13	0	0	0	0	500	520	0	
14	0	0	0	0	499	507	0	
15	0	0	0	0	501	494	0	
0	0	0	0	0	505	485	0	
1	0	0	0	0	509	481	0	
2	0	0	0	0	512	483	0	
3	0	0	0	0	515	486	0	
4	0	0	0	0	514	484	0	
5	0	0	0	0	511	484	0	
6	0	0	0	0	508	484	0	
7	0	0	0	0	505	478	0	
8	0	0	0	0	502	472	0	
9	0	0	0	0	497	468	0	
10	0	0	0	0	496	471	0	
11	0	0	0	0	495	476	0	
12	0	0	0	0	495	483	0	
13	0	0	0	0	491	494	0	
14	0	0	0	0	485	507	0	
15	0	0	0	0	480	516	1	
0	0	0	0	0	479	520	0	
1	0	0	0	0	476	521	0	
2	0	0	0	0	472	523	0	
3	0	0	0	0	468	527	0	
4	0	0	0	0	460	530	0	
5	0	0	0	0	458	537	0	
6	0	0	0	0	456	547	0	
7	0	0	0	0	457	549	0	
8	0	0	0	0	459	541	0	
9	0	0	0	0	457	528	0	
10	0	0	0	0	461	521	0	
11	0	0	0	0	465	518	0	
12	0	0	0	0	471	515	0	
13	0	0	0	0	479	517	0	
14	0	0	0	0	483	515	0	
15	0	0	0	0	487	515	0	
0	0	0	0	0	492	515	0	
1	0	0	0	0	496	507	0	
2	0	0	0	0	497	497	0	
3	0	0	0	0	496	492	0	
4	0	0	0	0	487	491	0	
5	0	0	0	0	476	496	0	
6	0	0	0	0	467	507	0	
7	0	0	0	0	463	515	0	
8	0	0	0	0	460	516	0	
9	0	0	0	0	459	512	0	
10	0	0	0	0	455	511	0	
11	0	0	0	0	449	515	0	
12	0	0	0	0	445	519	0	
13	0	0	0	0	445	527	1	
14	0	0	0	0	447	536	0	
15	0	0	0	0	446	549	1	
0	0	0	0	0	441	559	1	
1	0	0	0	0	440	561	1	
2	0	0	0	0	439	565	1	
3	0	0	0	0	439	564	0	
4	0	0	0	0	443	561	1	
5	0	0	0	0	448	562	1	
6	0	0	0	0	450	562	1	
7	0	0	0	0	455	563	1	
8	0	0	0	0	455	569	1	
9	0	0	0	0	451	567	1	
10	0	0	0	0	451	564	1	
11	0	0	0	0	450	558	0	
12	0	0	0	0	452	544	1	
13	0	0	0	0	459	535	0	
14	0	0	0	0	467	525	0	
15	0	0	0	0	472	519	0	
0	0	0	0	0	475	516	0	
1	0	0	0	0	473	514	1	
2	0	0	0	0	475	511	0	
3	0	0	0	0	479	511	0	
4	0	0	0	0	488	507	0	
5	0	0	0	0	499	489	0	
6	0	0	0	0	510	472	0	
7	0	0	0	0	518	459	0	
8	0	0	0	0	525	455	0	
9	0	0	0	0	530	452	0	
10	0	0	0	0	531	453	0	
11	0	0	0	0	528	452	0	
12	0	0	0	0	529	454	0	
13	0	0	0	0	527	457	0	
14	0	0	0	0	519	461	0	
15	0	0	0	0	515	467	0	
0	0	0	0	0	510	476	0	
1	0	0	0	0	505	484	0	
2	0	0	0	0	504	492	0	
3	0	0	0	0	500	496	0	
4	0	0	0	0	493	501	0	
5	0	0	0	0	485	504	0	
6	0	0	0	0	483	505	0	
7	0	0	0	0	482	505	0	
8	0	0	0	0	479	504	0	
9	0	0	0	0	476	508	0	
10	0	0	0	0	473	509	1	
11	0	0	0	0	468	508	0	
12	0	0	0	0	472	501	1	
13	0	0	0	0	478	494	0	
14	0	0	0	0	484	492	0	
15	0	0	0	0	491	494	0	
0	0	0	0	0	491	495	0	
1	0	0	0	0	489	494	0	
2	0	0	0	0	489	496	0	
3	0	0	0	0	496	496	0	
4	0	0	0	0	505	496	0	
5	0	0	0	0	516	500	0	
6	0	0	0	0	523	505	0	
7	0	0	0	0	524	502	0	
8	0	0	0	0	528	498	0	
9	0	0	0	0	530	489	0	
10	0	0	0	0	532	484	0	
11	0	0	0	0	530	483	0	
12	0	0	0	0	520	487	0	
13	0	0	0	0	515	492	0	
14	0	0	0	0	509	499	0	
15	0	0	0	0	502	508	0	
0	0	0	0	0	499	513	1	
1	0	0	0	0	492	513	0	
2	0	0	0	0	481	509	0	
3	0	0	0	0	468	507	0	
4	0	0	0	0	463	508	0	
5	0	0	0	0	464	511	0	
6	0	0	0	0	460	516	0	
7	0	0	0	0	456	521	0	
8	0	0	0	0	454	524	1	
9	0	0	0	0	454	524	0	
10	0	0	0	0	456	529	0	
11	0	0	0	0	456	542	0	
12	0	0	0	0	453	548	0	
13	0	0	0	0	447	553	1	
14	0	0	0	0	443	559	1	
15	0	0	0	0	438	560	1	
0	0	0	0	0	432	562	1	
1	0	0	0	0	427	560	1	
2	0	0	0	0	423	558	1	
3	0	0	0	0	418	557	1	
4	0	0	0	0	415	556	1	
5	0	0	0	0	417	561	1	
6	0	0	0	0	422	561	1	
7	0	0	0	0	427	560	1	
8	0	0	0	0	427	558	1	
9	0	0	0	0	424	548	1	
10	0	0	0	0	423	542	0	
11	0	0	0	0	428	543	0	
12	0	0	0	0	435	545	0	
13	0	0	0	0	441	543	0	
14	0	0	0	0	448	530	0	
15	0	0	0	0	458	508	0	
0	0	0	0	0	466	486	0	
1	0	0	0	0	478	474	0	
2	0	0	0	0	486	469	0	
3	0	0	0	0	488	472	0	
4	0	0	0	0	485	477	0	
5	0	0	0	0	476	483	0	
6	0	0	0	0	472	480	0	
7	0	0	0	0	474	473	0	
8	0	0	0	0	479	469	0	
9	0	0	0	0	478	467	0	
10	0	0	0	0	474	471	0	
11	0	0	0	0	474	480	0	
12	0	0	0	0	475	484	0	
13	0	0	0	0	473	489	0	
14	0	0	0	0	469	494	0	
15	0	0	0	0	461	502	0	
0	0	0	0	0	454	511	0	
1	0	0	0	0	448	513	0	
2	0	0	0	0	443	515	0	
3	0	0	0	0	443	515	0	
4	0	0	0	0	442	512	0	
5	0	0	0	0	445	508	1	
6	0	0	0	0	446	500	0	
7	0	0	0	0	449	494	0	
8	0	0	0	0	454	486	0	
9	0	0	0	0	457	478	0	
10	0	0	0	0	463	470	0	
11	0	0	0	0	465	462	0	
12	0	0	0	0	468	452	0	
13	0	0	0	0	467	444	0	
14	0	0	0	0	470	436	0	
15	0	0	0	0	473	435	0	
0	0	0	0	0	472	435	0	
1	0	0	0	0	476	435	0	
2	0	0	0	0	480	433	0	
3	0	0	0	0	480	433	0	
4	0	0	0	0	483	438	0	
5	0	0	0	0	483	447	0	
6	0	0	0	0	483	454	0	
7	0	0	0	0	481	465	0	
8	0	0	0	0	473	478	0	
9	0	0	0	0	465	495	1	
10	0	0	0	0	454	503	0	
11	0	0	0	0	447	497	0	
12	0	0	0	0	440	493	0	
13	0	0	0	0	439	491	0	
14	0	0	0	0	445	495	0	
15	0	0	0	0	453	504	0	
0	0	0	0	0	462	504	0	
1	0	0	0	0	476	496	0	
2	0	0	0	0	489	486	0	
3	0	0	0	0	503	475	0	
4	0	0	0	0	513	464	0	
5	0	0	0	0	521	455	0	
6	0	0	0	0	524	448	0	
7	0	0	0	0	521	440	0	
8	0	0	0	0	522	434	0	
9	0	0	0	0	522	428	0	
10	0	0	0	0	526	423	0	
11	0	0	0	0	526	417	0	
12	0	0	0	0	524	413	0	
13	0	0	0	0	524	417	0	
14	0	0	0	0	523	420	0	
15	0	0	0	0	521	428	0	
0	0	0	0	0	524	439	0	
1	0	0	0	0	526	445	0	
2	0	0	0	0	525	456	0	
3	0	0	0	0	516	462	0	
4	0	0	0	0	509	471	0	
5	0	0	0	0	504	483	0	
6	0	0	0	0	495	494	0	
7	0	0	0	0	487	509	0	
8	0	0	0	0	480	519	1	
9	0	0	0	0	473	523	1	
10	0	0	0	0	469	520	0	
11	0	0	0	0	465	513	0	
12	0	0	0	0	461	503	1	
13	0	0	0	0	458	495	0	
14	0	0	0	0	462	492	1	
15	0	0	0	0	471	492	0	
0	0	0	0	0	475	491	0	
1	0	0	0	0	480	486	0	
2	0	0	0	0	487	480	0	
3	0	0	0	0	492	474	0	
4	0	0	0	0	492	473	0	
5	0	0	0	0	495	469	0	
6	0	0	0	0	496	465	0	
7	0	0	0	0	495	460	0	
8	0	0	0	0	496	456	0	
9	0	0	0	0	499	455	0	
10	0	0	0	0	500	459	0	
11	0	0	0	0	497	464	0	
12	0	0	0	0	496	473	0	
13	0	0	0	0	495	482	0	
14	0	0	0	0	494	500	0	
15	0	0	0	0	492	527	0	
0	0	0	0	0	483	538	0	
1	0	0	0	0	479	534	0	
2	0	0	0	0	475	521	1	
3	0	0	0	0	472	512	0	
4	0	0	0	0	468	502	0	
5	0	0	0	0	467	497	0	
6	0	0	0	0	466	493	0	
7	0	0	0	0	466	491	0	
8	0	0	0	0	460	494	0	
9	0	0	0	0	454	495	0	
10	0	0	0	0	449	492	0	
11	0	0	0	0	443	493	0	
12	0	0	0	0	440	494	0	
13	0	0	0	0	431	490	0	
14	0	0	0	0	423	487	0	
15	0	0	0	0	417	485	0	
0	0	0	0	0	412	487	0	
1	0	0	0	0	412	494	1	
2	0	0	0	0	416	499	0	
3	0	0	0	0	416	496	0	
4	0	0	0	0	417	493	0	
5	0	0	0	0	419	491	0	
6	0	0	0	0	422	488	0	
7	0	0	0	0	423	487	0	
8	0	0	0	0	418	486	0	
9	0	0	0	0	414	492	0	
10	0	0	0	0	415	499	0	
11	0	0	0	0	421	505	0	
12	0	0	0	0	425	511	0	
13	0	0	0	0	425	512	0	
14	0	0	0	0	422	515	1	
15	0	0	0	0	417	522	0	
0	0	0	0	0	419	520	0	
1	0	0	0	0	423	515	0	
2	0	0	0	0	426	507	0	
3	0	0	0	0	424	503	0	
4	0	0	0	0	421	498	0	
5	0	0	0	0	419	492	0	
6	0	0	0	0	419	486	0	
7	0	0	0	0	418	478	0	
8	0	0	0	0	422	470	0	
9	0	0	0	0	425	464	0	
10	0	0	0	0	429	460	0	
11	0	0	0	0	430	455	0	
12	0	0	0	0	428	449	0	
13	0	0	0	0	424	448	0	
14	0	0	0	0	419	445	0	
15	0	0	0	0	415	446	0	
0	0	0	0	0	416	451	0	
1	0	0	0	0	415	455	0	
2	0	0	0	0	415	457	0	
3	0	0	0	0	414	454	0	
4	0	0	0	0	414	453	0	
5	0	0	0	0	413	448	0	
6	0	0	0	0	411	444	0	
7	0	0	0	0	415	441	0	
8	0	0	0	0	418	442	0	
9	0	0	0	0	423	448	0	
10	0	0	0	0	429	455	0	
11	0	0	0	0	433	459	0	
12	0	0	0	0	433	460	0	
13	0	0	0	0	433	457	0	
14	0	0	0	0	436	457	0	
15	0	0	0	0	440	460	0	
0	0	0	0	0	442	462	0	
1	0	0	0	0	447	464	0	
2	0	0	0	0	451	468	0	
3	0	0	0	0	459	480	0	
4	0	0	0	0	470	489	0	
5	0	0	0	0	478	497	0	
6	0	0	0	0	487	506	0	
7	0	0	0	0	492	514	0	
8	0	0	0	0	497	519	0	
9	0	0	0	0	500	527	0	
10	0	0	0	0	500	526	0	
11	0	0	0	0	505	527	0	
12	0	0	0	0	510	527	0	
13	0	0	0	0	509	528	0	
14	0	0	0	0	502	529	0	
15	0	0	0	0	495	524	0	
0	0	0	0	0	488	512	0	
1	0	0	0	0	482	498	0	
2	0	0	0	0	476	490	0	
3	0	0	0	0	470	487	0	
4	0	0	0	0	462	486	0	
5	0	0	0	0	456	492	0	
6	0	0	0	0	448	495	0	
7	0	0	0	0	443	495	0	
8	0	0	0	0	437	496	0	
9	0	0	0	0	427	496	0	
10	0	0	0	0	420	499	0	
11	0	0	0	0	414	496	1	
12	0	0	0	0	409	494	0	
13	0	0	0	0	407	493	0	
14	0	0	0	0	408	492	0	
15	0	0	0	0	411	497	0	
0	0	0	0	0	413	500	1	
1	0	0	0	0	416	506	0	
2	0	0	0	0	420	509	0	
3	0	0	0	0	416	504	0	
4	0	0	0	0	414	497	0	
5	0	0	0	0	412	492	0	
6	0	0	0	0	410	485	0	
7	0	0	0	0	415	479	0	
8	0	0	0	0	417	466	0	
9	0	0	0	0	423	457	0	
10	0	0	0	0	434	452	0	
11	0	0	0	0	446	453	0	
12	0	0	0	0	454	457	0	
13	0	0	0	0	456	462	0	
14	0	0	0	0	459	471	0	
15	0	0	0	0	459	480	0	
0	0	0	0	0	459	483	1	
1	0	0	0	0	457	480	0	
2	0	0	0	0	456	470	0	
3	0	0	0	0	453	461	0	
4	0	0	0	0	447	452	0	
5	0	0	0	0	438	451	0	
6	0	0	0	0	432	455	0	
7	0	0	0	0	428	464	0	
8	0	0	0	0	422	470	0	
9	0	0	0	0	416	471	0	
10	0	0	0	0	409	472	0	
11	0	0	0	0	403	476	0	
12	0	0	0	0	397	476	0	
13	0	0	0	0	395	483	0	
14	0	0	0	0	391	486	0	
15	0	0	0	0	395	484	0	
0	0	0	0	0	399	484	0	
1	0	0	0	0	400	484	0	
2	0	0	0	0	399	487	0	
3	0	0	0	0	399	491	0	
4	0	0	0	0	402	495	1	
5	0	0	0	0	407	499	0	
6	0	0	0	0	408	500	0	
7	0	0	0	0	412	499	0	
8	0	0	0	0	416	499	0	
9	0	0	0	0	419	501	0	
10	0	0	0	0	419	500	0	
11	0	0	0	0	417	498	0	
12	0	0	0	0	419	496	1	
13	0	0	0	0	419	497	0	
14	0	0	0	0	418	497	0	
15	0	0	0	0	409	496	0	
0	0	0	0	0	398	496	0	
1	0	0	0	0	385	504	0	
2	0	0	0	0	374	516	0	
3	0	0	0	0	366	519	0	
4	0	0	0	0	363	531	0	
5	0	0	0	0	361	545	1	
6	0	0	0	0	361	556	1	
7	0	0	0	0	359	568	1	
8	0	0	0	0	362	579	1	
9	0	0	0	0	367	579	1	
10	0	0	0	0	367	574	1	
11	0	0	0	0	368	568	1	
12	0	0	0	0	368	559	1	
13	0	0	0	0	373	556	1	
14	0	0	0	0	375	553	0	
15	0	0	0	0	371	548	1	
0	0	0	0	0	369	551	0	
1	0	0	0	0	373	554	1	
2	0	0	0	0	380	556	1	
3	0	0	0	0	389	547	0	
4	0	0	0	0	398	533	0	
5	0	0	0	0	401	520	0	
6	0	0	0	0	404	511	0	
7	0	0	0	0	405	504	0	
8	0	0	0	0	403	506	0	
9	0	0	0	0	402	508	0	
10	0	0	0	0	398	512	0	
11	0	0	0	0	395	515	1	
12	0	0	0	0	391	517	0	
13	0	0	0	0	385	515	0	
14	0	0	0	0	378	510	0	
15	0	0	0	0	375	509	0	
0	0	0	0	0	375	515	0	
1	0	0	0	0	377	524	0	
2	0	0	0	0	382	535	0	
3	0	0	0	0	389	540	0	
4	0	0	0	0	396	545	1	
5	0	0	0	0	401	545	1	
6	0	0	0	0	404	546	1	
7	0	0	0	0	404	543	0	
8	0	0	0	0	404	538	0	
9	0	0	0	0	408	532	0	
10	0	0	0	0	406	530	0	
11	0	0	0	0	402	530	0	
12	0	0	0	0	396	532	0	
13	0	0	0	0	389	533	0	
14	0	0	0	0	384	529	1	
15	0	0	0	0	386	533	0	
0	0	0	0	0	388	536	0	
1	0	0	0	0	389	547	1	
2	0	0	0	0	383	558	1	
3	0	0	0	0	382	566	1	
4	0	0	0	0	385	565	1	
5	0	0	0	0	393	556	1	
6	0	0	0	0	402	545	0	
7	0	0	0	0	408	536	0	
8	0	0	0	0	412	526	1	
9	0	0	0	0	418	524	0	
10	0	0	0	0	424	522	0	
11	0	0	0	0	424	517	0	
12	0	0	0	0	419	512	0	
13	0	0	0	0	415	509	0	
14	0	0	0	0	414	507	0	
15	0	0	0	0	417	505	0	
0	0	0	0	0	424	504	0	
1	0	0	0	0	429	500	0	
2	0	0	0	0	432	498	1	
3	0	0	0	0	432	496	0	
4	0	0	0	0	431	496	0	
5	0	0	0	0	430	497	0	
6	0	0	0	0	428	503	0	
7	0	0	0	0	430	510	0	
8	0	0	0	0	432	513	0	
9	0	0	0	0	435	510	0	
10	0	0	0	0	433	504	0	
11	0	0	0	0	433	501	0	
12	0	0	0	0	433	500	0	
13	0	0	0	0	431	505	0	
14	0	0	0	0	430	508	0	
15	0	0	0	0	430	511	0	
0	0	0	0	0	428	516	0	
1	0	0	0	0	424	519	0	
2	0	0	0	0	425	521	0	
3	0	0	0	0	429	526	0	
4	0	0	0	0	438	536	0	
5	0	0	0	0	446	546	1	
6	0	0	0	0	446	549	1	
7	0	0	0	0	451	551	0	
8	0	0	0	0	455	549	1	
9	0	0	0	0	454	549	0	
10	0	0	0	0	450	548	1	
11	0	0	0	0	452	552	1	
12	0	0	0	0	448	551	1	
13	0	0	0	0	445	551	1	
14	0	0	0	0	440	550	0	
15	0	0	0	0	437	553	1	
0	0	0	0	0	437	563	1	
1	0	0	0	0	440	572	1	
2	0	0	0	0	446	574	1	
3	0	0	0	0	452	568	0	
4	0	0	0	0	459	557	1	
5	0	0	0	0	468	547	1	
6	0	0	0	0	474	541	0	
7	0	0	0	0	476	538	0	
8	0	0	0	0	473	535	0	
9	0	0	0	0	468	532	0	
10	0	0	0	0	463	538	0	
11	0	0	0	0	454	543	0	
12	0	0	0	0	446	545	0	
13	0	0	0	0	438	548	0	
14	0	0	0	0	436	550	0	
15	0	0	0	0	433	548	0	
0	0	0	0	0	432	551	0	
1	0	0	0	0	436	556	1	
2	0	0	0	0	444	565	1	
3	0	0	0	0	456	569	0	
4	0	0	0	0	468	568	1	
5	0	0	0	0	471	568	1	
6	0	0	0	0	469	569	1	
7	0	0	0	0	463	569	1	
8	0	0	0	0	457	564	1	
9	0	0	0	0	449	561	1	
10	0	0	0	0	445	553	1	
11	0	0	0	0	444	543	1	
12	0	0	0	0	446	536	0	
13	0	0	0	0	450	532	0	
14	0	0	0	0	456	532	0	
15	0	0	0	0	457	539	0	
0	0	0	0	0	460	549	0	
1	0	0	0	0	462	560	1	
2	0	0	0	0	461	556	1	
3	0	0	0	0	462	551	1	
4	0	0	0	0	467	550	1	
5	0	0	0	0	469	553	1	
6	0	0	0	0	469	553	1	
7	0	0	0	0	470	551	1	
8	0	0	0	0	476	547	1	
9	0	0	0	0	479	544	1	
10	0	0	0	0	481	544	0	
11	0	0	0	0	483	548	0	
12	0	0	0	0	483	556	1	
13	0	0	0	0	480	562	1	
14	0	0	0	0	478	566	1	
15	0	0	0	0	481	568	1	
0	0	0	0	0	487	568	1	
1	0	0	0	0	495	563	1	
2	0	0	0	0	505	556	1	
3	0	0	0	0	508	543	0	
4	0	0	0	0	507	536	0	
5	0	0	0	0	503	532	0	
6	0	0	0	0	503	528	0	
7	0	0	0	0	507	529	1	
8	0	0	0	0	511	532	0	
9	0	0	0	0	512	539	1	
10	0	0	0	0	515	542	0	
11	0	0	0	0	518	543	0	
12	0	0	0	0	523	546	1	
13	0	0	0	0	531	547	1	
14	0	0	0	0	540	546	0	
15	0	0	0	0	550	545	1	
0	0	0	0	0	561	543	0	
1	0	0	0	0	568	539	0	
2	0	0	0	0	576	535	0	
3	0	0	0	0	586	530	0	
4	0	0	0	0	596	527	0	
5	0	0	0	0	598	523	0	
6	0	0	0	0	595	523	0	
7	0	0	0	0	591	524	0	
8	0	0	0	0	585	527	0	
9	0	0	0	0	584	532	0	
10	0	0	0	0	575	536	0	
11	0	0	0	0	565	540	0	
12	0	0	0	0	554	539	0	
13	0	0	0	0	543	537	1	
14	0	0	0	0	540	538	0	
15	0	0	0	0	542	539	0	
0	0	0	0	0	543	543	0	
1	0	0	0	0	543	546	0	
2	0	0	0	0	541	543	1	
3	0	0	0	0	547	538	0	
4	0	0	0	0	552	531	0	
5	0	0	0	0	557	527	0	
6	0	0	0	0	565	521	0	
7	0	0	0	0	574	515	0	
8	0	0	0	0	582	508	0	
9	0	0	0	0	587	504	0	
10	0	0	0	0	596	498	0	
11	0	0	0	0	599	489	1	
12	0	0	0	0	601	481	0	
13	0	0	0	0	604	471	0	
14	0	0	0	0	606	466	0	
15	0	0	0	0	604	462	0	
0	0	0	0	0	601	463	0	
1	0	0	0	0	595	463	0	
2	0	0	0	0	588	465	0	
3	0	0	0	0	586	465	0	
4	0	0	0	0	591	467	0	
5	0	0	0	0	590	468	0	
6	0	0	0	0	582	475	0	
7	0	0	0	0	573	481	0	
8	0	0	0	0	568	483	0	
9	0	0	0	0	568	487	1	
10	0	0	0	0	566	489	0	
11	0	0	0	0	565	495	0	
12	0	0	0	0	563	499	0	
13	0	0	0	0	563	499	0	
14	0	0	0	0	565	496	0	
15	0	0	0	0	563	492	0	
0	0	0	0	0	563	486	0	
1	0	0	0	0	567	476	0	
2	0	0	0	0	569	465	0	
3	0	0	0	0	571	466	0	
4	0	0	0	0	571	470	0	
5	0	0	0	0	572	469	0	
6	0	0	0	0	574	469	0	
7	0	0	0	0	577	470	0	
8	0	0	0	0	579	472	0	
9	0	0	0	0	584	473	0	
10	0	0	0	0	596	477	0	
11	0	0	0	0	607	477	0	
12	0	0	0	0	610	477	0	
13	0	0	0	0	615	480	0	
14	0	0	0	0	619	477	0	
15	0	0	0	0	615	468	0	
0	0	0	0	0	612	461	0	
1	0	0	0	0	606	457	0	
2	0	0	0	0	600	467	0	
3	0	0	0	0	594	483	0	
4	0	0	0	0	591	489	0	
5	0	0	0	0	590	480	0	
6	0	0	0	0	591	464	0	
7	0	0	0	0	593	452	0	
8	0	0	0	0	596	448	0	
9	0	0	0	0	600	442	0	
10	0	0	0	0	600	443	0	
11	0	0	0	0	600	445	0	
12	0	0	0	0	596	449	0	
13	0	0	0	0	589	451	0	
14	0	0	0	0	584	454	0	
15	0	0	0	0	583	462	0	
0	0	0	0	0	581	475	0	
1	0	0	0	0	579	488	0	
2	0	0	0	0	576	503	0	
3	0	0	0	0	579	513	0	
4	0	0	0	0	580	518	0	
5	0	0	0	0	578	515	0	
6	0	0	0	0	582	511	0	
7	0	0	0	0	592	503	0	
8	0	0	0	0	604	498	0	
9	0	0	0	0	614	493	0	
10	0	0	0	0	618	488	0	
11	0	0	0	0	622	487	0	
12	0	0	0	0	624	489	0	
13	0	0	0	0	629	489	0	
14	0	0	0	0	632	487	0	
15	0	0	0	0	633	480	0	
0	0	0	0	0	636	475	0	
1	0	0	0	0	642	469	0	
2	0	0	0	0	651	463	0	
3	0	0	0	0	653	463	0	
4	0	0	0	0	651	463	0	
5	0	0	0	0	651	463	0	
6	0	0	0	0	651	470	0	
7	0	0	0	0	655	470	0	
8	0	0	0	0	656	478	0	
9	0	0	0	0	655	483	0	
10	0	0	0	0	658	484	0	
11	0	0	0	0	661	487	0	
12	0	0	0	0	664	485	0	
13	0	0	0	0	673	478	0	
14	0	0	0	0	676	478	0	
15	0	0	0	0	673	476	0	
0	0	0	0	0	670	479	0	
1	0	0	0	0	664	480	0	
2	0	0	0	0	656	483	0	
3	0	0	0	0	653	487	0	
4	0	0	0	0	652	493	0	
5	0	0	0	0	649	491	0	
6	0	0	0	0	647	479	0	
7	0	0	0	0	647	471	0	
8	0	0	0	0	645	468	0	
9	0	0	0	0	649	470	0	
10	0	0	0	0	650	472	0	
11	0	0	0	0	648	475	0	
12	0	0	0	0	654	478	0	
13	0	0	0	0	661	478	0	
14	0	0	0	0	668	480	0	
15	0	0	0	0	673	486	0	
0	0	0	0	0	678	490	0	
1	0	0	0	0	680	495	0	
2	0	0	0	0	683	494	0	
3	0	0	0	0	683	488	0	
4	0	0	0	0	682	475	0	
5	0	0	0	0	684	465	0	
6	0	0	0	0	681	463	0	
7	0	0	0	0	675	460	0	
8	0	0	0	0	674	457	0	
9	0	0	0	0	678	457	0	
10	0	0	0	0	681	459	0	
11	0	0	0	0	682	466	0	
12	0	0	0	0	685	472	0	
13	0	0	0	0	686	471	0	
14	0	0	0	0	689	467	0	
15	0	0	0	0	694	465	0	
0	0	0	0	0	694	467	0	
1	0	0	0	0	692	462	0	
2	0	0	0	0	689	454	0	
3	0	0	0	0	688	449	0	
4	0	0	0	0	686	443	0	
5	0	0	0	0	684	436	0	
6	0	0	0	0	681	431	0	
7	0	0	0	0	680	426	0	
8	0	0	0	0	676	425	0	
9	0	0	0	0	668	429	0	
10	0	0	0	0	657	432	0	
11	0	0	0	0	648	438	0	
12	0	0	0	0	647	446	0	
13	0	0	0	0	646	457	0	
14	0	0	0	0	647	466	0	
15	0	0	0	0	651	473	0	
0	0	0	0	0	653	479	0	
1	0	0	0	0	657	483	0	
2	0	0	0	0	657	487	0	
3	0	0	0	0	652	491	0	
4	0	0	0	0	641	492	0	
5	0	0	0	0	628	492	0	
6	0	0	0	0	620	494	1	
7	0	0	0	0	611	493	0	
8	0	0	0	0	608	500	1	
9	0	0	0	0	611	507	0	
10	0	0	0	0	618	515	0	
11	0	0	0	0	624	525	0	
12	0	0	0	0	624	533	0	
13	0	0	0	0	624	536	0	
14	0	0	0	0	622	534	0	
15	0	0	0	0	617	527	0	
0	0	0	0	0	614	525	0	
1	0	0	0	0	615	524	0	
2	0	0	0	0	616	521	0	
3	0	0	0	0	613	519	0	
4	0	0	0	0	609	517	0	
5	0	0	0	0	603	515	0	
6	0	0	0	0	595	515	0	
7	0	0	0	0	594	510	0	
8	0	0	0	0	597	504	0	
9	0	0	0	0	601	504	0	
10	0	0	0	0	605	511	0	
11	0	0	0	0	612	519	0	
12	0	0	0	0	619	529	1	
13	0	0	0	0	619	536	0	
14	0	0	0	0	612	542	0	
15	0	0	0	0	604	546	0	
0	0	0	0	0	598	551	0	
1	0	0	0	0	595	547	1	
2	0	0	0	0	597	542	0	
3	0	0	0	0	600	534	0	
4	0	0	0	0	606	530	1	
5	0	0	0	0	612	529	0	
6	0	0	0	0	617	531	0	
7	0	0	0	0	619	529	0	
8	0	0	0	0	621	524	0	
9	0	0	0	0	625	520	0	
10	0	0	0	0	628	516	0	
11	0	0	0	0	630	509	0	
12	0	0	0	0	633	500	0	
13	0	0	0	0	629	495	0	
14	0	0	0	0	626	495	0	
15	0	0	0	0	624	495	0	
0	0	0	0	0	621	494	0	
1	0	0	0	0	618	490	0	
2	0	0	0	0	612	486	0	
3	0	0	0	0	615	483	0	
4	0	0	0	0	617	481	0	
5	0	0	0	0	620	480	0	
6	0	0	0	0	620	482	0	
7	0	0	0	0	619	481	0	
8	0	0	0	0	617	483	0	
9	0	0	0	0	615	483	0	
10	0	0	0	0	615	480	0	
11	0	0	0	0	614	478	0	
12	0	0	0	0	611	485	0	
13	0	0	0	0	615	497	0	
14	0	0	0	0	620	511	0	
15	0	0	0	0	621	523	0	
0	0	0	0	0	622	523	0	
1	0	0	0	0	619	507	0	
2	0	0	0	0	615	492	0	
3	0	0	0	0	609	479	0	
4	0	0	0	0	604	468	0	
5	0	0	0	0	599	455	0	
6	0	0	0	0	597	445	0	
7	0	0	0	0	600	441	0	
8	0	0	0	0	604	443	0	
9	0	0	0	0	608	449	0	
10	0	0	0	0	612	458	0	
11	0	0	0	0	613	470	0	
12	0	0	0	0	612	480	0	
13	0	0	0	0	604	489	0	
14	0	0	0	0	596	500	0	
15	0	0	0	0	586	499	0	
0	0	0	0	0	572	495	0	
1	0	0	0	0	562	491	0	
2	0	0	0	0	558	486	0	
3	0	0	0	0	558	481	0	
4	0	0	0	0	558	480	0	
5	0	0	0	0	557	485	0	
6	0	0	0	0	560	487	0	
7	0	0	0	0	562	492	0	
8	0	0	0	0	568	496	0	
9	0	0	0	0	575	496	0	
10	0	0	0	0	583	492	0	
11	0	0	0	0	590	494	0	
12	0	0	0	0	592	494	0	
13	0	0	0	0	591	495	0	
14	0	0	0	0	594	492	0	
15	0	0	0	0	595	486	0	
0	0	0	0	0	601	487	0	
1	0	0	0	0	607	489	0	
2	0	0	0	0	619	493	0	
3	0	0	0	0	628	495	0	
4	0	0	0	0	628	494	0	
5	0	0	0	0	631	497	0	
6	0	0	0	0	627	500	1	
7	0	0	0	0	622	507	0	
8	0	0	0	0	618	519	0	
9	0	0	0	0	608	532	0	
10	0	0	0	0	601	540	0	
11	0	0	0	0	595	539	0	
12	0	0	0	0	590	539	1	
13	0	0	0	0	583	540	0	
14	0	0	0	0	575	542	0	
15	0	0	0	0	568	544	0	
0	0	0	0	0	566	543	0	
1	0	0	0	0	565	542	1	
2	0	0	0	0	559	543	0	
3	0	0	0	0	553	541	0	
4	0	0	0	0	546	545	1	
5	0	0	0	0	545	547	1	
6	0	0	0	0	546	548	1	
7	0	0	0	0	546	540	0	
8	0	0	0	0	542	531	0	
9	0	0	0	0	543	526	0	
10	0	0	0	0	547	530	0	
11	0	0	0	0	551	530	1	
12	0	0	0	0	555	535	0	
13	0	0	0	0	559	541	0	
14	0	0	0	0	563	545	1	
15	0	0	0	0	563	547	0	
0	0	0	0	0	565	549	1	
1	0	0	0	0	568	551	1	
2	0	0	0	0	569	552	0	
3	0	0	0	0	573	551	1	
4	0	0	0	0	574	540	0	
5	0	0	0	0	579	532	1	
6	0	0	0	0	585	523	0	
7	0	0	0	0	587	515	0	
8	0	0	0	0	593	511	0	
9	0	0	0	0	598	506	0	
10	0	0	0	0	597	508	1	
11	0	0	0	0	597	511	0	
12	0	0	0	0	600	511	0	
13	0	0	0	0	607	515	0	
14	0	0	0	0	611	516	0	
15	0	0	0	0	615	513	1	
0	0	0	0	0	615	512	0	
1	0	0	0	0	609	512	0	
2	0	0	0	0	605	517	0	
3	0	0	0	0	599	525	0	
4	0	0	0	0	591	536	0	
5	0	0	0	0	581	542	1	
6	0	0	0	0	572	544	1	
7	0	0	0	0	568	545	0	
8	0	0	0	0	565	540	0	
9	0	0	0	0	568	534	1	
10	0	0	0	0	584	529	0	
11	0	0	0	0	597	525	0	
12	0	0	0	0	601	524	0	
13	0	0	0	0	590	522	0	
14	0	0	0	0	575	518	0	
15	0	0	0	0	566	513	0	
0	0	0	0	0	559	508	0	
1	0	0	0	0	558	502	1	
2	0	0	0	0	555	497	0	
3	0	0	0	0	552	495	0	
4	0	0	0	0	552	490	0	
5	0	0	0	0	551	486	0	
6	0	0	0	0	547	487	0	
7	0	0	0	0	544	493	0	
8	0	0	0	0	545	502	0	
9	0	0	0	0	551	510	0	
10	0	0	0	0	558	511	0	
11	0	0	0	0	560	508	0	
12	0	0	0	0	562	512	0	
13	0	0	0	0	562	516	0	
14	0	0	0	0	561	519	0	
15	0	0	0	0	559	520	0	
0	0	0	0	0	563	520	0	
1	0	0	0	0	566	520	1	
2	0	0	0	0	571	518	0	
3	0	0	0	0	574	516	0	
4	0	0	0	0	575	514	0	
5	0	0	0	0	585	518	0	
6	0	0	0	0	591	525	0	
7	0	0	0	0	594	535	0	
8	0	0	0	0	598	547	0	
9	0	0	0	0	598	557	1	
10	0	0	0	0	596	560	1	
11	0	0	0	0	592	557	0	
12	0	0	0	0	593	550	1	
13	0	0	0	0	592	544	1	
14	0	0	0	0	590	539	0	
15	0	0	0	0	588	533	0	
0	0	0	0	0	585	527	0	
1	0	0	0	0	586	525	0	
2	0	0	0	0	587	527	0	
3	0	0	0	0	589	528	0	
4	0	0	0	0	591	528	1	
5	0	0	0	0	593	530	0	
6	0	0	0	0	595	532	0	
7	0	0	0	0	597	530	0	
8	0	0	0	0	595	525	0	
9	0	0	0	0	596	524	0	
10	0	0	0	0	592	526	0	
11	0	0	0	0	583	527	0	
12	0	0	0	0	574	531	0	
13	0	0	0	0	569	529	0	
14	0	0	0	0	567	524	1	
15	0	0	0	0	562	513	0	
0	0	0	0	0	555	508	0	
1	0	0	0	0	550	509	0	
2	0	0	0	0	545	511	0	
3	0	0	0	0	544	512	0	
4	0	0	0	0	545	516	0	
5	0	0	0	0	545	523	0	
6	0	0	0	0	547	527	0	
7	0	0	0	0	549	531	0	
8	0	0	0	0	552	539	0	
9	0	0	0	0	554	546	0	
10	0	0	0	0	555	551	0	
11	0	0	0	0	561	544	0	
12	0	0	0	0	565	535	0	
13	0	0	0	0	576	532	0	
14	0	0	0	0	583	529	0	
15	0	0	0	0	591	526	0	
0	0	0	0	0	600	521	0	
1	0	0	0	0	603	520	1	
2	0	0	0	0	609	515	0	
3	0	0	0	0	611	502	0	
4	0	0	0	0	607	492	0	
5	0	0	0	0	599	486	0	
6	0	0	0	0	590	478	0	
7	0	0	0	0	589	475	0	
8	0	0	0	0	590	473	0	
9	0	0	0	0	588	478	0	
10	0	0	0	0	587	480	0	
11	0	0	0	0	589	481	0	
12	0	0	0	0	597	483	0	
13	0	0	0	0	601	480	0	
14	0	0	0	0	600	475	0	
15	0	0	0	0	597	473	0	
0	0	0	0	0	591	472	0	
1	0	0	0	0	588	476	0	
2	0	0	0	0	583	478	0	
3	0	0	0	0	580	481	0	
4	0	0	0	0	580	485	0	
5	0	0	0	0	583	487	0	
6	0	0	0	0	581	490	0	
7	0	0	0	0	577	489	0	
8	0	0	0	0	575	485	0	
9	0	0	0	0	574	484	0	
10	0	0	0	0	573	485	0	
11	0	0	0	0	574	485	0	
12	0	0	0	0	575	487	0	
13	0	0	0	0	575	487	0	
14	0	0	0	0	574	486	0	
15	0	0	0	0	572	483	0	
0	0	0	0	0	566	477	0	
1	0	0	0	0	551	469	0	
2	0	0	0	0	542	460	0	
3	0	0	0	0	537	460	0	
4	0	0	0	0	530	461	0	
5	0	0	0	0	528	472	0	
6	0	0	0	0	529	481	0	
7	0	0	0	0	527	485	0	
8	0	0	0	0	524	483	0	
9	0	0	0	0	518	480	0	
10	0	0	0	0	513	483	0	
11	0	0	0	0	509	484	0	
12	0	0	0	0	504	486	0	
13	0	0	0	0	501	484	0	
14	0	0	0	0	499	476	0	
15	0	0	0	0	500	475	0	
0	0	0	0	0	497	471	0	
1	0	0	0	0	494	469	0	
2	0	0	0	0	494	468	0	
3	0	0	0	0	492	467	0	
4	0	0	0	0	490	469	0	
5	0	0	0	0	492	471	0	
6	0	0	0	0	493	474	0	
7	0	0	0	0	492	476	0	
8	0	0	0	0	494	481	0	
9	0	0	0	0	493	487	0	
10	0	0	0	0	495	491	0	
11	0	0	0	0	500	492	0	
12	0	0	0	0	503	492	0	
13	0	0	0	0	506	492	0	
14	0	0	0	0	511	492	0	
15	0	0	0	0	521	496	0	
0	0	0	0	0	535	498	0	
1	0	0	0	0	543	500	0	
2	0	0	0	0	545	503	0	
3	0	0	0	0	547	507	0	
4	0	0	0	0	548	510	0	
5	0	0	0	0	547	514	0	
6	0	0	0	0	544	514	0	
7	0	0	0	0	546	518	0	
8	0	0	0	0	547	523	0	
9	0	0	0	0	547	530	0	
10	0	0	0	0	544	532	0	
11	0	0	0	0	537	529	0	
12	0	0	0	0	528	532	0	
13	0	0	0	0	517	532	0	
14	0	0	0	0	501	537	0	
15	0	0	0	0	490	542	0	
0	0	0	0	0	487	548	0	
1	0	0	0	0	487	543	1	
2	0	0	0	0	491	536	0	
3	0	0	0	0	495	530	0	
4	0	0	0	0	502	523	0	
5	0	0	0	0	507	516	0	
6	0	0	0	0	508	511	0	
7	0	0	0	0	509	505	0	
8	0	0	0	0	510	501	0	
9	0	0	0	0	512	502	0	
10	0	0	0	0	517	506	0	
11	0	0	0	0	520	512	0	
12	0	0	0	0	522	513	0	
13	0	0	0	0	528	504	0	
14	0	0	0	0	534	484	0	
15	0	0	0	0	539	468	0	
0	0	0	0	0	543	456	0	
1	0	0	0	0	553	447	0	
2	0	0	0	0	562	436	0	
3	0	0	0	0	568	427	0	
4	0	0	0	0	572	419	0	
5	0	0	0	0	574	418	0	
6	0	0	0	0	568	423	0	
7	0	0	0	0	561	438	0	
8	0	0	0	0	553	449	0	
9	0	0	0	0	544	459	0	
10	0	0	0	0	537	465	0	
11	0	0	0	0	535	471	0	
12	0	0	0	0	530	474	0	
13	0	0	0	0	528	480	0	
14	0	0	0	0	526	485	0	
15	0	0	0	0	526	492	0	
0	0	0	0	0	523	496	0	
1	0	0	0	0	522	502	0	
2	0	0	0	0	525	508	0	
3	0	0	0	0	529	513	0	
4	0	0	0	0	538	517	0	
5	0	0	0	0	543	521	0	
6	0	0	0	0	546	527	0	
7	0	0	0	0	546	527	0	
8	0	0	0	0	543	524	0	
9	0	0	0	0	546	523	0	
10	0	0	0	0	550	522	0	
11	0	0	0	0	550	520	0	
12	0	0	0	0	549	517	1	
13	0	0	0	0	551	516	0	
14	0	0	0	0	554	517	0	
15	0	0	0	0	560	513	0	
0	0	0	0	0	564	512	0	
1	0	0	0	0	566	503	1	
2	0	0	0	0	566	492	0	
3	0	0	0	0	566	482	0	
4	0	0	0	0	569	472	0	
5	0	0	0	0	568	468	0	
6	0	0	0	0	563	467	0	
7	0	0	0	0	560	472	0	
8	0	0	0	0	558	482	0	
9	0	0	0	0	557	494	0	
10	0	0	0	0	554	504	0	
11	0	0	0	0	550	516	0	
12	0	0	0	0	547	521	0	
13	0	0	0	0	539	519	0	
14	0	0	0	0	530	516	1	
15	0	0	0	0	522	508	0	
0	0	0	0	0	517	499	0	
1	0	0	0	0	513	496	0	
2	0	0	0	0	511	504	0	
3	0	0	0	0	505	514	0	
4	0	0	0	0	500	515	0	
5	0	0	0	0	498	511	0	
6	0	0	0	0	492	505	0	
7	0	0	0	0	488	501	0	
8	0	0	0	0	487	499	0	
9	0	0	0	0	490	505	0	
10	0	0	0	0	494	511	0	
11	0	0	0	0	499	515	0	
12	0	0	0	0	504	524	0	
13	0	0	0	0	503	526	0	
14	0	0	0	0	504	533	0	
15	0	0	0	0	508	542	1	
0	0	0	0	0	509	545	0	
1	0	0	0	0	511	547	1	
2	0	0	0	0	516	548	0	
3	0	0	0	0	523	545	0	
4	0	0	0	0	533	542	1	
5	0	0	0	0	537	539	0	
6	0	0	0	0	534	540	0	
7	0	0	0	0	528	543	0	
8	0	0	0	0	524	534	0	
9	0	0	0	0	527	519	0	
10	0	0	0	0	532	508	0	
11	0	0	0	0	540	499	0	
12	0	0	0	0	547	492	1	
13	0	0	0	0	551	492	0	
14	0	0	0	0	552	495	0	
15	0	0	0	0	553	502	0	
0	0	0	0	0	548	511	0	
1	0	0	0	0	547	520	0	
2	0	0	0	0	547	520	0	
3	0	0	0	0	545	521	0	
4	0	0	0	0	544	522	0	
5	0	0	0	0	543	526	0	
6	0	0	0	0	537	531	0	
7	0	0	0	0	535	537	0	
8	0	0	0	0	528	543	0	
9	0	0	0	0	511	545	1	
10	0	0	0	0	500	545	0	
11	0	0	0	0	495	543	0	
12	0	0	0	0	492	540	0	
13	0	0	0	0	490	532	0	
14	0	0	0	0	485	525	0	
15	0	0	0	0	484	522	0	
0	0	0	0	0	483	520	0	
1	0	0	0	0	485	522	0	
2	0	0	0	0	491	523	0	
3	0	0	0	0	497	521	0	
4	0	0	0	0	502	516	0	
5	0	0	0	0	503	513	1	
6	0	0	0	0	498	513	0	
7	0	0	0	0	498	513	0	
8	0	0	0	0	500	515	0	
9	0	0	0	0	506	519	0	
10	0	0	0	0	510	519	0	
11	0	0	0	0	516	507	0	
12	0	0	0	0	523	494	0	
13	0	0	0	0	527	486	0	
14	0	0	0	0	525	479	0	
15	0	0	0	0	523	475	0	
0	0	0	0	0	527	473	0	
1	0	0	0	0	536	476	0	
2	0	0	0	0	542	475	0	
3	0	0	0	0	547	477	0	
4	0	0	0	0	550	494	0	
5	0	0	0	0	548	513	0	
6	0	0	0	0	548	519	0	
7	0	0	0	0	545	519	0	
8	0	0	0	0	541	521	0	
9	0	0	0	0	539	521	1	
10	0	0	0	0	536	523	0	
11	0	0	0	0	533	526	0	
12	0	0	0	0	529	528	0	
13	0	0	0	0	528	529	0	
14	0	0	0	0	534	531	0	
15	0	0	0	0	540	532	0	
0	0	0	0	0	541	533	0	
1	0	0	0	0	543	534	0	
2	0	0	0	0	547	533	0	
3	0	0	0	0	546	529	0	
4	0	0	0	0	548	530	0	
5	0	0	0	0	550	530	0	
6	0	0	0	0	551	527	0	
7	0	0	0	0	555	527	0	
8	0	0	0	0	555	527	0	
9	0	0	0	0	555	526	0	
10	0	0	0	0	555	523	0	
11	0	0	0	0	547	520	0	
12	0	0	0	0	534	524	0	
13	0	0	0	0	522	526	0	
14	0	0	0	0	517	527	0	
15	0	0	0	0	520	525	1	
0	0	0	0	0	523	523	0	
1	0	0	0	0	520	521	0	
2	0	0	0	0	515	519	0	
3	0	0	0	0	507	518	0	
4	0	0	0	0	504	527	1	
5	0	0	0	0	503	538	0	
6	0	0	0	0	498	547	1	
7	0	0	0	0	492	556	1	
8	0	0	0	0	485	555	1	
9	0	0	0	0	485	552	1	
10	0	0	0	0	486	551	0	
11	0	0	0	0	489	556	1	
12	0	0	0	0	497	566	1	
13	0	0	0	0	504	568	0	
14	0	0	0	0	512	551	0	
15	0	0	0	0	527	530	0	
0	0	0	0	0	541	514	0	
1	0	0	0	0	553	507	0	
2	0	0	0	0	565	506	0	
3	0	0	0	0	568	505	0	
4	0	0	0	0	569	503	0	
5	0	0	0	0	572	500	0	
6	0	0	0	0	579	495	0	
7	0	0	0	0	581	491	0	
8	0	0	0	0	585	484	0	
9	0	0	0	0	590	476	0	
10	0	0	0	0	595	473	0	
11	0	0	0	0	603	472	0	
12	0	0	0	0	612	467	0	
13	0	0	0	0	622	465	0	
14	0	0	0	0	628	455	0	
15	0	0	0	0	629	447	0	
0	0	0	0	0	628	447	0	
1	0	0	0	0	628	446	0	
2	0	0	0	0	621	451	0	
3	0	0	0	0	617	458	0	
4	0	0	0	0	611	466	0	
5	0	0	0	0	600	477	0	
6	0	0	0	0	595	483	0	
7	0	0	0	0	591	493	0	
8	0	0	0	0	583	508	0	
9	0	0	0	0	578	519	0	
10	0	0	0	0	578	529	1	
11	0	0	0	0	577	531	0	
12	0	0	0	0	574	529	1	
13	0	0	0	0	564	526	0	
14	0	0	0	0	548	520	0	
15	0	0	0	0	535	513	0	
0	0	0	0	0	520	504	0	
1	0	0	0	0	511	496	0	
2	0	0	0	0	505	489	0	
3	0	0	0	0	500	490	0	
4	0	0	0	0	496	496	0	
5	0	0	0	0	488	501	0	
6	0	0	0	0	480	501	0	
7	0	0	0	0	478	497	0	
8	0	0	0	0	479	494	0	
9	0	0	0	0	476	494	0	
10	0	0	0	0	466	495	0	
11	0	0	0	0	457	497	0	
12	0	0	0	0	450	500	0	
13	0	0	0	0	444	505	0	
14	0	0	0	0	442	509	0	
15	0	0	0	0	440	512	0	
0	0	0	0	0	438	522	0	
1	0	0	0	0	434	532	0	
2	0	0	0	0	425	535	0	
3	0	0	0	0	425	529	0	
4	0	0	0	0	428	519	0	
5	0	0	0	0	430	510	0	
6	0	0	0	0	431	506	0	
7	0	0	0	0	434	497	0	
8	0	0	0	0	441	491	0	
9	0	0	0	0	446	486	0	
10	0	0	0	0	449	488	0	
11	0	0	0	0	453	493	0	
12	0	0	0	0	451	496	0	
13	0	0	0	0	452	499	0	
14	0	0	0	0	454	506	0	
15	0	0	0	0	452	518	0	
0	0	0	0	0	454	531	0	
1	0	0	0	0	460	538	0	
2	0	0	0	0	470	549	1	
3	0	0	0	0	480	555	1	
4	0	0	0	0	491	548	0	
5	0	0	0	0	500	535	0	
6	0	0	0	0	507	519	0	
7	0	0	0	0	513	504	0	
8	0	0	0	0	523	491	0	
9	0	0	0	0	531	476	0	
10	0	0	0	0	533	466	0	
11	0	0	0	0	529	459	0	
12	0	0	0	0	521	458	0	
13	0	0	0	0	515	465	0	
14	0	0	0	0	511	487	0	
15	0	0	0	0	515	514	0	
0	0	0	0	0	517	535	0	
1	0	0	0	0	520	553	1	
2	0	0	0	0	514	565	1	
3	0	0	0	0	506	569	1	
4	0	0	0	0	495	566	1	
5	0	0	0	0	483	559	1	
6	0	0	0	0	476	550	0	
7	0	0	0	0	475	541	0	
8	0	0	0	0	470	531	0	
9	0	0	0	0	463	523	0	
10	0	0	0	0	461	515	0	
11	0	0	0	0	465	508	0	
12	0	0	0	0	468	500	0	
13	0	0	0	0	478	492	0	
14	0	0	0	0	487	483	0	
15	0	0	0	0	487	479	0	
0	0	0	0	0	479	480	0	
1	0	0	0	0	470	483	0	
2	0	0	0	0	463	489	0	
3	0	0	0	0	456	497	0	
4	0	0	0	0	452	512	0	
5	0	0	0	0	445	525	0	
6	0	0	0	0	439	543	0	
7	0	0	0	0	436	552	0	
8	0	0	0	0	434	551	1	
9	0	0	0	0	438	553	1	
10	0	0	0	0	441	547	0	
11	0	0	0	0	442	541	0	
12	0	0	0	0	438	538	0	
13	0	0	0	0	432	534	0	
14	0	0	0	0	432	536	0	
15	0	0	0	0	435	534	0	
0	0	0	0	0	439	534	0	
1	0	0	0	0	445	532	0	
2	0	0	0	0	447	531	0	
3	0	0	0	0	445	531	0	
4	0	0	0	0	445	533	0	
5	0	0	0	0	447	532	0	
6	0	0	0	0	451	528	1	
7	0	0	0	0	455	525	0	
8	0	0	0	0	457	523	0	
9	0	0	0	0	463	523	0	
10	0	0	0	0	470	521	0	
11	0	0	0	0	484	520	0	
12	0	0	0	0	495	529	0	
13	0	0	0	0	508	531	0	
14	0	0	0	0	525	530	0	
15	0	0	0	0	538	526	0	
0	0	0	0	0	547	523	0	
1	0	0	0	0	551	517	0	
2	0	0	0	0	551	508	0	
3	0	0	0	0	556	495	0	
4	0	0	0	0	561	476	0	
5	0	0	0	0	563	464	0	
6	0	0	0	0	557	458	0	
7	0	0	0	0	545	456	0	
8	0	0	0	0	536	454	0	
9	0	0	0	0	529	455	0	
10	0	0	0	0	526	461	0	
11	0	0	0	0	520	469	0	
12	0	0	0	0	512	477	0	
13	0	0	0	0	512	481	0	
14	0	0	0	0	508	491	0	
15	0	0	0	0	503	499	0	
0	0	0	0	0	498	509	0	
1	0	0	0	0	491	518	1	
2	0	0	0	0	483	526	0	
3	0	0	0	0	478	532	0	
4	0	0	0	0	477	540	1	
5	0	0	0	0	472	549	1	
6	0	0	0	0	468	554	1	
7	0	0	0	0	464	556	1	
8	0	0	0	0	466	560	1	
9	0	0	0	0	473	559	1	
10	0	0	0	0	473	562	1	
11	0	0	0	0	469	569	1	
12	0	0	0	0	462	577	1	
13	0	0	0	0	457	579	1	
14	0	0	0	0	456	580	1	
15	0	0	0	0	458	586	1	
0	0	0	0	0	462	590	1	
1	0	0	0	0	471	584	1	
2	0	0	0	0	477	570	1	
3	0	0	0	0	480	545	0	
4	0	0	0	0	481	524	0	
5	0	0	0	0	479	498	0	
6	0	0	0	0	484	482	0	
7	0	0	0	0	487	470	0	
8	0	0	0	0	487	461	0	
9	0	0	0	0	488	456	0	
10	0	0	0	0	492	452	0	
11	0	0	0	0	497	452	0	
12	0	0	0	0	504	452	0	
13	0	0	0	0	510	455	0	
14	0	0	0	0	514	456	0	
15	0	0	0	0	518	457	0	
0	0	0	0	0	524	461	0	
1	0	0	0	0	527	463	0	
2	0	0	0	0	531	468	0	
3	0	0	0	0	532	473	0	
4	0	0	0	0	528	479	0	
5	0	0	0	0	523	484	0	
6	0	0	0	0	519	498	0	
7	0	0	0	0	519	510	0	
8	0	0	0	0	518	522	0	
9	0	0	0	0	516	528	0	
10	0	0	0	0	520	536	0	
11	0	0	0	0	519	546	1	
12	0	0	0	0	516	552	1	
13	0	0	0	0	511	553	1	
14	0	0	0	0	508	548	1	
15	0	0	0	0	512	543	0	
0	0	0	0	0	515	533	1	
1	0	0	0	0	519	526	1	
2	0	0	0	0	526	528	0	
3	0	0	0	0	528	530	0	
4	0	0	0	0	535	532	0	
5	0	0	0	0	540	533	0	
6	0	0	0	0	542	533	1	
7	0	0	0	0	541	537	0	
8	0	0	0	0	542	544	0	
9	0	0	0	0	544	545	1	
10	0	0	0	0	543	542	1	
11	0	0	0	0	539	545	1	
12	0	0	0	0	534	550	0	
13	0	0	0	0	528	559	1	
14	0	0	0	0	525	569	1	
15	0	0	0	0	520	567	1	
0	0	0	0	0	520	558	1	
1	0	0	0	0	519	550	1	
2	0	0	0	0	516	542	0	
3	0	0	0	0	513	537	0	
4	0	0	0	0	510	534	0	
5	0	0	0	0	506	537	1	
6	0	0	0	0	502	541	0	
7	0	0	0	0	501	544	0	
8	0	0	0	0	495	544	0	
9	0	0	0	0	489	542	1	
10	0	0	0	0	487	533	1	
11	0	0	0	0	489	526	0	
12	0	0	0	0	492	521	0	
13	0	0	0	0	496	518	1	
14	0	0	0	0	497	515	0	
15	0	0	0	0	500	514	0	
0	0	0	0	0	504	515	0	
1	0	0	0	0	505	521	0	
2	0	0	0	0	503	524	0	
3	0	0	0	0	502	525	0	
4	0	0	0	0	498	525	0	
5	0	0	0	0	497	525	0	
6	0	0	0	0	497	523	0	
7	0	0	0	0	494	512	0	
8	0	0	0	0	492	504	0	
9	0	0	0	0	496	491	0	
10	0	0	0	0	505	481	0	
11	0	0	0	0	514	472	0	
12	0	0	0	0	523	475	0	
13	0	0	0	0	526	476	0	
14	0	0	0	0	531	477	0	
15	0	0	0	0	537	475	0	
0	0	0	0	0	547	471	0	
1	0	0	0	0	559	469	0	
2	0	0	0	0	568	468	0	
3	0	0	0	0	575	465	0	
4	0	0	0	0	577	463	0	
5	0	0	0	0	576	459	0	
6	0	0	0	0	572	461	0	
7	0	0	0	0	564	471	0	
8	0	0	0	0	557	479	0	
9	0	0	0	0	545	474	0	
10	0	0	0	0	532	473	0	
11	0	0	0	0	519	474	0	
12	0	0	0	0	506	476	0	
13	0	0	0	0	499	470	0	
14	0	0	0	0	492	467	0	
15	0	0	0	0	487	467	0	
0	0	0	0	0	486	475	0	
1	0	0	0	0	485	481	0	
2	0	0	0	0	487	492	0	
3	0	0	0	0	491	502	0	
4	0	0	0	0	495	510	0	
5	0	0	0	0	492	516	0	
6	0	0	0	0	493	519	0	
7	0	0	0	0	491	524	0	
8	0	0	0	0	491	524	0	
9	0	0	0	0	489	523	0	
10	0	0	0	0	489	522	0	
11	0	0	0	0	491	520	0	
12	0	0	0	0	491	515	0	
13	0	0	0	0	495	511	0	
14	0	0	0	0	497	505	0	
15	0	0	0	0	498	497	0	
0	0	0	0	0	496	484	0	
1	0	0	0	0	489	474	0	
2	0	0	0	0	484	468	0	
3	0	0	0	0	481	464	0	
4	0	0	0	0	479	463	0	
5	0	0	0	0	476	466	0	
6	0	0	0	0	475	471	0	
7	0	0	0	0	472	475	0	
8	0	0	0	0	468	477	0	
9	0	0	0	0	463	479	0	
10	0	0	0	0	463	474	0	
11	0	0	0	0	466	466	0	
12	0	0	0	0	466	461	0	
13	0	0	0	0	465	458	0	
14	0	0	0	0	466	456	0	
15	0	0	0	0	464	456	0	
0	0	0	0	0	462	450	0	
1	0	0	0	0	466	436	0	
2	0	0	0	0	466	429	0	
3	0	0	0	0	466	429	0	
4	0	0	0	0	468	427	0	
5	0	0	0	0	471	429	0	
6	0	0	0	0	482	435	0	
7	0	0	0	0	490	443	0	
8	0	0	0	0	497	449	0	
9	0	0	0	0	503	455	0	
10	0	0	0	0	506	461	0	
11	0	0	0	0	502	462	0	
12	0	0	0	0	493	463	0	
13	0	0	0	0	487	467	0	
14	0	0	0	0	486	470	0	
15	0	0	0	0	490	477	0	
0	0	0	0	0	498	485	0	
1	0	0	0	0	504	490	0	
2	0	0	0	0	512	500	0	
3	0	0	0	0	522	509	0	
4	0	0	0	0	532	511	0	
5	0	0	0	0	536	507	0	
6	0	0	0	0	535	502	0	
7	0	0	0	0	526	496	0	
8	0	0	0	0	518	492	0	
9	0	0	0	0	515	486	0	
10	0	0	0	0	508	480	0	
11	0	0	0	0	499	476	0	
12	0	0	0	0	487	474	0	
13	0	0	0	0	480	479	0	
14	0	0	0	0	476	488	0	
15	0	0	0	0	474	492	0	
0	0	0	0	0	477	495	1	
1	0	0	0	0	480	492	0	
2	0	0	0	0	484	488	0	
3	0	0	0	0	495	479	0	
4	0	0	0	0	504	464	0	
5	0	0	0	0	512	457	0	
6	0	0	0	0	515	452	0	
7	0	0	0	0	519	454	0	
8	0	0	0	0	520	463	0	
9	0	0	0	0	521	469	0	
10	0	0	0	0	520	476	0	
11	0	0	0	0	515	483	0	
12	0	0	0	0	505	490	0	
13	0	0	0	0	492	500	0	
14	0	0	0	0	479	512	0	
15	0	0	0	0	473	520	0	
0	0	0	0	0	468	526	0	
1	0	0	0	0	468	531	0	
2	0	0	0	0	468	531	1	
3	0	0	0	0	471	535	0	
4	0	0	0	0	475	536	0	
5	0	0	0	0	477	533	0	
6	0	0	0	0	473	529	0	
7	0	0	0	0	465	528	0	
8	0	0	0	0	455	527	0	
9	0	0	0	0	449	526	0	
10	0	0	0	0	443	530	0	
11	0	0	0	0	445	526	0	
12	0	0	0	0	451	522	0	
13	0	0	0	0	455	518	0	
14	0	0	0	0	457	511	0	
15	0	0	0	0	459	507	0	
0	0	0	0	0	462	502	0	
1	0	0	0	0	464	509	0	
2	0	0	0	0	466	518	0	
3	0	0	0	0	463	528	0	
4	0	0	0	0	462	534	0	
5	0	0	0	0	462	526	0	
6	0	0	0	0	462	523	0	
7	0	0	0	0	464	520	0	
8	0	0	0	0	465	519	0	
9	0	0	0	0	466	521	0	
10	0	0	0	0	468	522	0	
11	0	0	0	0	470	523	0	
12	0	0	0	0	468	523	0	
13	0	0	0	0	466	521	0	
14	0	0	0	0	472	525	1	
15	0	0	0	0	475	528	0	
0	0	0	0	0	477	525	0	
1	0	0	0	0	483	518	0	
2	0	0	0	0	486	508	0	
3	0	0	0	0	495	506	0	
4	0	0	0	0	498	509	0	
5	0	0	0	0	498	510	0	
6	0	0	0	0	502	511	0	
7	0	0	0	0	503	510	1	
8	0	0	0	0	502	510	0	
9	0	0	0	0	498	508	0	
10	0	0	0	0	496	511	0	
11	0	0	0	0	495	509	0	
12	0	0	0	0	492	510	0	
13	0	0	0	0	492	511	0	
14	0	0	0	0	488	514	0	
15	0	0	0	0	482	519	0	
0	0	0	0	0	478	525	0	
1	0	0	0	0	475	528	0	
2	0	0	0	0	473	535	0	
3	0	0	0	0	469	540	0	
4	0	0	0	0	468	547	0	
5	0	0	0	0	467	552	1	
6	0	0	0	0	469	552	1	
7	0	0	0	0	471	550	1	
8	0	0	0	0	477	546	0	
9	0	0	0	0	481	540	1	
10	0	0	0	0	484	539	0	
11	0	0	0	0	486	537	0	
12	0	0	0	0	487	540	1	
13	0	0	0	0	483	549	1	
14	0	0	0	0	484	561	1	
15	0	0	0	0	483	573	1	
0	0	0	0	0	481	575	1	
1	0	0	0	0	475	576	1	
2	0	0	0	0	463	577	1	
3	0	0	0	0	449	575	0	
4	0	0	0	0	432	571	1	
5	0	0	0	0	416	567	1	
6	0	0	0	0	403	563	1	
7	0	0	0	0	400	560	1	
8	0	0	0	0	403	555	1	
9	0	0	0	0	404	552	1	
10	0	0	0	0	411	549	1	
11	0	0	0	0	418	537	0	
12	0	0	0	0	427	527	0	
13	0	0	0	0	435	522	0	
14	0	0	0	0	443	517	0	
15	0	0	0	0	447	511	0	
0	0	0	0	0	451	503	0	
1	0	0	0	0	456	499	0	
2	0	0	0	0	461	499	0	
3	0	0	0	0	463	499	0	
4	0	0	0	0	466	497	0	
5	0	0	0	0	468	497	1	
6	0	0	0	0	472	503	0	
7	0	0	0	0	478	508	0	
8	0	0	0	0	480	512	0	
9	0	0	0	0	478	515	0	
10	0	0	0	0	474	516	0	
11	0	0	0	0	472	519	0	
12	0	0	0	0	475	516	0	
13	0	0	0	0	477	515	0	
14	0	0	0	0	472	513	0	
15	0	0	0	0	467	513	1	
0	0	0	0	0	467	513	0	
1	0	0	0	0	465	515	0	
2	0	0	0	0	459	521	0	
3	0	0	0	0	449	526	0	
4	0	0	0	0	441	528	0	
5	0	0	0	0	438	537	0	
6	0	0	0	0	440	545	0	
7	0	0	0	0	444	544	0	
8	0	0	0	0	452	543	0	
9	0	0	0	0	460	540	0	
10	0	0	0	0	471	536	0	
11	0	0	0	0	480	531	1	
12	0	0	0	0	489	524	0	
13	0	0	0	0	498	511	0	
14	0	0	0	0	509	503	0	
15	0	0	0	0	523	499	0	
0	0	0	0	0	530	500	0	
1	0	0	0	0	532	508	0	
2	0	0	0	0	535	516	0	
3	0	0	0	0	536	525	1	
4	0	0	0	0	534	525	0	
5	0	0	0	0	523	529	0	
6	0	0	0	0	508	536	0	
7	0	0	0	0	488	536	0	
8	0	0	0	0	469	534	0	
9	0	0	0	0	452	537	0	
10	0	0	0	0	440	539	0	
11	0	0	0	0	427	539	0	
12	0	0	0	0	417	540	0	
13	0	0	0	0	408	538	0	
14	0	0	0	0	404	542	0	
15	0	0	0	0	406	550	1	
0	0	0	0	0	408	557	1	
1	0	0	0	0	411	558	1	
2	0	0	0	0	417	561	1	
3	0	0	0	0	424	563	1	
4	0	0	0	0	436	565	1	
5	0	0	0	0	446	559	1	
6	0	0	0	0	455	552	1	
7	0	0	0	0	465	544	0	
8	0	0	0	0	473	538	0	
9	0	0	0	0	477	533	0	
10	0	0	0	0	481	529	0	
11	0	0	0	0	491	528	0	
12	0	0	0	0	499	530	0	
13	0	0	0	0	510	540	0	
14	0	0	0	0	513	549	1	
15	0	0	0	0	510	557	1	
0	0	0	0	0	507	561	1	
1	0	0	0	0	502	551	0	
2	0	0	0	0	500	543	0	
3	0	0	0	0	505	536	0	
4	0	0	0	0	513	532	0	
5	0	0	0	0	516	536	0	
6	0	0	0	0	519	539	0	
7	0	0	0	0	519	542	0	
8	0	0	0	0	517	543	1	
9	0	0	0	0	511	543	0	
10	0	0	0	0	503	543	0	
11	0	0	0	0	494	544	0	
12	0	0	0	0	482	547	0	
13	0	0	0	0	469	540	0	
14	0	0	0	0	459	530	0	
15	0	0	0	0	454	521	0	
0	0	0	0	0	454	519	0	
1	0	0	0	0	453	522	0	
2	0	0	0	0	455	526	0	
3	0	0	0	0	458	521	0	
4	0	0	0	0	460	513	0	
5	0	0	0	0	462	509	0	
6	0	0	0	0	460	503	1	
7	0	0	0	0	457	501	0	
8	0	0	0	0	455	511	0	
9	0	0	0	0	451	523	0	
10	0	0	0	0	454	535	1	
11	0	0	0	0	459	537	0	
12	0	0	0	0	465	532	0	
13	0	0	0	0	470	528	0	
14	0	0	0	0	471	518	0	
15	0	0	0	0	473	505	0	
0	0	0	0	0	476	495	0	
1	0	0	0	0	482	487	0	
2	0	0	0	0	484	479	0	
3	0	0	0	0	487	469	0	
4	0	0	0	0	493	460	0	
5	0	0	0	0	502	449	0	
6	0	0	0	0	508	437	0	
7	0	0	0	0	512	426	0	
8	0	0	0	0	516	419	0	
9	0	0	0	0	524	413	0	
10	0	0	0	0	532	411	0	
11	0	0	0	0	538	413	0	
12	0	0	0	0	536	421	0	
13	0	0	0	0	531	428	0	
14	0	0	0	0	527	448	0	
15	0	0	0	0	511	462	1	
0	0	0	0	0	498	476	0	
1	0	0	0	0	488	482	0	
2	0	0	0	0	483	486	0	
3	0	0	0	0	482	491	0	
4	0	0	0	0	480	502	0	
5	0	0	0	0	475	521	0	
6	0	0	0	0	470	546	0	
7	0	0	0	0	466	556	1	
8	0	0	0	0	459	558	1	
9	0	0	0	0	451	556	1	
10	0	0	0	0	442	551	1	
11	0	0	0	0	429	550	0	
12	0	0	0	0	414	545	0	
13	0	0	0	0	406	546	0	
14	0	0	0	0	400	545	0	
15	0	0	0	0	395	544	1	
0	0	0	0	0	384	543	0	
1	0	0	0	0	375	543	0	
2	0	0	0	0	372	545	0	
3	0	0	0	0	370	548	0	
4	0	0	0	0	373	553	1	
5	0	0	0	0	383	553	1	
6	0	0	0	0	395	547	1	
7	0	0	0	0	410	542	0	
8	0	0	0	0	428	535	0	
9	0	0	0	0	448	526	0	
10	0	0	0	0	465	514	0	
11	0	0	0	0	477	497	0	
12	0	0	0	0	487	483	0	
13	0	0	0	0	497	478	0	
14	0	0	0	0	510	475	0	
15	0	0	0	0	519	465	0	
0	0	0	0	0	531	454	0	
1	0	0	0	0	540	443	0	
2	0	0	0	0	542	435	0	
3	0	0	0	0	544	428	0	
4	0	0	0	0	544	425	0	
5	0	0	0	0	549	427	0	
6	0	0	0	0	548	430	0	
7	0	0	0	0	545	439	0	
8	0	0	0	0	538	449	0	
9	0	0	0	0	532	463	0	
10	0	0	0	0	524	477	0	
11	0	0	0	0	518	492	0	
12	0	0	0	0	512	508	0	
13	0	0	0	0	510	526	1	
14	0	0	0	0	504	534	0	
15	0	0	0	0	505	542	1	
0	0	0	0	0	505	548	0	
1	0	0	0	0	509	558	1	
2	0	0	0	0	515	565	1	
3	0	0	0	0	522	567	0	
4	0	0	0	0	528	560	1	
5	0	0	0	0	538	551	1	
6	0	0	0	0	545	540	0	
7	0	0	0	0	557	533	1	
8	0	0	0	0	563	519	0	
9	0	0	0	0	565	509	0	
10	0	0	0	0	557	507	0	
11	0	0	0	0	541	511	0	
12	0	0	0	0	524	517	0	
13	0	0	0	0	507	521	0	
14	0	0	0	0	492	524	0	
15	0	0	0	0	475	528	0	
0	0	0	0	0	462	538	0	
1	0	0	0	0	454	549	1	
2	0	0	0	0	451	561	1	
3	0	0	0	0	456	568	1	
4	0	0	0	0	466	570	1	
5	0	0	0	0	475	571	1	
6	0	0	0	0	483	569	1	
7	0	0	0	0	495	558	1	
8	0	0	0	0	505	545	1	
9	0	0	0	0	517	531	0	
10	0	0	0	0	531	520	0	
11	0	0	0	0	545	516	0	
12	0	0	0	0	551	518	0	
13	0	0	0	0	555	515	0	
14	0	0	0	0	563	504	0	
15	0	0	0	0	577	488	0	
0	0	0	0	0	594	477	0	
1	0	0	0	0	606	470	0	
2	0	0	0	0	615	468	0	
3	0	0	0	0	619	466	0	
4	0	0	0	0	620	472	0	
5	0	0	0	0	616	484	0	
6	0	0	0	0	613	495	0	
7	0	0	0	0	609	499	0	
8	0	0	0	0	604	508	0	
9	0	0	0	0	596	514	0	
10	0	0	0	0	582	521	0	
11	0	0	0	0	562	526	0	
12	0	0	0	0	542	529	0	
13	0	0	0	0	525	531	1	
14	0	0	0	0	510	530	0	
15	0	0	0	0	500	532	0	
0	0	0	0	0	496	536	0	
1	0	0	0	0	495	541	1	
2	0	0	0	0	502	545	0	
3	0	0	0	0	512	550	0	
4	0	0	0	0	519	553	1	
5	0	0	0	0	526	545	1	
6	0	0	0	0	528	531	0	
7	0	0	0	0	531	521	0	
8	0	0	0	0	535	513	0	
9	0	0	0	0	536	511	0	
10	0	0	0	0	529	515	0	
11	0	0	0	0	518	521	0	
12	0	0	0	0	500	524	0	
13	0	0	0	0	479	526	0	
14	0	0	0	0	463	529	0	
15	0	0	0	0	451	534	0	
0	0	0	0	0	443	538	1	
1	0	0	0	0	444	544	1	
2	0	0	0	0	455	547	0	
3	0	0	0	0	470	555	1	
4	0	0	0	0	488	554	1	
5	0	0	0	0	504	545	1	
6	0	0	0	0	512	536	0	
7	0	0	0	0	513	527	0	
8	0	0	0	0	508	516	0	
9	0	0	0	0	504	505	0	
10	0	0	0	0	499	497	0	
11	0	0	0	0	493	493	0	
12	0	0	0	0	491	493	0	
13	0	0	0	0	494	492	0	
14	0	0	0	0	504	497	0	
15	0	0	0	0	515	500	0	
0	0	0	0	0	528	500	0	
1	0	0	0	0	536	496	0	
2	0	0	0	0	543	488	0	
3	0	0	0	0	549	481	0	
4	0	0	0	0	548	473	0	
5	0	0	0	0	545	471	0	
6	0	0	0	0	543	473	0	
7	0	0	0	0	540	479	0	
8	0	0	0	0	536	482	0	
9	0	0	0	0	528	483	0	
10	0	0	0	0	520	487	0	
11	0	0	0	0	515	499	0	
12	0	0	0	0	511	512	0	
13	0	0	0	0	512	522	0	
14	0	0	0	0	521	526	0	
15	0	0	0	0	534	529	1	
0	0	0	0	0	545	531	0	
1	0	0	0	0	554	540	1	
2	0	0	0	0	558	547	0	
3	0	0	0	0	562	552	1	
4	0	0	0	0	568	545	1	
5	0	0	0	0	569	529	0	
6	0	0	0	0	569	511	0	
7	0	0	0	0	573	494	0	
8	0	0	0	0	575	479	0	
9	0	0	0	0	572	463	0	
10	0	0	0	0	572	454	0	
11	0	0	0	0	573	451	0	
12	0	0	0	0	576	449	0	
13	0	0	0	0	585	450	0	
14	0	0	0	0	592	454	0	
15	0	0	0	0	603	460	0	
0	0	0	0	0	620	463	0	
1	0	0	0	0	634	457	0	
2	0	0	0	0	652	451	0	
3	0	0	0	0	666	444	0	
4	0	0	0	0	681	438	0	
5	0	0	0	0	695	428	0	
6	0	0	0	0	705	421	0	
7	0	0	0	0	713	413	0	
8	0	0	0	0	721	404	0	
9	0	0	0	0	728	399	0	
10	0	0	0	0	732	397	0	
11	0	0	0	0	737	396	0	
12	0	0	0	0	737	393	0	
13	0	0	0	0	739	397	0	
14	0	0	0	0	743	408	0	
15	0	0	0	0	744	414	0	
0	0	0	0	0	742	419	0	
1	0	0	0	0	736	426	0	
2	0	0	0	0	735	438	0	
3	0	0	0	0	734	451	0	
4	0	0	0	0	732	459	0	
5	0	0	0	0	733	463	0	
6	0	0	0	0	737	471	0	
7	0	0	0	0	743	472	0	
8	0	0	0	0	750	470	0	
9	0	0	0	0	753	465	0	
10	0	0	0	0	753	459	0	
11	0	0	0	0	747	449	0	
12	0	0	0	0	742	435	0	
13	0	0	0	0	742	435	0	
14	0	0	0	0	747	423	0	
15	0	0	0	0	757	415	0	
0	0	0	0	0	763	417	0	
1	0	0	0	0	775	423	0	
2	0	0	0	0	790	433	0	
3	0	0	0	0	806	436	0	
4	0	0	0	0	823	434	0	
5	0	0	0	0	830	440	0	
6	0	0	0	0	834	441	0	
7	0	0	0	0	834	440	0	
8	0	0	0	0	837	437	0	
9	0	0	0	0	843	432	0	
10	0	0	0	0	852	428	0	
11	0	0	0	0	856	417	0	
12	0	0	0	0	861	407	0	
13	0	0	0	0	867	400	0	
14	0	0	0	0	868	405	0	
15	0	0	0	0	864	406	0	
0	0	0	0	0	857	406	0	
1	0	0	0	0	847	408	0	
2	0	0	0	0	835	415	0	
3	0	0	0	0	821	422	0	
4	0	0	0	0	800	423	0	
5	0	0	0	0	785	440	0	
6	0	0	0	0	778	458	0	
7	0	0	0	0	779	476	0	
8	0	0	0	0	787	490	0	
9	0	0	0	0	797	500	0	
10	0	0	0	0	807	507	0	
11	0	0	0	0	818	506	0	
12	0	0	0	0	828	504	0	
13	0	0	0	0	829	501	0	
14	0	0	0	0	825	500	0	
15	0	0	0	0	821	499	0	
0	0	0	0	0	814	494	0	
1	0	0	0	0	812	488	0	
2	0	0	0	0	804	483	0	
3	0	0	0	0	795	488	0	
4	0	0	0	0	788	491	0	
5	0	0	0	0	786	495	0	
6	0	0	0	0	787	496	0	
7	0	0	0	0	790	499	0	
8	0	0	0	0	790	499	0	
9	0	0	0	0	794	500	1	
10	0	0	0	0	801	498	0	
11	0	0	0	0	812	501	0	
12	0	0	0	0	822	513	0	
13	0	0	0	0	831	514	0	
14	0	0	0	0	838	510	0	
15	0	0	0	0	844	504	0	
0	0	0	0	0	851	504	0	
1	0	0	0	0	857	507	0	
2	0	0	0	0	860	505	0	
3	0	0	0	0	864	508	0	
4	0	0	0	0	864	504	0	
5	0	0	0	0	870	497	0	
6	0	0	0	0	877	494	0	
7	0	0	0	0	880	494	0	
8	0	0	0	0	882	495	0	
9	0	0	0	0	883	493	0	
10	0	0	0	0	880	503	0	
11	0	0	0	0	878	508	0	
12	0	0	0	0	874	508	0	
13	0	0	0	0	871	513	1	
14	0	0	0	0	865	519	0	
15	0	0	0	0	862	530	1	
0	0	0	0	0	860	536	0	
1	0	0	0	0	855	537	1	
2	0	0	0	0	851	539	0	
3	0	0	0	0	849	543	0	
4	0	0	0	0	841	545	1	
5	0	0	0	0	831	553	1	
6	0	0	0	0	818	559	1	
7	0	0	0	0	808	561	1	
8	0	0	0	0	801	558	1	
9	0	0	0	0	796	563	1	
10	0	0	0	0	792	568	1	
11	0	0	0	0	789	570	0	
12	0	0	0	0	789	575	1	
13	0	0	0	0	790	579	1	
14	0	0	0	0	791	584	1	
15	0	0	0	0	790	591	1	
0	0	0	0	0	787	599	1	
1	0	0	0	0	784	603	1	
2	0	0	0	0	785	604	1	
3	0	0	0	0	784	599	1	
4	0	0	0	0	780	596	1	
5	0	0	0	0	776	591	1	
6	0	0	0	0	764	582	1	
7	0	0	0	0	758	579	1	
8	0	0	0	0	754	580	1	
9	0	0	0	0	752	588	1	
10	0	0	0	0	750	607	1	
11	0	0	0	0	742	616	1	
12	0	0	0	0	729	615	1	
13	0	0	0	0	712	611	1	
14	0	0	0	0	697	607	1	
15	0	0	0	0	686	609	1	
0	0	0	0	0	683	615	1	
1	0	0	0	0	677	617	1	
2	0	0	0	0	673	620	1	
3	0	0	0	0	671	624	1	
4	0	0	0	0	664	627	1	
5	0	0	0	0	662	630	1	
6	0	0	0	0	661	633	1	
7	0	0	0	0	660	632	1	
8	0	0	0	0	662	631	1	
9	0	0	0	0	658	630	1	
10	0	0	0	0	654	633	1	
11	0	0	0	0	644	638	1	
12	0	0	0	0	636	640	1	
13	0	0	0	0	631	647	1	
14	0	0	0	0	627	654	1	
15	0	0	0	0	628	662	1	
0	0	0	0	0	629	670	1	
1	0	0	0	0	632	678	1	
2	0	0	0	0	636	684	1	
3	0	0	0	0	634	690	1	
4	0	0	0	0	639	700	1	
5	0	0	0	0	641	702	1	
6	0	0	0	0	643	700	1	
7	0	0	0	0	647	692	1	
8	0	0	0	0	651	686	1	
9	0	0	0	0	653	685	1	
10	0	0	0	0	653	686	1	
11	0	0	0	0	652	686	1	
12	0	0	0	0	651	687	1	
13	0	0	0	0	648	688	1	
14	0	0	0	0	649	696	1	
15	0	0	0	0	646	702	1	
0	0	0	0	0	639	708	1	
1	0	0	0	0	637	712	1	
2	0	0	0	0	635	716	1	
3	0	0	0	0	631	721	1	
4	0	0	0	0	625	730	1	
5	0	0	0	0	617	736	2	
6	0	0	0	0	602	740	1	
7	0	0	0	0	585	743	2	
8	0	0	0	0	575	754	2	
9	0	0	0	0	571	745	2	
10	0	0	0	0	566	731	1	
11	0	0	0	0	558	719	1	
12	0	0	0	0	544	713	1	
13	0	0	0	0	535	713	1	
14	0	0	0	0	529	715	1	
15	0	0	0	0	528	713	1	
0	0	0	0	0	531	715	1	
1	0	0	0	0	527	713	1	
2	0	0	0	0	525	718	2	
3	0	0	0	0	526	717	1	
4	0	0	0	0	529	714	1	
5	0	0	0	0	529	711	1	
6	0	0	0	0	529	704	1	
7	0	0	0	0	529	699	1	
8	0	0	0	0	530	698	1	
9	0	0	0	0	527	704	1	
10	0	0	0	0	524	713	1	
11	0	0	0	0	519	720	1	
12	0	0	0	0	518	730	2	
13	0	0	0	0	519	735	1	
14	0	0	0	0	519	737	1	
15	0	0	0	0	517	743	2	
0	0	0	0	0	509	745	2	
1	0	0	0	0	506	755	2	
2	0	0	0	0	503	766	3	
3	0	0	0	0	501	773	2	
4	0	0	0	0	505	783	2	
5	0	0	0	0	515	786	2	
6	0	0	0	0	532	781	2	
7	0	0	0	0	548	768	2	
8	0	0	0	0	559	748	2	
9	0	0	0	0	569	726	1	
10	0	0	0	0	580	699	1	
11	0	0	0	0	590	676	1	
12	0	0	0	0	597	657	1	
13	0	0	0	0	605	645	1	
14	0	0	0	0	613	635	1	
15	0	0	0	0	623	628	1	
0	0	0	0	0	632	620	1	
1	0	0	0	0	647	614	1	
2	0	0	0	0	665	616	1	
3	0	0	0	0	687	620	1	
4	0	0	0	0	709	621	1	
5	0	0	0	0	738	619	1	
6	0	0	0	0	766	611	1	
7	0	0	0	0	790	598	1	
8	0	0	0	0	804	585	1	
9	0	0	0	0	810	567	1	
10	0	0	0	0	816	551	0	
11	0	0	0	0	819	535	1	
12	0	0	0	0	828	519	0	
13	0	0	0	0	835	513	0	
14	0	0	0	0	839	518	0	
15	0	0	0	0	847	519	0	
0	0	0	0	0	851	516	0	
1	0	0	0	0	851	514	0	
2	0	0	0	0	853	514	0	
3	0	0	0	0	849	515	0	
4	0	0	0	0	847	522	0	
5	0	0	0	0	841	529	0	
6	0	0	0	0	835	537	0	
7	0	0	0	0	833	548	1	
8	0	0	0	0	825	553	1	
9	0	0	0	0	822	559	1	
10	0	0	0	0	818	565	1	
11	0	0	0	0	813	570	1	
12	0	0	0	0	807	575	1	
13	0	0	0	0	796	577	1	
14	0	0	0	0	793	584	1	
15	0	0	0	0	788	583	1	
0	0	0	0	0	789	587	1	
1	0	0	0	0	791	588	1	
2	0	0	0	0	787	593	1	
3	0	0	0	0	780	604	1	
4	0	0	0	0	767	610	1	
5	0	0	0	0	755	614	1	
6	0	0	0	0	747	612	1	
7	0	0	0	0	741	606	1	
8	0	0	0	0	735	600	1	
9	0	0	0	0	728	598	1	
10	0	0	0	0	718	604	1	
11	0	0	0	0	711	611	1	
12	0	0	0	0	710	621	1	
13	0	0	0	0	711	631	1	
14	0	0	0	0	710	640	1	
15	0	0	0	0	708	648	1	
0	0	0	0	0	712	661	1	
1	0	0	0	0	715	664	1	
2	0	0	0	0	717	660	1	
3	0	0	0	0	712	659	1	
4	0	0	0	0	700	655	1	
5	0	0	0	0	692	654	1	
6	0	0	0	0	684	656	1	
7	0	0	0	0	672	652	1	
8	0	0	0	0	662	651	1	
9	0	0	0	0	652	653	1	
10	0	0	0	0	645	660	1	
11	0	0	0	0	638	660	1	
12	0	0	0	0	633	657	1	
13	0	0	0	0	626	656	1	
14	0	0	0	0	622	655	1	
15	0	0	0	0	618	655	1	
0	0	0	0	0	613	649	1	
1	0	0	0	0	607	645	1	
2	0	0	0	0	600	639	1	
3	0	0	0	0	591	639	1	
4	0	0	0	0	587	644	1	
5	0	0	0	0	584	646	1	
6	0	0	0	0	579	648	1	
7	0	0	0	0	575	649	1	
8	0	0	0	0	572	645	1	
9	0	0	0	0	568	642	1	
10	0	0	0	0	566	639	1	
11	0	0	0	0	564	638	1	
12	0	0	0	0	563	636	1	
13	0	0	0	0	556	636	1	
14	0	0	0	0	545	636	1	
15	0	0	0	0	534	631	1	
0	0	0	0	0	527	625	1	
1	0	0	0	0	526	623	1	
2	0	0	0	0	528	619	1	
3	0	0	0	0	527	615	1	
4	0	0	0	0	523	615	1	
5	0	0	0	0	519	615	1	
6	0	0	0	0	514	618	1	
7	0	0	0	0	513	625	1	
8	0	0	0	0	510	624	1	
9	0	0	0	0	510	614	1	
10	0	0	0	0	513	608	1	
11	0	0	0	0	516	606	1	
12	0	0	0	0	519	590	1	
13	0	0	0	0	520	570	1	
14	0	0	0	0	517	550	0	
15	0	0	0	0	517	539	0	
0	0	0	0	0	513	531	1	
1	0	0	0	0	511	521	0	
2	0	0	0	0	508	520	0	
3	0	0	0	0	503	524	0	
4	0	0	0	0	502	536	1	
5	0	0	0	0	504	549	1	
6	0	0	0	0	502	562	1	
7	0	0	0	0	492	573	1	
8	0	0	0	0	480	580	1	
9	0	0	0	0	469	583	1	
10	0	0	0	0	458	585	1	
11	0	0	0	0	457	584	1	
12	0	0	0	0	460	583	1	
13	0	0	0	0	465	579	1	
14	0	0	0	0	474	579	1	
15	0	0	0	0	484	580	1	
0	0	0	0	0	493	588	1	
1	0	0	0	0	500	600	1	
2	0	0	0	0	505	602	1	
3	0	0	0	0	510	597	1	
4	0	0	0	0	512	586	1	
5	0	0	0	0	511	579	1	
6	0	0	0	0	505	577	1	
7	0	0	0	0	497	574	1	
8	0	0	0	0	492	572	1	
9	0	0	0	0	487	563	1	
10	0	0	0	0	485	554	1	
11	0	0	0	0	487	545	0	
12	0	0	0	0	487	543	1	
13	0	0	0	0	488	543	0	
14	0	0	0	0	487	547	0	
15	0	0	0	0	483	552	1	
0	0	0	0	0	480	562	1	
1	0	0	0	0	479	574	1	
2	0	0	0	0	476	583	1	
3	0	0	0	0	472	592	1	
4	0	0	0	0	473	600	1	
5	0	0	0	0	477	606	1	
6	0	0	0	0	483	616	1	
7	0	0	0	0	487	626	1	
8	0	0	0	0	487	636	1	
9	0	0	0	0	484	645	1	
10	0	0	0	0	486	643	1	
11	0	0	0	0	487	638	1	
12	0	0	0	0	482	633	1	
13	0	0	0	0	473	633	1	
14	0	0	0	0	468	633	1	
15	0	0	0	0	463	633	1	
0	0	0	0	0	457	631	1	
1	0	0	0	0	455	627	1	
2	0	0	0	0	455	626	1	
3	0	0	0	0	457	622	1	
4	0	0	0	0	456	620	1	
5	0	0	0	0	454	612	1	
6	0	0	0	0	449	609	1	
7	0	0	0	0	441	605	1	
8	0	0	0	0	435	601	1	
9	0	0	0	0	428	592	1	
10	0	0	0	0	425	586	1	
11	0	0	0	0	427	584	1	
12	0	0	0	0	433	583	1	
13	0	0	0	0	439	581	1	
14	0	0	0	0	445	579	1	
15	0	0	0	0	445	578	1	
0	0	0	0	0	445	576	1	
1	0	0	0	0	450	579	1	
2	0	0	0	0	459	580	1	
3	0	0	0	0	466	584	1	
4	0	0	0	0	474	581	1	
5	0	0	0	0	486	572	1	
6	0	0	0	0	492	558	1	
7	0	0	0	0	497	547	1	
8	0	0	0	0	498	542	0	
9	0	0	0	0	499	543	0	
10	0	0	0	0	499	551	1	
11	0	0	0	0	494	562	1	
12	0	0	0	0	491	568	1	
13	0	0	0	0	492	569	1	
14	0	0	0	0	494	567	1	
15	0	0	0	0	492	557	1	
0	0	0	0	0	487	536	0	
1	0	0	0	0	480	517	0	
2	0	0	0	0	465	504	0	
3	0	0	0	0	448	496	0	
4	0	0	0	0	433	498	0	
5	0	0	0	0	423	503	0	
6	0	0	0	0	416	512	0	
7	0	0	0	0	415	521	0	
8	0	0	0	0	415	531	0	
9	0	0	0	0	412	536	0	
10	0	0	0	0	415	540	0	
11	0	0	0	0	417	541	1	
12	0	0	0	0	416	539	0	
13	0	0	0	0	416	536	0	
14	0	0	0	0	419	536	0	
15	0	0	0	0	420	532	1	
0	0	0	0	0	423	528	0	
1	0	0	0	0	426	525	1	
2	0	0	0	0	430	517	0	
3	0	0	0	0	443	510	1	
4	0	0	0	0	455	505	0	
5	0	0	0	0	467	508	0	
6	0	0	0	0	477	520	0	
7	0	0	0	0	483	540	0	
8	0	0	0	0	479	564	1	
9	0	0	0	0	461	585	1	
10	0	0	0	0	436	599	1	
11	0	0	0	0	408	606	1	
12	0	0	0	0	374	608	1	
13	0	0	0	0	343	611	1	
14	0	0	0	0	314	614	1	
15	0	0	0	0	295	617	1	
0	0	0	0	0	275	627	1	
1	0	0	0	0	255	629	1	
2	0	0	0	0	239	637	1	
3	0	0	0	0	221	642	1	
4	0	0	0	0	204	649	1	
5	0	0	0	0	185	658	1	
6	0	0	0	0	166	662	1	
7	0	0	0	0	144	669	1	
8	0	0	0	0	126	678	1	
9	0	0	0	0	101	676	1	
10	0	0	0	0	78	679	1	
11	0	0	0	0	58	680	1	
12	0	0	0	0	41	692	1	
13	0	0	0	0	25	706	1	
14	0	0	0	0	10	716	1	
15	0	0	0	0	0	721	1	
0	0	0	0	0	0	715	1	
1	0	0	0	0	0	716	1	
2	0	0	0	0	0	707	1	
3	0	0	0	0	0	711	1	
4	0	0	0	0	0	709	1	
5	0	0	0	0	0	696	1	
6	0	0	0	0	0	684	1	
7	0	0	0	0	0	668	1	
8	0	0	0	0	0	650	1	
9	0	0	0	0	0	634	1	
10	0	0	0	0	0	619	1	
11	0	0	0	0	0	610	1	
12	0	0	0	0	0	604	1	
13	0	0	0	0	0	598	1	
14	0	0	0	0	0	596	1	
15	0	0	0	0	0	592	1	
0	0	0	0	0	0	586	1	
1	0	0	0	0	0	590	1	
2	0	0	0	0	0	599	1	
3	0	0	0	0	0	606	1	
4	0	0	0	0	0	612	1	
5	0	0	0	0	0	615	1	
6	0	0	0	0	0	620	1	
7	0	0	0	0	0	621	1	
8	0	0	0	0	0	621	1	
9	0	0	0	0	0	626	1	
10	0	0	0	0	0	628	1	
11	0	0	0	0	0	632	1	
12	0	0	0	0	0	639	1	
13	0	0	0	0	0	644	1	
14	0	0	0	0	0	647	1	
15	0	0	0	0	19	646	1	
0	0	0	0	0	24	639	1	
1	0	0	0	0	31	637	1	
2	0	0	0	0	41	637	1	
3	0	0	0	0	52	637	1	
4	0	0	0	0	59	635	1	
5	0	0	0	0	66	630	1	
6	0	0	0	0	76	624	1	
7	0	0	0	0	85	615	1	
8	0	0	0	0	96	612	1	
9	0	0	0	0	106	609	1	
10	0	0	0	0	115	607	1	
11	0	0	0	0	122	602	1	
12	0	0	0	0	127	596	1	
13	0	0	0	0	132	597	1	
14	0	0	0	0	142	604	1	
15	0	0	0	0	146	603	1	
0	0	0	0	0	146	601	1	
1	0	0	0	0	150	607	1	
2	0	0	0	0	156	611	1	
3	0	0	0	0	162	614	1	
4	0	0	0	0	166	620	1	
5	0	0	0	0	165	627	1	
6	0	0	0	0	163	638	1	
7	0	0	0	0	159	630	1	
8	0	0	0	0	152	626	1	
9	0	0	0	0	148	626	1	
10	0	0	0	0	151	624	1	
11	0	0	0	0	154	622	1	
12	0	0	0	0	163	611	1	
13	0	0	0	0	168	605	1	
14	0	0	0	0	171	607	1	
15	0	0	0	0	173	614	1	
0	0	0	0	0	174	616	1	
1	0	0	0	0	177	616	1	
2	0	0	0	0	179	610	1	
3	0	0	0	0	182	599	1	
4	0	0	0	0	184	584	1	
5	0	0	0	0	184	571	1	
6	0	0	0	0	189	557	0	
7	0	0	0	0	195	549	1	
8	0	0	0	0	201	545	0	
9	0	0	0	0	209	539	0	
10	0	0	0	0	216	535	0	
11	0	0	0	0	220	525	0	
12	0	0	0	0	225	519	0	
13	0	0	0	0	229	516	0	
14	0	0	0	0	233	524	0	
15	0	0	0	0	234	536	0	
0	0	0	0	0	234	536	1	
1	0	0	0	0	239	535	0	
2	0	0	0	0	247	532	0	
3	0	0	0	0	251	530	0	
4	0	0	0	0	255	529	0	
5	0	0	0	0	259	532	0	
6	0	0	0	0	260	536	0	
7	0	0	0	0	262	530	0	
8	0	0	0	0	262	526	0	
9	0	0	0	0	259	529	0	
10	0	0	0	0	253	527	0	
11	0	0	0	0	250	532	0	
12	0	0	0	0	253	531	0	
13	0	0	0	0	257	530	0	
14	0	0	0	0	260	526	0	
15	0	0	0	0	264	526	0	
0	0	0	0	0	270	525	0	
1	0	0	0	0	277	526	0	
2	0	0	0	0	279	517	0	
3	0	0	0	0	278	513	0	
4	0	0	0	0	276	513	0	
5	0	0	0	0	276	516	1	
6	0	0	0	0	277	519	0	
7	0	0	0	0	275	519	0	
8	0	0	0	0	274	517	0	
9	0	0	0	0	271	511	0	
10	0	0	0	0	269	504	0	
11	0	0	0	0	271	500	0	
12	0	0	0	0	275	492	0	
13	0	0	0	0	284	490	0	
14	0	0	0	0	290	491	0	
15	0	0	0	0	297	496	0	
0	0	0	0	0	300	504	0	
1	0	0	0	0	303	516	1	
2	0	0	0	0	304	524	0	
3	0	0	0	0	306	532	0	
4	0	0	0	0	307	538	0	
5	0	0	0	0	309	552	1	
6	0	0	0	0	315	570	1	
7	0	0	0	0	327	587	1	
8	0	0	0	0	342	583	1	
9	0	0	0	0	354	570	1	
10	0	0	0	0	366	545	0	
11	0	0	0	0	376	523	0	
12	0	0	0	0	384	505	0	
13	0	0	0	0	386	489	0	
14	0	0	0	0	387	483	0	
15	0	0	0	0	385	482	0	
0	0	0	0	0	387	485	0	
1	0	0	0	0	393	489	0	
2	0	0	0	0	399	480	0	
3	0	0	0	0	401	473	0	
4	0	0	0	0	405	464	0	
5	0	0	0	0	409	456	0	
6	0	0	0	0	414	448	0	
7	0	0	0	0	411	434	0	
8	0	0	0	0	407	424	0	
9	0	0	0	0	407	416	0	
10	0	0	0	0	407	415	0	
11	0	0	0	0	408	421	0	
12	0	0	0	0	407	421	0	
13	0	0	0	0	408	420	0	
14	0	0	0	0	409	422	0	
15	0	0	0	0	408	421	0	
0	0	0	0	0	408	423	0	
1	0	0	0	0	408	423	0	
2	0	0	0	0	406	425	0	
3	0	0	0	0	404	432	0	
4	0	0	0	0	401	437	0	
5	0	0	0	0	400	449	0	
6	0	0	0	0	392	457	0	
7	0	0	0	0	386	463	0	
8	0	0	0	0	382	466	0	
9	0	0	0	0	384	470	1	
10	0	0	0	0	388	478	0	
11	0	0	0	0	389	481	0	
12	0	0	0	0	396	489	0	
13	0	0	0	0	405	496	0	
14	0	0	0	0	417	499	0	
15	0	0	0	0	425	492	0	
0	0	0	0	0	431	484	0	
1	0	0	0	0	436	480	0	
2	0	0	0	0	444	479	0	
3	0	0	0	0	455	479	0	
4	0	0	0	0	458	476	0	
5	0	0	0	0	456	472	0	
6	0	0	0	0	450	467	0	
7	0	0	0	0	448	460	0	
8	0	0	0	0	445	455	0	
9	0	0	0	0	444	455	0	
10	0	0	0	0	442	457	0	
11	0	0	0	0	432	469	0	
12	0	0	0	0	422	488	0	
13	0	0	0	0	409	505	0	
14	0	0	0	0	403	507	0	
15	0	0	0	0	398	496	0	
0	0	0	0	0	393	484	0	
1	0	0	0	0	395	480	0	
2	0	0	0	0	401	481	1	
3	0	0	0	0	405	492	0	
4	0	0	0	0	406	502	0	
5	0	0	0	0	402	508	0	
6	0	0	0	0	400	509	0	
7	0	0	0	0	399	506	0	
8	0	0	0	0	396	502	0	
9	0	0	0	0	391	496	0	
10	0	0	0	0	388	491	0	
11	0	0	0	0	391	490	0	
12	0	0	0	0	398	484	0	
13	0	0	0	0	404	480	0	
14	0	0	0	0	408	476	0	
15	0	0	0	0	414	475	0	
0	0	0	0	0	416	475	0	
1	0	0	0	0	421	477	0	
2	0	0	0	0	424	479	0	
3	0	0	0	0	424	479	0	
4	0	0	0	0	423	483	0	
5	0	0	0	0	422	487	0	
6	0	0	0	0	425	492	0	
7	0	0	0	0	428	493	0	
8	0	0	0	0	432	489	0	
9	0	0	0	0	438	489	1	
10	0	0	0	0	438	486	0	
11	0	0	0	0	444	485	0	
12	0	0	0	0	451	482	0	
13	0	0	0	0	458	479	0	
14	0	0	0	0	462	483	0	
15	0	0	0	0	457	487	0	
0	0	0	0	0	448	495	0	
1	0	0	0	0	439	494	0	
2	0	0	0	0	432	485	0	
3	0	0	0	0	427	475	0	
4	0	0	0	0	423	464	0	
5	0	0	0	0	425	455	0	
6	0	0	0	0	428	448	0	
7	0	0	0	0	432	437	0	
8	0	0	0	0	435	431	0	
9	0	0	0	0	437	424	0	
10	0	0	0	0	438	420	0	
11	0	0	0	0	438	419	0	
12	0	0	0	0	435	417	0	
13	0	0	0	0	435	416	0	
14	0	0	0	0	432	422	0	
15	0	0	0	0	432	431	0	
0	0	0	0	0	432	436	0	
1	0	0	0	0	428	437	0	
2	0	0	0	0	427	442	0	
3	0	0	0	0	425	440	0	
4	0	0	0	0	425	436	0	
5	0	0	0	0	423	435	0	
6	0	0	0	0	414	431	0	
7	0	0	0	0	409	428	0	
8	0	0	0	0	408	430	0	
9	0	0	0	0	410	433	0	
10	0	0	0	0	416	443	0	
11	0	0	0	0	425	455	0	
12	0	0	0	0	434	462	0	
13	0	0	0	0	444	464	0	
14	0	0	0	0	451	460	0	
15	0	0	0	0	453	456	0	
0	0	0	0	0	452	451	0	
1	0	0	0	0	452	449	0	
2	0	0	0	0	450	443	0	
3	0	0	0	0	446	445	0	
4	0	0	0	0	444	455	0	
5	0	0	0	0	448	467	0	
6	0	0	0	0	455	470	0	
7	0	0	0	0	461	469	0	
8	0	0	0	0	460	465	0	
9	0	0	0	0	457	454	0	
10	0	0	0	0	451	443	0	
11	0	0	0	0	445	436	0	
12	0	0	0	0	435	433	0	
13	0	0	0	0	428	431	0	
14	0	0	0	0	427	427	0	
15	0	0	0	0	431	422	0	
0	0	0	0	0	432	423	0	
1	0	0	0	0	433	427	0	
2	0	0	0	0	435	435	0	
3	0	0	0	0	440	440	0	
4	0	0	0	0	440	432	0	
5	0	0	0	0	441	427	0	
6	0	0	0	0	442	426	0	
7	0	0	0	0	448	421	0	
8	0	0	0	0	460	415	0	
9	0	0	0	0	475	423	0	
10	0	0	0	0	490	433	0	
11	0	0	0	0	501	441	0	
12	0	0	0	0	508	448	0	
13	0	0	0	0	510	443	0	
14	0	0	0	0	513	436	0	
15	0	0	0	0	506	427	0	
0	0	0	0	0	493	416	0	
1	0	0	0	0	483	410	0	
2	0	0	0	0	475	411	0	
3	0	0	0	0	465	419	0	
4	0	0	0	0	460	422	0	
5	0	0	0	0	467	419	0	
6	0	0	0	0	480	419	0	
7	0	0	0	0	491	421	0	
8	0	0	0	0	500	425	0	
9	0	0	0	0	512	434	0	
10	0	0	0	0	524	445	0	
11	0	0	0	0	535	456	0	
12	0	0	0	0	539	459	0	
13	0	0	0	0	537	455	0	
14	0	0	0	0	530	451	0	
15	0	0	0	0	520	454	0	
0	0	0	0	0	512	459	0	
1	0	0	0	0	504	464	0	
2	0	0	0	0	502	467	0	
3	0	0	0	0	506	470	0	
4	0	0	0	0	510	470	0	
5	0	0	0	0	513	468	0	
6	0	0	0	0	512	467	0	
7	0	0	0	0	509	470	0	
8	0	0	0	0	506	475	0	
9	0	0	0	0	504	481	1	
10	0	0	0	0	503	485	0	
11	0	0	0	0	504	481	0	
12	0	0	0	0	499	475	0	
13	0	0	0	0	494	471	0	
14	0	0	0	0	486	464	0	
15	0	0	0	0	481	455	0	
0	0	0	0	0	480	445	0	
1	0	0	0	0	480	432	0	
2	0	0	0	0	484	422	0	
3	0	0	0	0	487	415	0	
4	0	0	0	0	490	415	0	
5	0	0	0	0	492	413	0	
6	0	0	0	0	494	407	0	
7	0	0	0	0	487	404	0	
8	0	0	0	0	480	403	0	
9	0	0	0	0	473	402	0	
10	0	0	0	0	465	396	0	
11	0	0	0	0	460	389	0	
12	0	0	0	0	457	382	0	
13	0	0	0	0	457	376	0	
14	0	0	0	0	464	370	0	
15	0	0	0	0	472	365	0	
0	0	0	0	0	480	365	0	
1	0	0	0	0	484	368	0	
2	0	0	0	0	489	372	0	
3	0	0	0	0	498	375	0	
4	0	0	0	0	495	378	0	
5	0	0	0	0	486	382	0	
6	0	0	0	0	479	386	0	
7	0	0	0	0	474	399	0	
8	0	0	0	0	478	415	0	
9	0	0	0	0	480	429	0	
10	0	0	0	0	485	436	0	
11	0	0	0	0	494	441	0	
12	0	0	0	0	507	440	0	
13	0	0	0	0	522	438	0	
14	0	0	0	0	531	438	0	
15	0	0	0	0	540	441	0	
0	0	0	0	0	546	449	0	
1	0	0	0	0	548	455	0	
2	0	0	0	0	550	441	0	
3	0	0	0	0	551	422	0	
4	0	0	0	0	554	412	0	
5	0	0	0	0	556	409	0	
6	0	0	0	0	558	409	0	
7	0	0	0	0	558	403	0	
8	0	0	0	0	559	396	0	
9	0	0	0	0	556	391	0	
10	0	0	0	0	555	384	0	
11	0	0	0	0	552	384	0	
12	0	0	0	0	552	387	0	
13	0	0	0	0	549	393	0	
14	0	0	0	0	547	399	0	
15	0	0	0	0	536	403	0	
0	0	0	0	0	528	409	0	
1	0	0	0	0	520	408	0	
2	0	0	0	0	516	409	0	
3	0	0	0	0	516	409	0	
4	0	0	0	0	519	418	0	
5	0	0	0	0	526	420	0	
6	0	0	0	0	534	415	0	
7	0	0	0	0	535	415	0	
8	0	0	0	0	533	412	0	
9	0	0	0	0	533	411	0	
10	0	0	0	0	536	409	0	
11	0	0	0	0	537	406	0	
12	0	0	0	0	539	404	0	
13	0	0	0	0	540	402	0	
14	0	0	0	0	544	396	0	
15	0	0	0	0	547	388	0	
0	0	0	0	0	549	380	0	
1	0	0	0	0	552	376	0	
2	0	0	0	0	556	370	0	
3	0	0	0	0	561	367	0	
4	0	0	0	0	563	362	0	
5	0	0	0	0	567	356	0	
6	0	0	0	0	570	350	0	
7	0	0	0	0	565	346	0	
8	0	0	0	0	559	355	0	
9	0	0	0	0	552	361	0	
10	0	0	0	0	547	372	0	
11	0	0	0	0	545	387	0	
12	0	0	0	0	543	394	0	
13	0	0	0	0	547	389	0	
14	0	0	0	0	547	385	0	
15	0	0	0	0	549	388	0	
0	0	0	0	0	553	395	0	
1	0	0	0	0	557	406	0	
2	0	0	0	0	565	416	0	
3	0	0	0	0	574	427	0	
4	0	0	0	0	585	435	0	
5	0	0	0	0	593	436	0	
6	0	0	0	0	599	427	0	
7	0	0	0	0	596	419	0	
8	0	0	0	0	595	414	0	
9	0	0	0	0	594	412	0	
10	0	0	0	0	583	410	0	
11	0	0	0	0	571	408	0	
12	0	0	0	0	559	404	0	
13	0	0	0	0	553	403	0	
14	0	0	0	0	553	407	0	
15	0	0	0	0	552	406	0	
0	0	0	0	0	550	406	0	
1	0	0	0	0	546	407	0	
2	0	0	0	0	542	403	0	
3	0	0	0	0	542	403	0	
4	0	0	0	0	539	405	0	
5	0	0	0	0	537	406	0	
6	0	0	0	0	536	414	0	
7	0	0	0	0	540	423	0	
8	0	0	0	0	544	427	0	
9	0	0	0	0	547	427	0	
10	0	0	0	0	553	432	0	
11	0	0	0	0	556	435	0	
12	0	0	0	0	558	440	0	
13	0	0	0	0	553	440	0	
14	0	0	0	0	550	441	0	
15	0	0	0	0	548	439	0	
0	0	0	0	0	550	435	0	
1	0	0	0	0	550	435	0	
2	0	0	0	0	551	432	0	
3	0	0	0	0	555	430	0	
4	0	0	0	0	563	426	0	
5	0	0	0	0	569	424	0	
6	0	0	0	0	577	421	0	
7	0	0	0	0	585	421	0	
8	0	0	0	0	592	425	0	
9	0	0	0	0	599	431	0	
10	0	0	0	0	605	444	0	
11	0	0	0	0	610	449	0	
12	0	0	0	0	608	445	0	
13	0	0	0	0	606	439	0	
14	0	0	0	0	608	431	0	
15	0	0	0	0	606	425	0	
0	0	0	0	0	610	437	0	
1	0	0	0	0	609	447	0	
2	0	0	0	0	606	451	0	
3	0	0	0	0	601	448	0	
4	0	0	0	0	597	440	0	
5	0	0	0	0	595	435	0	
6	0	0	0	0	593	440	0	
7	0	0	0	0	587	448	0	
8	0	0	0	0	582	451	0	
9	0	0	0	0	574	466	0	
10	0	0	0	0	566	483	0	
11	0	0	0	0	559	498	0	
12	0	0	0	0	555	498	0	
13	0	0	0	0	550	489	0	
14	0	0	0	0	543	481	0	
15	0	0	0	0	536	476	0	
0	0	0	0	0	533	472	0	
1	0	0	0	0	532	469	0	
2	0	0	0	0	533	462	0	
3	0	0	0	0	538	455	0	
4	0	0	0	0	546	447	0	
5	0	0	0	0	551	440	0	
6	0	0	0	0	553	431	0	
7	0	0	0	0	556	428	0	
8	0	0	0	0	560	429	0	
9	0	0	0	0	568	437	0	
10	0	0	0	0	574	444	0	
11	0	0	0	0	577	442	0	
12	0	0	0	0	579	440	0	
13	0	0	0	0	578	439	0	
14	0	0	0	0	572	440	0	
15	0	0	0	0	563	443	0	
0	0	0	0	0	558	447	0	
1	0	0	0	0	555	445	0	
2	0	0	0	0	556	445	0	
3	0	0	0	0	559	449	0	
4	0	0	0	0	563	451	0	
5	0	0	0	0	571	445	0	
6	0	0	0	0	579	443	0	
7	0	0	0	0	587	443	0	
8	0	0	0	0	590	445	0	
9	0	0	0	0	589	443	0	
10	0	0	0	0	581	441	0	
11	0	0	0	0	574	437	0	
12	0	0	0	0	569	434	0	
13	0	0	0	0	561	435	0	
14	0	0	0	0	552	436	0	
15	0	0	0	0	546	435	0	
0	0	0	0	0	540	432	0	
1	0	0	0	0	537	428	0	
2	0	0	0	0	531	425	0	
3	0	0	0	0	527	422	0	
4	0	0	0	0	525	423	0	
5	0	0	0	0	527	427	0	
6	0	0	0	0	531	433	0	
7	0	0	0	0	538	436	0	
8	0	0	0	0	541	440	0	
9	0	0	0	0	542	447	0	
10	0	0	0	0	542	448	0	
11	0	0	0	0	540	448	0	
12	0	0	0	0	534	451	0	
13	0	0	0	0	526	455	0	
14	0	0	0	0	519	456	0	
15	0	0	0	0	511	457	0	
0	0	0	0	0	509	467	0	
1	0	0	0	0	512	482	0	
2	0	0	0	0	520	496	0	
3	0	0	0	0	535	501	0	
4	0	0	0	0	547	498	0	
5	0	0	0	0	558	501	0	
6	0	0	0	0	556	499	0	
7	0	0	0	0	550	492	0	
8	0	0	0	0	542	487	0	
9	0	0	0	0	535	484	0	
10	0	0	0	0	531	488	0	
11	0	0	0	0	527	494	0	
12	0	0	0	0	526	493	0	
13	0	0	0	0	522	488	0	
14	0	0	0	0	521	474	0	
15	0	0	0	0	526	463	0	
0	0	0	0	0	526	451	0	
1	0	0	0	0	526	441	0	
2	0	0	0	0	528	435	0	
3	0	0	0	0	528	431	0	
4	0	0	0	0	532	430	0	
5	0	0	0	0	534	428	0	
6	0	0	0	0	541	430	0	
7	0	0	0	0	548	436	0	
8	0	0	0	0	551	440	0	
9	0	0	0	0	550	443	0	
10	0	0	0	0	547	444	0	
11	0	0	0	0	547	447	0	
12	0	0	0	0	546	451	0	
13	0	0	0	0	547	451	0	
14	0	0	0	0	541	451	0	
15	0	0	0	0	532	444	0	
0	0	0	0	0	522	437	0	
1	0	0	0	0	517	437	0	
2	0	0	0	0	514	437	0	
3	0	0	0	0	517	445	0	
4	0	0	0	0	516	458	0	
5	0	0	0	0	511	471	0	
6	0	0	0	0	505	481	0	
7	0	0	0	0	497	490	0	
8	0	0	0	0	487	493	0	
9	0	0	0	0	475	487	0	
10	0	0	0	0	468	480	0	
11	0	0	0	0	466	475	0	
12	0	0	0	0	472	470	0	
13	0	0	0	0	480	465	0	
14	0	0	0	0	481	459	0	
15	0	0	0	0	479	453	0	
0	0	0	0	0	473	446	0	
1	0	0	0	0	470	442	0	
2	0	0	0	0	472	443	0	
3	0	0	0	0	478	451	0	
4	0	0	0	0	486	463	0	
5	0	0	0	0	487	478	0	
6	0	0	0	0	487	488	0	
7	0	0	0	0	487	485	0	
8	0	0	0	0	491	472	0	
9	0	0	0	0	493	461	1	
10	0	0	0	0	494	447	0	
11	0	0	0	0	494	434	0	
12	0	0	0	0	498	432	0	
13	0	0	0	0	499	433	0	
14	0	0	0	0	498	435	0	
15	0	0	0	0	498	437	0	
0	0	0	0	0	500	434	0	
1	0	0	0	0	504	431	0	
2	0	0	0	0	506	428	0	
3	0	0	0	0	510	429	0	
4	0	0	0	0	512	423	0	
5	0	0	0	0	511	416	0	
6	0	0	0	0	509	414	0	
7	0	0	0	0	508	415	0	
8	0	0	0	0	505	416	0	
9	0	0	0	0	504	419	0	
10	0	0	0	0	502	420	0	
11	0	0	0	0	499	429	0	
12	0	0	0	0	499	429	0	
13	0	0	0	0	500	431	0	
14	0	0	0	0	502	429	0	
15	0	0	0	0	502	425	0	
0	0	0	0	0	502	417	0	
1	0	0	0	0	499	408	0	
2	0	0	0	0	494	403	0	
3	0	0	0	0	489	403	0	
4	0	0	0	0	484	404	0	
5	0	0	0	0	484	410	0	
6	0	0	0	0	489	415	0	
7	0	0	0	0	499	418	0	
8	0	0	0	0	507	419	0	
9	0	0	0	0	511	420	0	
10	0	0	0	0	507	419	0	
11	0	0	0	0	500	419	0	
12	0	0	0	0	491	422	0	
13	0	0	0	0	484	425	0	
14	0	0	0	0	479	425	0	
15	0	0	0	0	479	419	0	
0	0	0	0	0	485	415	0	
1	0	0	0	0	494	415	0	
2	0	0	0	0	502	421	0	
3	0	0	0	0	509	431	0	
4	0	0	0	0	515	436	0	
5	0	0	0	0	518	439	0	
6	0	0	0	0	519	439	0	
7	0	0	0	0	518	443	0	
8	0	0	0	0	514	448	0	
9	0	0	0	0	508	459	0	
10	0	0	0	0	498	470	0	
11	0	0	0	0	496	475	0	
12	0	0	0	0	497	471	0	
13	0	0	0	0	507	453	0	
14	0	0	0	0	519	437	0	
15	0	0	0	0	524	427	0	
0	0	0	0	0	528	422	0	
1	0	0	0	0	526	422	0	
2	0	0	0	0	519	418	0	
3	0	0	0	0	515	420	0	
4	0	0	0	0	512	424	0	
5	0	0	0	0	510	430	0	
6	0	0	0	0	509	433	0	
7	0	0	0	0	508	435	0	
8	0	0	0	0	508	440	0	
9	0	0	0	0	507	444	0	
10	0	0	0	0	508	450	0	
11	0	0	0	0	509	454	0	
12	0	0	0	0	507	454	0	
13	0	0	0	0	513	452	0	
14	0	0	0	0	514	446	0	
15	0	0	0	0	511	441	0	
0	0	0	0	0	509	436	0	
1	0	0	0	0	505	433	0	
2	0	0	0	0	505	434	0	
3	0	0	0	0	499	440	0	
4	0	0	0	0	492	451	0	
5	0	0	0	0	487	460	0	
6	0	0	0	0	486	457	0	
7	0	0	0	0	487	459	0	
8	0	0	0	0	488	458	0	
9	0	0	0	0	494	457	0	
10	0	0	0	0	501	455	0	
11	0	0	0	0	508	452	0	
12	0	0	0	0	515	453	0	
13	0	0	0	0	519	453	0	
14	0	0	0	0	527	456	0	
15	0	0	0	0	531	458	0	
0	0	0	0	0	533	458	0	
1	0	0	0	0	534	456	0	
2	0	0	0	0	531	454	0	
3	0	0	0	0	525	455	0	
4	0	0	0	0	515	458	0	
5	0	0	0	0	508	461	0	
6	0	0	0	0	503	473	0	
7	0	0	0	0	500	493	0	
8	0	0	0	0	502	512	0	
9	0	0	0	0	507	530	0	
10	0	0	0	0	519	545	0	
11	0	0	0	0	531	555	1	
12	0	0	0	0	541	563	0	
13	0	0	0	0	549	566	1	
14	0	0	0	0	551	566	1	
15	0	0	0	0	551	564	1	
0	0	0	0	0	548	547	1	
1	0	0	0	0	544	519	0	
2	0	0	0	0	544	493	0	
3	0	0	0	0	540	472	0	
4	0	0	0	0	530	455	0	
5	0	0	0	0	521	447	0	
6	0	0	0	0	517	440	0	
7	0	0	0	0	515	433	0	
8	0	0	0	0	513	428	0	
9	0	0	0	0	518	423	0	
10	0	0	0	0	516	418	0	
11	0	0	0	0	513	415	0	
12	0	0	0	0	513	413	0	
13	0	0	0	0	511	409	0	
14	0	0	0	0	511	405	0	
15	0	0	0	0	512	404	0	
0	0	0	0	0	513	407	0	
1	0	0	0	0	516	413	0	
2	0	0	0	0	518	418	0	
3	0	0	0	0	520	428	0	
4	0	0	0	0	522	437	0	
5	0	0	0	0	526	440	0	
6	0	0	0	0	531	433	0	
7	0	0	0	0	537	426	0	
8	0	0	0	0	536	419	0	
9	0	0	0	0	539	415	0	
10	0	0	0	0	530	410	0	
11	0	0	0	0	520	408	0	
12	0	0	0	0	518	410	0	
13	0	0	0	0	520	409	0	
14	0	0	0	0	526	413	0	
15	0	0	0	0	526	423	0	
0	0	0	0	0	522	435	0	
1	0	0	0	0	521	443	0	
2	0	0	0	0	526	439	0	
3	0	0	0	0	536	430	0	
4	0	0	0	0	546	419	0	
5	0	0	0	0	550	409	0	
6	0	0	0	0	548	408	0	
7	0	0	0	0	544	406	0	
8	0	0	0	0	543	410	0	
9	0	0	0	0	539	413	0	
10	0	0	0	0	535	408	0	
11	0	0	0	0	529	404	0	
12	0	0	0	0	525	403	0	
13	0	0	0	0	522	400	0	
14	0	0	0	0	518	398	0	
15	0	0	0	0	512	403	0	
0	0	0	0	0	511	412	0	
1	0	0	0	0	508	420	0	
2	0	0	0	0	509	430	0	
3	0	0	0	0	512	439	0	
4	0	0	0	0	518	455	0	
5	0	0	0	0	523	459	0	
6	0	0	0	0	526	453	0	
7	0	0	0	0	530	446	0	
8	0	0	0	0	531	444	0	
9	0	0	0	0	529	441	0	
10	0	0	0	0	523	446	0	
11	0	0	0	0	516	440	0	
12	0	0	0	0	510	432	0	
13	0	0	0	0	506	427	0	
14	0	0	0	0	504	431	0	
15	0	0	0	0	510	435	0	
0	0	0	0	0	519	438	0	
1	0	0	0	0	524	440	0	
2	0	0	0	0	527	445	0	
3	0	0	0	0	530	450	0	
4	0	0	0	0	535	449	0	
5	0	0	0	0	544	451	0	
6	0	0	0	0	557	459	0	
7	0	0	0	0	571	476	0	
8	0	0	0	0	581	492	0	
9	0	0	0	0	589	496	0	
10	0	0	0	0	591	500	0	
11	0	0	0	0	586	504	0	
12	0	0	0	0	581	504	0	
13	0	0	0	0	578	504	0	
14	0	0	0	0	579	501	0	
15	0	0	0	0	580	503	0	
0	0	0	0	0	583	506	0	
1	0	0	0	0	584	506	0	
2	0	0	0	0	587	504	0	
3	0	0	0	0	589	496	0	
4	0	0	0	0	592	492	0	
5	0	0	0	0	592	495	0	
6	0	0	0	0	590	499	0	
7	0	0	0	0	585	505	0	
8	0	0	0	0	576	514	0	
9	0	0	0	0	562	521	0	
10	0	0	0	0	551	522	0	
11	0	0	0	0	543	522	0	
12	0	0	0	0	538	523	0	
13	0	0	0	0	534	520	0	
14	0	0	0	0	535	521	0	
15	0	0	0	0	533	526	0	
0	0	0	0	0	535	529	0	
1	0	0	0	0	537	527	0	
2	0	0	0	0	535	526	0	
3	0	0	0	0	532	529	0	
4	0	0	0	0	528	531	0	
5	0	0	0	0	526	539	0	
6	0	0	0	0	522	548	1	
7	0	0	0	0	515	548	0	
8	0	0	0	0	512	546	0	
9	0	0	0	0	509	542	1	
10	0	0	0	0	507	532	0	
11	0	0	0	0	505	520	0	
12	0	0	0	0	508	509	0	
13	0	0	0	0	512	500	0	
14	0	0	0	0	513	498	0	
15	0	0	0	0	515	502	0	
0	0	0	0	0	513	507	0	
1	0	0	0	0	512	505	0	
2	0	0	0	0	509	496	0	
3	0	0	0	0	509	492	0	
4	0	0	0	0	516	489	0	
5	0	0	0	0	529	489	0	
6	0	0	0	0	534	492	0	
7	0	0	0	0	538	499	0	
8	0	0	0	0	545	508	0	
9	0	0	0	0	551	515	0	
10	0	0	0	0	559	515	0	
11	0	0	0	0	561	511	0	
12	0	0	0	0	561	504	0	
13	0	0	0	0	565	501	0	
14	0	0	0	0	562	500	0	
15	0	0	0	0	560	503	0	
0	0	0	0	0	557	508	0	
1	0	0	0	0	556	509	0	
2	0	0	0	0	560	512	0	
3	0	0	0	0	560	507	0	
4	0	0	0	0	559	508	1	
5	0	0	0	0	559	506	0	
6	0	0	0	0	560	505	0	
7	0	0	0	0	558	513	0	
8	0	0	0	0	551	531	0	
9	0	0	0	0	546	548	1	
10	0	0	0	0	542	551	1	
11	0	0	0	0	537	536	0	
12	0	0	0	0	536	526	0	
13	0	0	0	0	536	514	0	
14	0	0	0	0	546	506	0	
15	0	0	0	0	561	492	0	
0	0	0	0	0	569	480	0	
1	0	0	0	0	573	476	0	
2	0	0	0	0	578	481	0	
3	0	0	0	0	576	492	0	
4	0	0	0	0	569	504	0	
5	0	0	0	0	563	506	0	
6	0	0	0	0	560	509	0	
7	0	0	0	0	553	510	0	
8	0	0	0	0	540	516	0	
9	0	0	0	0	524	528	0	
10	0	0	0	0	511	543	0	
11	0	0	0	0	505	560	0	
12	0	0	0	0	502	579	1	
13	0	0	0	0	496	598	1	
14	0	0	0	0	488	610	1	
15	0	0	0	0	478	608	1	
0	0	0	0	0	473	598	1	
1	0	0	0	0	470	584	1	
2	0	0	0	0	466	573	1	
3	0	0	0	0	463	562	0	
4	0	0	0	0	463	548	1	
5	0	0	0	0	468	531	0	
6	0	0	0	0	477	515	0	
7	0	0	0	0	487	504	0	
8	0	0	0	0	501	497	0	
9	0	0	0	0	512	492	0	
10	0	0	0	0	525	491	0	
11	0	0	0	0	534	495	0	
12	0	0	0	0	545	502	0	
13	0	0	0	0	553	509	0	
14	0	0	0	0	560	518	0	
15	0	0	0	0	569	529	0	
0	0	0	0	0	579	541	0	
1	0	0	0	0	584	547	1	
2	0	0	0	0	587	553	1	
3	0	0	0	0	585	560	1	
4	0	0	0	0	583	569	1	
5	0	0	0	0	583	572	1	
6	0	0	0	0	588	561	1	
7	0	0	0	0	591	545	0	
8	0	0	0	0	591	527	0	
9	0	0	0	0	586	511	0	
10	0	0	0	0	583	499	0	
11	0	0	0	0	582	496	0	
12	0	0	0	0	575	500	0	
13	0	0	0	0	570	503	0	
14	0	0	0	0	563	502	0	
15	0	0	0	0	557	499	0	
0	0	0	0	0	554	499	0	
1	0	0	0	0	546	498	0	
2	0	0	0	0	543	499	0	
3	0	0	0	0	538	497	0	
4	0	0	0	0	538	495	0	
5	0	0	0	0	535	493	0	
6	0	0	0	0	526	491	0	
7	0	0	0	0	518	490	0	
8	0	0	0	0	517	484	0	
9	0	0	0	0	519	480	0	
10	0	0	0	0	518	476	0	
11	0	0	0	0	513	472	0	
12	0	0	0	0	511	468	0	
13	0	0	0	0	517	463	0	
14	0	0	0	0	525	470	0	
15	0	0	0	0	531	479	0	
0	0	0	0	0	534	486	0	
1	0	0	0	0	536	492	0	
2	0	0	0	0	541	498	0	
3	0	0	0	0	550	503	0	
4	0	0	0	0	560	512	0	
5	0	0	0	0	567	522	0	
6	0	0	0	0	567	530	0	
7	0	0	0	0	568	527	0	
8	0	0	0	0	569	522	0	
9	0	0	0	0	571	516	0	
10	0	0	0	0	574	511	0	
11	0	0	0	0	573	503	0	
12	0	0	0	0	571	498	0	
13	0	0	0	0	568	493	0	
14	0	0	0	0	563	492	0	
15	0	0	0	0	560	496	0	
0	0	0	0	0	554	500	0	
1	0	0	0	0	543	505	0	
2	0	0	0	0	541	516	0	
3	0	0	0	0	544	526	0	
4	0	0	0	0	549	529	0	
5	0	0	0	0	550	536	0	
6	0	0	0	0	551	537	0	
7	0	0	0	0	549	533	0	
8	0	0	0	0	549	529	0	
9	0	0	0	0	551	527	0	
10	0	0	0	0	555	532	1	
11	0	0	0	0	558	529	0	
12	0	0	0	0	561	521	1	
13	0	0	0	0	563	509	0	
14	0	0	0	0	566	501	0	
15	0	0	0	0	566	490	0	
0	0	0	0	0	564	484	0	
1	0	0	0	0	558	486	0	
2	0	0	0	0	556	487	0	
3	0	0	0	0	554	491	0	
4	0	0	0	0	556	492	0	
5	0	0	0	0	560	494	0	
6	0	0	0	0	564	496	0	
7	0	0	0	0	569	499	0	
8	0	0	0	0	572	504	0	
9	0	0	0	0	570	511	0	
10	0	0	0	0	568	516	0	
11	0	0	0	0	568	515	0	
12	0	0	0	0	568	513	0	
13	0	0	0	0	568	510	0	
14	0	0	0	0	562	506	0	
15	0	0	0	0	554	503	0	
0	0	0	0	0	549	504	0	
1	0	0	0	0	541	512	0	
2	0	0	0	0	530	515	0	
3	0	0	0	0	524	515	0	
4	0	0	0	0	519	517	0	
5	0	0	0	0	516	518	0	
6	0	0	0	0	513	513	0	
7	0	0	0	0	513	508	0	
8	0	0	0	0	515	500	0	
9	0	0	0	0	519	497	0	
10	0	0	0	0	526	496	0	
11	0	0	0	0	532	503	0	
12	0	0	0	0	535	519	0	
13	0	0	0	0	535	527	0	
14	0	0	0	0	541	524	0	
15	0	0	0	0	545	514	0	
0	0	0	0	0	547	503	0	
1	0	0	0	0	542	495	0	
2	0	0	0	0	536	492	0	
3	0	0	0	0	535	495	0	
4	0	0	0	0	542	496	0	
5	0	0	0	0	554	495	0	
6	0	0	0	0	562	493	0	
7	0	0	0	0	563	489	0	
8	0	0	0	0	562	486	0	
9	0	0	0	0	559	483	0	
10	0	0	0	0	548	485	0	
11	0	0	0	0	534	484	0	
12	0	0	0	0	523	482	0	
13	0	0	0	0	516	486	0	
14	0	0	0	0	515	488	0	
15	0	0	0	0	516	492	0	
0	0	0	0	0	521	491	0	
1	0	0	0	0	528	487	0	
2	0	0	0	0	531	485	0	
3	0	0	0	0	527	485	0	
4	0	0	0	0	522	485	0	
5	0	0	0	0	515	491	0	
6	0	0	0	0	513	494	0	
7	0	0	0	0	512	489	0	
8	0	0	0	0	515	484	0	
9	0	0	0	0	517	478	0	
10	0	0	0	0	510	469	0	
11	0	0	0	0	502	463	0	
12	0	0	0	0	497	464	0	
13	0	0	0	0	495	473	0	
14	0	0	0	0	495	482	0	
15	0	0	0	0	492	488	0	
0	0	0	0	0	489	492	0	
1	0	0	0	0	494	497	0	
2	0	0	0	0	503	500	0	
3	0	0	0	0	511	504	0	
4	0	0	0	0	519	506	0	
5	0	0	0	0	527	505	0	
6	0	0	0	0	538	504	0	
7	0	0	0	0	550	507	0	
8	0	0	0	0	553	515	0	
9	0	0	0	0	547	518	0	
10	0	0	0	0	535	512	0	
11	0	0	0	0	523	513	0	
12	0	0	0	0	512	519	0	
13	0	0	0	0	507	531	0	
14	0	0	0	0	511	547	1	
15	0	0	0	0	516	547	0	
0	0	0	0	0	525	543	0	
1	0	0	0	0	528	536	0	
2	0	0	0	0	530	530	0	
3	0	0	0	0	528	527	0	
4	0	0	0	0	524	522	0	
5	0	0	0	0	521	518	0	
6	0	0	0	0	522	509	0	
7	0	0	0	0	520	496	0	
8	0	0	0	0	524	485	0	
9	0	0	0	0	528	476	0	
10	0	0	0	0	534	476	0	
11	0	0	0	0	538	481	0	
12	0	0	0	0	541	483	0	
13	0	0	0	0	543	487	0	
14	0	0	0	0	540	491	0	
15	0	0	0	0	533	493	0	
0	0	0	0	0	525	495	0	
1	0	0	0	0	523	501	0	
2	0	0	0	0	518	512	0	
3	0	0	0	0	513	526	0	
4	0	0	0	0	508	527	0	
5	0	0	0	0	505	523	0	
6	0	0	0	0	505	521	0	
7	0	0	0	0	512	519	0	
8	0	0	0	0	525	518	0	
9	0	0	0	0	542	516	0	
10	0	0	0	0	556	517	0	
11	0	0	0	0	563	519	0	
12	0	0	0	0	564	518	0	
13	0	0	0	0	564	519	0	
14	0	0	0	0	560	513	0	
15	0	0	0	0	557	510	0	
0	0	0	0	0	554	510	1	
1	0	0	0	0	549	512	0	
2	0	0	0	0	542	521	0	
3	0	0	0	0	534	532	0	
4	0	0	0	0	526	535	0	
5	0	0	0	0	519	540	1	
6	0	0	0	0	515	542	0	
7	0	0	0	0	509	539	0	
8	0	0	0	0	506	533	0	
9	0	0	0	0	504	527	0	
10	0	0	0	0	504	518	0	
11	0	0	0	0	503	515	0	
12	0	0	0	0	502	512	0	
13	0	0	0	0	512	511	0	
14	0	0	0	0	525	509	0	
15	0	0	0	0	529	508	0	
0	0	0	0	0	530	512	0	
1	0	0	0	0	535	513	0	
2	0	0	0	0	543	517	0	
3	0	0	0	0	551	529	0	
4	0	0	0	0	551	540	0	
5	0	0	0	0	546	547	1	
6	0	0	0	0	539	549	0	
7	0	0	0	0	536	544	0	
8	0	0	0	0	534	531	0	
9	0	0	0	0	531	519	0	
10	0	0	0	0	529	513	0	
11	0	0	0	0	525	507	0	
12	0	0	0	0	520	505	0	
13	0	0	0	0	515	507	0	
14	0	0	0	0	515	504	0	
15	0	0	0	0	513	499	0	
0	0	0	0	0	507	496	0	
1	0	0	0	0	504	496	0	
2	0	0	0	0	505	495	0	
3	0	0	0	0	510	493	0	
4	0	0	0	0	513	492	0	
5	0	0	0	0	514	485	0	
6	0	0	0	0	514	480	0	
7	0	0	0	0	512	481	0	
8	0	0	0	0	506	480	0	
9	0	0	0	0	502	479	0	
10	0	0	0	0	501	479	0	
11	0	0	0	0	500	480	0	
12	0	0	0	0	504	486	0	
13	0	0	0	0	504	496	0	
14	0	0	0	0	503	509	0	
15	0	0	0	0	504	517	0	
0	0	0	0	0	505	515	0	
1	0	0	0	0	510	511	0	
2	0	0	0	0	509	508	0	
3	0	0	0	0	509	511	0	
4	0	0	0	0	506	510	0	
5	0	0	0	0	500	509	0	
6	0	0	0	0	494	510	0	
7	0	0	0	0	490	515	0	
8	0	0	0	0	489	517	0	
9	0	0	0	0	488	515	0	
10	0	0	0	0	489	515	0	
11	0	0	0	0	492	514	0	
12	0	0	0	0	492	514	0	
13	0	0	0	0	492	515	0	
14	0	0	0	0	492	520	0	
15	0	0	0	0	497	522	0	
0	0	0	0	0	501	520	0	
1	0	0	0	0	505	519	1	
2	0	0	0	0	506	508	0	
3	0	0	0	0	506	501	0	
4	0	0	0	0	502	493	0	
5	0	0	0	0	497	491	0	
6	0	0	0	0	497	496	0	
7	0	0	0	0	494	504	0	
8	0	0	0	0	493	518	0	
9	0	0	0	0	496	534	0	
10	0	0	0	0	508	539	0	
11	0	0	0	0	517	532	0	
12	0	0	0	0	521	520	0	
13	0	0	0	0	524	514	0	
14	0	0	0	0	524	510	0	
15	0	0	0	0	524	512	0	
0	0	0	0	0	524	518	0	
1	0	0	0	0	524	519	0	
2	0	0	0	0	521	516	0	
3	0	0	0	0	512	514	0	
4	0	0	0	0	497	511	0	
5	0	0	0	0	483	507	0	
6	0	0	0	0	473	504	0	
7	0	0	0	0	467	505	0	
8	0	0	0	0	465	508	0	
9	0	0	0	0	466	500	0	
10	0	0	0	0	475	491	0	
11	0	0	0	0	488	483	0	
12	0	0	0	0	495	473	0	
13	0	0	0	0	501	467	0	
14	0	0	0	0	507	468	0	
15	0	0	0	0	515	471	0	
0	0	0	0	0	520	474	0	
1	0	0	0	0	525	481	0	
2	0	0	0	0	524	486	0	
3	0	0	0	0	519	491	0	
4	0	0	0	0	511	496	0	
5	0	0	0	0	502	496	0	
6	0	0	0	0	487	502	0	
7	0	0	0	0	473	506	0	
8	0	0	0	0	465	508	0	
9	0	0	0	0	462	508	0	
10	0	0	0	0	456	514	0	
11	0	0	0	0	452	520	0	
12	0	0	0	0	451	528	0	
13	0	0	0	0	455	541	1	
14	0	0	0	0	458	556	1	
15	0	0	0	0	460	571	1	
0	0	0	0	0	464	581	1	
1	0	0	0	0	468	587	1	
2	0	0	0	0	468	591	1	
3	0	0	0	0	469	594	1	
4	0	0	0	0	467	598	1	
5	0	0	0	0	465	594	1	
6	0	0	0	0	467	587	1	
7	0	0	0	0	472	572	1	
8	0	0	0	0	476	558	1	
9	0	0	0	0	480	545	1	
10	0	0	0	0	486	537	0	
11	0	0	0	0	489	531	0	
12	0	0	0	0	488	526	0	
13	0	0	0	0	486	531	0	
14	0	0	0	0	482	544	0	
15	0	0	0	0	479	559	1	
0	0	0	0	0	475	566	1	
1	0	0	0	0	475	568	1	
2	0	0	0	0	481	565	1	
3	0	0	0	0	489	556	1	
4	0	0	0	0	496	547	1	
5	0	0	0	0	505	536	0	
6	0	0	0	0	510	519	0	
7	0	0	0	0	511	504	0	
8	0	0	0	0	511	495	0	
9	0	0	0	0	504	490	0	
10	0	0	0	0	489	485	0	
11	0	0	0	0	472	481	0	
12	0	0	0	0	458	481	0	
13	0	0	0	0	449	484	0	
14	0	0	0	0	447	486	0	
15	0	0	0	0	451	490	0	
0	0	0	0	0	454	494	0	
1	0	0	0	0	459	500	0	
2	0	0	0	0	463	509	0	
3	0	0	0	0	470	519	0	
4	0	0	0	0	474	526	0	
5	0	0	0	0	474	532	0	
6	0	0	0	0	472	542	0	
7	0	0	0	0	471	551	1	
8	0	0	0	0	473	555	1	
9	0	0	0	0	470	558	1	
10	0	0	0	0	468	565	1	
11	0	0	0	0	466	572	1	
12	0	0	0	0	464	575	1	
13	0	0	0	0	464	572	1	
14	0	0	0	0	466	568	1	
15	0	0	0	0	473	561	1	
0	0	0	0	0	483	552	1	
1	0	0	0	0	492	545	0	
2	0	0	0	0	494	536	0	
3	0	0	0	0	494	525	0	
4	0	0	0	0	495	521	0	
5	0	0	0	0	492	519	0	
6	0	0	0	0	486	520	0	
7	0	0	0	0	481	524	0	
8	0	0	0	0	475	534	0	
9	0	0	0	0	470	537	1	
10	0	0	0	0	469	535	0	
11	0	0	0	0	472	531	0	
12	0	0	0	0	483	523	0	
13	0	0	0	0	503	512	0	
14	0	0	0	0	525	503	0	
15	0	0	0	0	536	496	0	
0	0	0	0	0	539	493	0	
1	0	0	0	0	537	493	0	
2	0	0	0	0	531	496	0	
3	0	0	0	0	519	501	0	
4	0	0	0	0	509	505	0	
5	0	0	0	0	498	507	0	
6	0	0	0	0	490	506	0	
7	0	0	0	0	479	504	0	
8	0	0	0	0	479	506	0	
9	0	0	0	0	487	508	0	
10	0	0	0	0	494	514	0	
11	0	0	0	0	493	516	0	
12	0	0	0	0	489	517	0	
13	0	0	0	0	486	515	0	
14	0	0	0	0	483	509	0	
15	0	0	0	0	482	504	0	
0	0	0	0	0	480	501	0	
1	0	0	0	0	479	505	0	
2	0	0	0	0	480	510	0	
3	0	0	0	0	484	514	0	
4	0	0	0	0	488	518	0	
5	0	0	0	0	489	518	0	
6	0	0	0	0	487	516	0	
7	0	0	0	0	492	518	0	
8	0	0	0	0	497	523	0	
9	0	0	0	0	503	530	0	
10	0	0	0	0	509	534	0	
11	0	0	0	0	514	534	0	
12	0	0	0	0	514	531	0	
13	0	0	0	0	513	529	0	
14	0	0	0	0	515	523	0	
15	0	0	0	0	515	510	0	
0	0	0	0	0	515	493	0	
1	0	0	0	0	512	480	0	
2	0	0	0	0	510	472	0	
3	0	0	0	0	507	467	0	
4	0	0	0	0	504	467	0	
5	0	0	0	0	500	467	0	
6	0	0	0	0	497	472	0	
7	0	0	0	0	496	480	0	
8	0	0	0	0	492	491	0	
9	0	0	0	0	491	496	0	
10	0	0	0	0	495	502	0	
11	0	0	0	0	495	502	1	
12	0	0	0	0	496	503	0	
13	0	0	0	0	499	507	0	
14	0	0	0	0	504	507	0	
15	0	0	0	0	514	505	0	
0	0	0	0	0	523	498	0	
1	0	0	0	0	526	495	0	
2	0	0	0	0	524	494	0	
3	0	0	0	0	515	489	0	
4	0	0	0	0	507	490	0	
5	0	0	0	0	497	491	0	
6	0	0	0	0	488	491	0	
7	0	0	0	0	479	493	0	
8	0	0	0	0	468	500	0	
9	0	0	0	0	455	515	0	
10	0	0	0	0	440	523	1	
11	0	0	0	0	428	526	0	
12	0	0	0	0	418	524	0	
13	0	0	0	0	413	514	0	
14	0	0	0	0	414	500	0	
15	0	0	0	0	422	489	0	
0	0	0	0	0	437	485	0	
1	0	0	0	0	451	487	0	
2	0	0	0	0	463	496	0	
3	0	0	0	0	477	502	0	
4	0	0	0	0	487	494	0	
5	0	0	0	0	499	487	0	
6	0	0	0	0	502	483	0	
7	0	0	0	0	497	478	0	
8	0	0	0	0	489	472	0	
9	0	0	0	0	480	470	0	
10	0	0	0	0	476	471	0	
11	0	0	0	0	473	473	0	
12	0	0	0	0	469	480	0	
13	0	0	0	0	463	491	0	
14	0	0	0	0	460	509	0	
15	0	0	0	0	459	525	0	
0	0	0	0	0	454	536	0	
1	0	0	0	0	451	543	0	
2	0	0	0	0	448	539	0	
3	0	0	0	0	449	531	0	
4	0	0	0	0	455	525	0	
5	0	0	0	0	458	521	0	
6	0	0	0	0	460	519	0	
7	0	0	0	0	460	517	0	
8	0	0	0	0	460	510	0	
9	0	0	0	0	455	498	0	
10	0	0	0	0	455	488	0	
11	0	0	0	0	457	476	0	
12	0	0	0	0	462	466	0	
13	0	0	0	0	465	462	0	
14	0	0	0	0	466	470	0	
15	0	0	0	0	469	480	0	
0	0	0	0	0	472	490	0	
1	0	0	0	0	473	503	0	
2	0	0	0	0	475	515	0	
3	0	0	0	0	480	526	0	
4	0	0	0	0	483	535	0	
5	0	0	0	0	482	532	0	
6	0	0	0	0	483	527	0	
7	0	0	0	0	483	524	1	
8	0	0	0	0	485	521	0	
9	0	0	0	0	491	516	0	
10	0	0	0	0	494	505	0	
11	0	0	0	0	498	495	0	
12	0	0	0	0	500	484	0	
13	0	0	0	0	501	477	0	
14	0	0	0	0	500	477	0	
15	0	0	0	0	492	485	0	
0	0	0	0	0	486	494	0	
1	0	0	0	0	490	498	0	
2	0	0	0	0	502	502	0	
3	0	0	0	0	513	503	0	
4	0	0	0	0	514	503	0	
5	0	0	0	0	511	511	0	
6	0	0	0	0	506	519	0	
7	0	0	0	0	504	526	0	
8	0	0	0	0	503	533	0	
9	0	0	0	0	502	534	0	
10	0	0	0	0	503	539	0	
11	0	0	0	0	499	541	0	
12	0	0	0	0	492	540	1	
13	0	0	0	0	487	540	1	
14	0	0	0	0	485	541	1	
15	0	0	0	0	487	542	0	
0	0	0	0	0	489	541	0	
1	0	0	0	0	492	540	1	
2	0	0	0	0	490	539	0	
3	0	0	0	0	486	531	0	
4	0	0	0	0	481	528	0	
5	0	0	0	0	476	523	0	
6	0	0	0	0	470	521	0	
7	0	0	0	0	467	522	0	
8	0	0	0	0	462	521	0	
9	0	0	0	0	463	524	0	
10	0	0	0	0	465	523	0	
11	0	0	0	0	467	530	0	
12	0	0	0	0	471	536	0	
13	0	0	0	0	473	544	0	
14	0	0	0	0	477	554	1	
15	0	0	0	0	479	562	0	
0	0	0	0	0	480	566	1	
1	0	0	0	0	481	567	1	
2	0	0	0	0	477	562	1	
3	0	0	0	0	475	556	1	
4	0	0	0	0	477	546	0	
5	0	0	0	0	480	542	1	
6	0	0	0	0	482	545	1	
7	0	0	0	0	482	543	0	
8	0	0	0	0	480	529	0	
9	0	0	0	0	481	520	0	
10	0	0	0	0	480	515	0	
11	0	0	0	0	478	509	0	
12	0	0	0	0	478	502	0	
13	0	0	0	0	481	496	0	
14	0	0	0	0	486	491	0	
15	0	0	0	0	489	488	0	
0	0	0	0	0	490	488	0	
1	0	0	0	0	494	497	1	
2	0	0	0	0	500	508	0	
3	0	0	0	0	503	516	0	
4	0	0	0	0	503	518	0	
5	0	0	0	0	500	515	0	
6	0	0	0	0	497	505	0	
7	0	0	0	0	489	492	0	
8	0	0	0	0	484	484	0	
9	0	0	0	0	483	483	0	
10	0	0	0	0	478	490	0	
11	0	0	0	0	468	502	0	
12	0	0	0	0	461	513	0	
13	0	0	0	0	455	518	1	
14	0	0	0	0	449	518	0	
15	0	0	0	0	445	518	0	
0	0	0	0	0	446	519	0	
1	0	0	0	0	449	524	0	
2	0	0	0	0	453	529	0	
3	0	0	0	0	459	534	0	
4	0	0	0	0	463	537	0	
5	0	0	0	0	468	529	0	
6	0	0	0	0	477	518	0	
7	0	0	0	0	489	513	0	
8	0	0	0	0	498	511	0	
9	0	0	0	0	504	509	0	
10	0	0	0	0	507	507	0	
11	0	0	0	0	508	510	0	
12	0	0	0	0	507	511	0	
13	0	0	0	0	505	512	0	
14	0	0	0	0	499	509	0	
15	0	0	0	0	489	502	0	
0	0	0	0	0	482	497	0	
1	0	0	0	0	481	494	0	
2	0	0	0	0	478	494	0	
3	0	0	0	0	473	493	0	
4	0	0	0	0	468	494	0	
5	0	0	0	0	463	495	0	
6	0	0	0	0	460	491	0	
7	0	0	0	0	461	489	0	
8	0	0	0	0	464	489	0	
9	0	0	0	0	470	494	0	
10	0	0	0	0	480	503	0	
11	0	0	0	0	491	516	0	
12	0	0	0	0	503	526	0	
13	0	0	0	0	511	525	0	
14	0	0	0	0	517	519	0	
15	0	0	0	0	518	508	0	
0	0	0	0	0	522	496	0	
1	0	0	0	0	523	484	0	
2	0	0	0	0	520	481	0	
3	0	0	0	0	512	488	0	
4	0	0	0	0	507	494	0	
5	0	0	0	0	505	492	0	
6	0	0	0	0	501	486	0	
7	0	0	0	0	496	487	0	
8	0	0	0	0	492	487	0	
9	0	0	0	0	493	492	0	
10	0	0	0	0	492	492	0	
11	0	0	0	0	499	487	0	
12	0	0	0	0	504	483	0	
13	0	0	0	0	508	478	0	
14	0	0	0	0	512	481	0	
15	0	0	0	0	514	486	0	
0	0	0	0	0	516	491	0	
1	0	0	0	0	515	496	0	
2	0	0	0	0	512	497	0	
3	0	0	0	0	508	505	0	
4	0	0	0	0	504	508	0	
5	0	0	0	0	501	515	0	
6	0	0	0	0	503	520	0	
7	0	0	0	0	508	517	0	
8	0	0	0	0	513	509	0	
9	0	0	0	0	519	500	0	
10	0	0	0	0	523	491	0	
11	0	0	0	0	523	481	0	
12	0	0	0	0	522	474	0	
13	0	0	0	0	524	470	0	
14	0	0	0	0	525	473	0	
15	0	0	0	0	520	476	0	
0	0	0	0	0	515	479	0	
1	0	0	0	0	512	480	0	
2	0	0	0	0	512	478	0	
3	0	0	0	0	515	476	0	
4	0	0	0	0	523	475	0	
5	0	0	0	0	527	478	0	
6	0	0	0	0	534	479	0	
7	0	0	0	0	536	481	0	
8	0	0	0	0	534	481	0	
9	0	0	0	0	527	481	0	
10	0	0	0	0	524	487	0	
11	0	0	0	0	520	497	0	
12	0	0	0	0	518	504	0	
13	0	0	0	0	519	502	0	
14	0	0	0	0	519	494	0	
15	0	0	0	0	521	481	0	
0	0	0	0	0	525	475	0	
1	0	0	0	0	527	474	0	
2	0	0	0	0	532	479	0	
3	0	0	0	0	539	486	0	
4	0	0	0	0	547	486	0	
5	0	0	0	0	552	483	0	
6	0	0	0	0	547	479	0	
7	0	0	0	0	536	480	0	
8	0	0	0	0	530	488	0	
9	0	0	0	0	523	491	0	
10	0	0	0	0	517	495	0	
11	0	0	0	0	510	497	0	
12	0	0	0	0	507	503	0	
13	0	0	0	0	510	514	0	
14	0	0	0	0	520	524	0	
15	0	0	0	0	530	527	0	
0	0	0	0	0	537	531	0	
1	0	0	0	0	536	531	0	
2	0	0	0	0	542	527	0	
3	0	0	0	0	549	527	0	
4	0	0	0	0	553	523	0	
5	0	0	0	0	554	520	0	
6	0	0	0	0	551	519	0	
7	0	0	0	0	547	515	0	
8	0	0	0	0	540	516	0	
9	0	0	0	0	534	518	0	
10	0	0	0	0	531	521	0	
11	0	0	0	0	527	526	1	
12	0	0	0	0	525	522	0	
13	0	0	0	0	529	513	0	
14	0	0	0	0	536	503	0	
15	0	0	0	0	542	500	0	
0	0	0	0	0	546	500	0	
1	0	0	0	0	551	507	0	
2	0	0	0	0	555	518	0	
3	0	0	0	0	551	525	0	
4	0	0	0	0	549	535	0	
5	0	0	0	0	543	543	0	
6	0	0	0	0	543	539	0	
7	0	0	0	0	544	532	0	
8	0	0	0	0	547	524	0	
9	0	0	0	0	546	518	0	
10	0	0	0	0	545	512	0	
11	0	0	0	0	542	510	0	
12	0	0	0	0	539	508	0	
13	0	0	0	0	538	504	0	
14	0	0	0	0	536	504	0	
15	0	0	0	0	536	508	0	
0	0	0	0	0	537	513	0	
1	0	0	0	0	542	523	0	
2	0	0	0	0	539	531	0	
3	0	0	0	0	535	537	0	
4	0	0	0	0	531	539	0	
5	0	0	0	0	529	532	1	
6	0	0	0	0	524	521	0	
7	0	0	0	0	519	506	0	
8	0	0	0	0	516	496	0	
9	0	0	0	0	513	496	0	
10	0	0	0	0	511	496	0	
11	0	0	0	0	508	493	0	
12	0	0	0	0	506	493	0	
13	0	0	0	0	507	495	0	
14	0	0	0	0	511	495	0	
15	0	0	0	0	516	495	0	
0	0	0	0	0	524	497	0	
1	0	0	0	0	529	499	0	
2	0	0	0	0	538	505	0	
3	0	0	0	0	545	508	0	
4	0	0	0	0	552	512	0	
5	0	0	0	0	556	521	0	
6	0	0	0	0	555	526	0	
7	0	0	0	0	551	530	0	
8	0	0	0	0	546	526	0	
9	0	0	0	0	542	512	0	
10	0	0	0	0	541	501	0	
11	0	0	0	0	535	490	0	
12	0	0	0	0	527	491	0	
13	0	0	0	0	519	494	0	
14	0	0	0	0	512	493	0	
15	0	0	0	0	506	489	0	
0	0	0	0	0	500	487	0	
1	0	0	0	0	497	491	0	
2	0	0	0	0	497	493	0	
3	0	0	0	0	500	499	0	
4	0	0	0	0	503	505	0	
5	0	0	0	0	509	508	0	
6	0	0	0	0	514	513	0	
7	0	0	0	0	511	517	0	
8	0	0	0	0	505	515	0	
9	0	0	0	0	504	504	0	
10	0	0	0	0	507	492	0	
11	0	0	0	0	508	483	0	
12	0	0	0	0	509	475	0	
13	0	0	0	0	510	472	0	
14	0	0	0	0	511	471	0	
15	0	0	0	0	515	471	0	
0	0	0	0	0	517	472	0	
1	0	0	0	0	519	476	0	
2	0	0	0	0	519	482	0	
3	0	0	0	0	517	499	0	
4	0	0	0	0	514	516	0	
5	0	0	0	0	514	532	0	
6	0	0	0	0	519	534	0	
7	0	0	0	0	527	529	0	
8	0	0	0	0	529	524	0	
9	0	0	0	0	529	524	0	
10	0	0	0	0	525	528	0	
11	0	0	0	0	520	531	0	
12	0	0	0	0	521	535	1	
13	0	0	0	0	523	536	0	
14	0	0	0	0	521	539	0	
15	0	0	0	0	523	540	0	
0	0	0	0	0	522	539	0	
1	0	0	0	0	522	539	0	
2	0	0	0	0	525	533	0	
3	0	0	0	0	532	532	0	
4	0	0	0	0	536	538	0	
5	0	0	0	0	537	548	1	
6	0	0	0	0	535	558	1	
7	0	0	0	0	535	562	1	
8	0	0	0	0	532	559	1	
9	0	0	0	0	526	560	1	
10	0	0	0	0	517	561	1	
11	0	0	0	0	507	563	1	
12	0	0	0	0	498	564	1	
13	0	0	0	0	495	561	1	
14	0	0	0	0	498	560	1	
15	0	0	0	0	504	562	1	
0	0	0	0	0	516	564	1	
1	0	0	0	0	532	563	1	
2	0	0	0	0	545	560	1	
3	0	0	0	0	555	552	1	
4	0	0	0	0	555	542	0	
5	0	0	0	0	552	531	0	
6	0	0	0	0	551	523	0	
7	0	0	0	0	549	519	0	
8	0	0	0	0	552	516	0	
9	0	0	0	0	555	513	0	
10	0	0	0	0	552	513	0	
11	0	0	0	0	547	513	0	
12	0	0	0	0	541	510	0	
13	0	0	0	0	533	513	0	
14	0	0	0	0	526	520	0	
15	0	0	0	0	523	528	0	
0	0	0	0	0	518	536	0	
1	0	0	0	0	514	547	1	
2	0	0	0	0	513	548	1	
3	0	0	0	0	519	541	0	
4	0	0	0	0	524	532	0	
5	0	0	0	0	523	519	0	
6	0	0	0	0	523	510	0	
7	0	0	0	0	519	509	0	
8	0	0	0	0	519	511	0	
9	0	0	0	0	525	514	0	
10	0	0	0	0	530	505	0	
11	0	0	0	0	537	495	0	
12	0	0	0	0	539	484	0	
13	0	0	0	0	542	478	0	
14	0	0	0	0	540	473	0	
15	0	0	0	0	531	463	0	
0	0	0	0	0	525	453	0	
1	0	0	0	0	518	444	0	
2	0	0	0	0	520	443	0	
3	0	0	0	0	526	444	0	
4	0	0	0	0	536	452	0	
5	0	0	0	0	545	458	0	
6	0	0	0	0	551	463	0	
7	0	0	0	0	554	462	0	
8	0	0	0	0	554	462	0	
9	0	0	0	0	551	463	0	
10	0	0	0	0	547	464	0	
11	0	0	0	0	540	466	0	
12	0	0	0	0	531	467	0	
13	0	0	0	0	526	468	0	
14	0	0	0	0	525	475	0	
15	0	0	0	0	524	476	0	
0	0	0	0	0	525	477	0	
1	0	0	0	0	524	478	0	
2	0	0	0	0	523	475	0	
3	0	0	0	0	527	477	0	
4	0	0	0	0	527	481	0	
5	0	0	0	0	527	488	0	
6	0	0	0	0	526	497	0	
7	0	0	0	0	525	498	0	
8	0	0	0	0	527	496	0	
9	0	0	0	0	527	490	0	
10	0	0	0	0	527	483	0	
11	0	0	0	0	526	472	0	
12	0	0	0	0	522	463	0	
13	0	0	0	0	522	457	0	
14	0	0	0	0	519	454	0	
15	0	0	0	0	521	455	0	
0	0	0	0	0	520	458	0	
1	0	0	0	0	513	459	0	
2	0	0	0	0	504	462	0	
3	0	0	0	0	499	460	0	
4	0	0	0	0	494	465	0	
5	0	0	0	0	488	474	0	
6	0	0	0	0	487	484	0	
7	0	0	0	0	489	492	0	
8	0	0	0	0	489	496	0	
9	0	0	0	0	489	499	0	
10	0	0	0	0	483	501	0	
11	0	0	0	0	475	505	0	
12	0	0	0	0	471	508	0	
13	0	0	0	0	469	504	0	
14	0	0	0	0	471	502	0	
15	0	0	0	0	477	502	0	
0	0	0	0	0	488	504	1	
1	0	0	0	0	497	505	0	
2	0	0	0	0	503	503	0	
3	0	0	0	0	511	500	0	
4	0	0	0	0	519	495	0	
5	0	0	0	0	523	488	0	
6	0	0	0	0	531	482	0	
7	0	0	0	0	537	479	0	
8	0	0	0	0	540	482	0	
9	0	0	0	0	531	491	0	
10	0	0	0	0	516	498	0	
11	0	0	0	0	503	499	0	
12	0	0	0	0	494	499	0	
13	0	0	0	0	488	497	0	
14	0	0	0	0	481	497	0	
15	0	0	0	0	477	497	0	
0	0	0	0	0	480	497	0	
1	0	0	0	0	480	499	0	
2	0	0	0	0	481	502	0	
3	0	0	0	0	484	505	0	
4	0	0	0	0	486	507	0	
5	0	0	0	0	487	507	0	
6	0	0	0	0	486	508	0	
7	0	0	0	0	491	513	0	
8	0	0	0	0	499	516	0	
9	0	0	0	0	508	515	0	
10	0	0	0	0	519	512	0	
11	0	0	0	0	523	507	0	
12	0	0	0	0	527	503	0	
13	0	0	0	0	529	496	0	
14	0	0	0	0	531	488	0	
15	0	0	0	0	534	483	0	
0	0	0	0	0	534	476	0	
1	0	0	0	0	533	471	0	
2	0	0	0	0	534	464	0	
3	0	0	0	0	536	461	0	
4	0	0	0	0	537	463	0	
5	0	0	0	0	539	464	0	
6	0	0	0	0	543	465	0	
7	0	0	0	0	551	462	0	
8	0	0	0	0	560	456	0	
9	0	0	0	0	563	448	0	
10	0	0	0	0	564	439	0	
11	0	0	0	0	572	436	0	
12	0	0	0	0	580	442	0	
13	0	0	0	0	578	449	0	
14	0	0	0	0	572	451	0	
15	0	0	0	0	564	455	0	
0	0	0	0	0	566	471	0	
1	0	0	0	0	564	483	1	
2	0	0	0	0	562	489	0	
3	0	0	0	0	568	491	0	
4	0	0	0	0	575	477	0	
5	0	0	0	0	579	463	0	
6	0	0	0	0	573	449	0	
7	0	0	0	0	562	430	0	
8	0	0	0	0	551	416	0	
9	0	0	0	0	543	410	0	
10	0	0	0	0	536	412	0	
11	0	0	0	0	527	415	0	
12	0	0	0	0	520	424	0	
13	0	0	0	0	515	432	0	
14	0	0	0	0	513	442	0	
15	0	0	0	0	510	454	0	
0	0	0	0	0	515	467	0	
1	0	0	0	0	523	480	0	
2	0	0	0	0	528	488	0	
3	0	0	0	0	527	493	0	
4	0	0	0	0	519	489	0	
5	0	0	0	0	513	485	0	
6	0	0	0	0	508	480	0	
7	0	0	0	0	505	479	0	
8	0	0	0	0	507	472	0	
9	0	0	0	0	507	470	0	
10	0	0	0	0	507	468	0	
11	0	0	0	0	507	471	0	
12	0	0	0	0	505	475	0	
13	0	0	0	0	511	485	0	
14	0	0	0	0	519	498	0	
15	0	0	0	0	527	515	0	
0	0	0	0	0	534	533	0	
1	0	0	0	0	535	539	1	
2	0	0	0	0	534	531	0	
3	0	0	0	0	532	519	0	
4	0	0	0	0	534	504	0	
5	0	0	0	0	536	493	0	
6	0	0	0	0	542	483	0	
7	0	0	0	0	547	476	0	
8	0	0	0	0	549	467	0	
9	0	0	0	0	549	460	0	
10	0	0	0	0	547	460	0	
11	0	0	0	0	544	457	0	
12	0	0	0	0	544	463	0	
13	0	0	0	0	540	467	0	
14	0	0	0	0	539	470	0	
15	0	0	0	0	536	466	0	
0	0	0	0	0	529	463	0	
1	0	0	0	0	527	458	0	
2	0	0	0	0	528	457	0	
3	0	0	0	0	536	468	0	
4	0	0	0	0	545	486	0	
5	0	0	0	0	554	493	0	
6	0	0	0	0	560	487	0	
7	0	0	0	0	565	479	0	
8	0	0	0	0	564	476	0	
9	0	0	0	0	563	478	0	
10	0	0	0	0	560	481	0	
11	0	0	0	0	553	480	0	
12	0	0	0	0	545	480	0	
13	0	0	0	0	542	478	0	
14	0	0	0	0	540	481	0	
15	0	0	0	0	540	486	0	
0	0	0	0	0	542	488	0	
1	0	0	0	0	546	494	0	
2	0	0	0	0	552	499	0	
3	0	0	0	0	558	508	0	
4	0	0	0	0	564	519	0	
5	0	0	0	0	569	524	0	
6	0	0	0	0	576	529	0	
7	0	0	0	0	579	535	0	
8	0	0	0	0	582	531	0	
9	0	0	0	0	588	526	0	
10	0	0	0	0	593	522	0	
11	0	0	0	0	593	522	0	
12	0	0	0	0	585	524	0	
13	0	0	0	0	573	529	0	
14	0	0	0	0	566	526	0	
15	0	0	0	0	556	520	0	
0	0	0	0	0	550	516	0	
1	0	0	0	0	545	519	0	
2	0	0	0	0	541	516	0	
3	0	0	0	0	542	508	0	
4	0	0	0	0	537	498	0	
5	0	0	0	0	531	493	0	
6	0	0	0	0	527	488	0	
7	0	0	0	0	527	488	0	
8	0	0	0	0	530	489	0	
9	0	0	0	0	534	492	0	
10	0	0	0	0	534	490	0	
11	0	0	0	0	537	491	0	
12	0	0	0	0	536	496	0	
13	0	0	0	0	541	499	0	
14	0	0	0	0	550	504	0	
15	0	0	0	0	556	504	0	
0	0	0	0	0	562	506	0	
1	0	0	0	0	565	511	0	
2	0	0	0	0	561	514	0	
3	0	0	0	0	556	512	0	
4	0	0	0	0	545	499	0	
5	0	0	0	0	539	491	0	
6	0	0	0	0	539	487	0	
7	0	0	0	0	537	487	0	
8	0	0	0	0	536	487	0	
9	0	0	0	0	536	476	0	
10	0	0	0	0	532	459	0	
11	0	0	0	0	525	446	0	
12	0	0	0	0	517	439	0	
13	0	0	0	0	512	435	0	
14	0	0	0	0	509	441	0	
15	0	0	0	0	508	451	0	
0	0	0	0	0	509	463	0	
1	0	0	0	0	501	473	0	
2	0	0	0	0	490	477	0	
3	0	0	0	0	482	476	0	
4	0	0	0	0	476	474	1	
5	0	0	0	0	472	468	0	
6	0	0	0	0	470	463	0	
7	0	0	0	0	472	457	0	
8	0	0	0	0	482	453	0	
9	0	0	0	0	495	457	0	
10	0	0	0	0	509	473	0	
11	0	0	0	0	516	492	0	
12	0	0	0	0	525	507	0	
13	0	0	0	0	534	513	0	
14	0	0	0	0	542	513	0	
15	0	0	0	0	548	515	0	
0	0	0	0	0	555	515	0	
1	0	0	0	0	558	508	0	
2	0	0	0	0	560	499	0	
3	0	0	0	0	561	493	0	
4	0	0	0	0	560	490	0	
5	0	0	0	0	557	485	0	
6	0	0	0	0	557	479	0	
7	0	0	0	0	558	473	0	
8	0	0	0	0	552	468	0	
9	0	0	0	0	551	463	0	
10	0	0	0	0	551	457	0	
11	0	0	0	0	548	458	0	
12	0	0	0	0	543	469	0	
13	0	0	0	0	536	487	0	
14	0	0	0	0	537	496	0	
15	0	0	0	0	536	499	0	
0	0	0	0	0	530	501	0	
1	0	0	0	0	524	505	0	
2	0	0	0	0	513	504	0	
3	0	0	0	0	503	503	0	
4	0	0	0	0	496	504	0	
5	0	0	0	0	491	502	0	
6	0	0	0	0	487	503	0	
7	0	0	0	0	490	507	0	
8	0	0	0	0	495	510	0	
9	0	0	0	0	498	510	0	
10	0	0	0	0	500	508	0	
11	0	0	0	0	504	508	0	
12	0	0	0	0	506	501	0	
13	0	0	0	0	507	499	0	
14	0	0	0	0	508	499	0	
15	0	0	0	0	510	502	0	
0	0	0	0	0	514	507	0	
1	0	0	0	0	520	517	0	
2	0	0	0	0	525	526	0	
3	0	0	0	0	528	530	0	
4	0	0	0	0	528	534	0	
5	0	0	0	0	527	540	0	
6	0	0	0	0	523	546	0	
7	0	0	0	0	523	551	1	
8	0	0	0	0	528	553	0	
9	0	0	0	0	527	553	1	
10	0	0	0	0	526	557	1	
11	0	0	0	0	527	558	0	
12	0	0	0	0	523	553	1	
13	0	0	0	0	511	547	0	
14	0	0	0	0	500	542	0	
15	0	0	0	0	493	542	0	
0	0	0	0	0	485	542	0	
1	0	0	0	0	479	538	1	
2	0	0	0	0	469	533	0	
3	0	0	0	0	459	528	0	
4	0	0	0	0	452	525	0	
5	0	0	0	0	451	525	0	
6	0	0	0	0	445	530	0	
7	0	0	0	0	440	539	0	
8	0	0	0	0	440	543	0	
9	0	0	0	0	447	541	0	
10	0	0	0	0	455	540	0	
11	0	0	0	0	463	543	0	
12	0	0	0	0	472	550	1	
13	0	0	0	0	476	551	1	
14	0	0	0	0	479	554	1	
15	0	0	0	0	484	556	1	
0	0	0	0	0	487	564	1	
1	0	0	0	0	491	570	1	
2	0	0	0	0	492	572	1	
3	0	0	0	0	497	571	1	
4	0	0	0	0	502	572	1	
5	0	0	0	0	504	574	1	
6	0	0	0	0	497	575	1	
7	0	0	0	0	493	571	1	
8	0	0	0	0	489	566	1	
9	0	0	0	0	485	566	1	
10	0	0	0	0	480	572	1	
11	0	0	0	0	477	575	1	
12	0	0	0	0	476	572	1	
13	0	0	0	0	479	570	1	
14	0	0	0	0	484	569	1	
15	0	0	0	0	491	578	1	
0	0	0	0	0	501	584	1	
1	0	0	0	0	505	583	1	
2	0	0	0	0	513	584	1	
3	0	0	0	0	515	582	0	
4	0	0	0	0	513	578	1	
5	0	0	0	0	512	572	1	
6	0	0	0	0	507	565	1	
7	0	0	0	0	508	560	1	
8	0	0	0	0	507	558	0	
9	0	0	0	0	504	561	1	
10	0	0	0	0	504	571	1	
11	0	0	0	0	506	577	1	
12	0	0	0	0	507	572	1	
13	0	0	0	0	512	558	1	
14	0	0	0	0	516	550	1	
15	0	0	0	0	518	541	0	
0	0	0	0	0	515	531	0	
1	0	0	0	0	514	526	0	
2	0	0	0	0	511	527	0	
3	0	0	0	0	507	533	0	
4	0	0	0	0	499	537	0	
5	0	0	0	0	494	537	0	
6	0	0	0	0	493	543	0	
7	0	0	0	0	492	547	0	
8	0	0	0	0	495	549	0	
9	0	0	0	0	502	547	1	
10	0	0	0	0	507	546	0	
11	0	0	0	0	512	543	0	
12	0	0	0	0	518	545	0	
13	0	0	0	0	522	544	0	
14	0	0	0	0	525	543	0	
15	0	0	0	0	528	545	0	
0	0	0	0	0	527	546	0	
1	0	0	0	0	529	547	1	
2	0	0	0	0	528	547	0	
3	0	0	0	0	523	544	0	
4	0	0	0	0	516	544	0	
5	0	0	0	0	505	547	1	
6	0	0	0	0	495	551	0	
7	0	0	0	0	486	554	1	
8	0	0	0	0	478	557	1	
9	0	0	0	0	473	560	1	
10	0	0	0	0	473	560	1	
11	0	0	0	0	474	558	0	
12	0	0	0	0	482	555	1	
13	0	0	0	0	486	549	1	
14	0	0	0	0	488	545	0	
15	0	0	0	0	487	536	0	
0	0	0	0	0	491	520	0	
1	0	0	0	0	497	506	0	
2	0	0	0	0	501	494	0	
3	0	0	0	0	503	483	0	
4	0	0	0	0	508	481	0	
5	0	0	0	0	514	483	0	
6	0	0	0	0	522	492	0	
7	0	0	0	0	530	499	0	
8	0	0	0	0	534	502	0	
9	0	0	0	0	530	503	0	
10	0	0	0	0	520	504	0	
11	0	0	0	0	512	508	0	
12	0	0	0	0	509	512	0	
13	0	0	0	0	508	520	0	
14	0	0	0	0	505	529	0	
15	0	0	0	0	507	539	0	
0	0	0	0	0	511	542	0	
1	0	0	0	0	512	539	1	
2	0	0	0	0	510	534	0	
3	0	0	0	0	503	531	0	
4	0	0	0	0	498	534	0	
5	0	0	0	0	496	538	1	
6	0	0	0	0	492	538	0	
7	0	0	0	0	486	536	1	
8	0	0	0	0	483	529	0	
9	0	0	0	0	483	520	0	
10	0	0	0	0	483	513	0	
11	0	0	0	0	481	513	0	
12	0	0	0	0	486	518	0	
13	0	0	0	0	492	519	0	
14	0	0	0	0	494	520	0	
15	0	0	0	0	493	526	0	
0	0	0	0	0	488	532	0	
1	0	0	0	0	488	538	0	
2	0	0	0	0	494	546	0	
3	0	0	0	0	499	551	1	
4	0	0	0	0	503	555	1	
5	0	0	0	0	509	555	1	
6	0	0	0	0	512	556	1	
7	0	0	0	0	512	551	1	
8	0	0	0	0	512	545	1	
9	0	0	0	0	514	543	1	
10	0	0	0	0	518	543	0	
11	0	0	0	0	519	542	1	
12	0	0	0	0	521	539	0	
13	0	0	0	0	527	535	0	
14	0	0	0	0	534	531	0	
15	0	0	0	0	539	529	0	
0	0	0	0	0	542	529	0	
1	0	0	0	0	547	529	0	
2	0	0	0	0	553	528	0	
3	0	0	0	0	553	527	0	
4	0	0	0	0	553	527	0	
5	0	0	0	0	552	528	0	
6	0	0	0	0	544	528	0	
7	0	0	0	0	537	531	0	
8	0	0	0	0	531	534	0	
9	0	0	0	0	527	534	0	
10	0	0	0	0	524	531	0	
11	0	0	0	0	524	532	0	
12	0	0	0	0	526	534	0	
13	0	0	0	0	530	532	0	
14	0	0	0	0	532	526	0	
15	0	0	0	0	533	520	0	
0	0	0	0	0	536	521	0	
1	0	0	0	0	537	531	0	
2	0	0	0	0	531	541	0	
3	0	0	0	0	529	553	0	
4	0	0	0	0	530	561	1	
5	0	0	0	0	534	560	1	
6	0	0	0	0	536	556	1	
7	0	0	0	0	534	555	1	
8	0	0	0	0	533	556	1	
9	0	0	0	0	534	559	1	
10	0	0	0	0	537	564	1	
11	0	0	0	0	532	567	1	
12	0	0	0	0	530	571	1	
13	0	0	0	0	525	574	1	
14	0	0	0	0	519	575	1	
15	0	0	0	0	515	569	1	
0	0	0	0	0	516	563	1	
1	0	0	0	0	515	557	1	
2	0	0	0	0	513	550	0	
3	0	0	0	0	510	542	0	
4	0	0	0	0	508	536	0	
5	0	0	0	0	509	535	0	
6	0	0	0	0	513	536	0	
7	0	0	0	0	515	536	0	
8	0	0	0	0	517	533	0	
9	0	0	0	0	519	529	0	
10	0	0	0	0	513	526	0	
11	0	0	0	0	501	526	0	
12	0	0	0	0	489	536	0	
13	0	0	0	0	487	547	1	
14	0	0	0	0	480	557	1	
15	0	0	0	0	479	568	0	
0	0	0	0	0	480	575	1	
1	0	0	0	0	478	579	1	
2	0	0	0	0	480	584	1	
3	0	0	0	0	482	584	1	
4	0	0	0	0	491	581	0	
5	0	0	0	0	500	579	1	
6	0	0	0	0	508	575	1	
7	0	0	0	0	518	566	1	
8	0	0	0	0	528	557	1	
9	0	0	0	0	533	551	0	
10	0	0	0	0	541	548	0	
11	0	0	0	0	546	541	0	
12	0	0	0	0	545	524	0	
13	0	0	0	0	543	510	0	
14	0	0	0	0	538	510	0	
15	0	0	0	0	530	515	0	
0	0	0	0	0	518	516	0	
1	0	0	0	0	504	518	0	
2	0	0	0	0	485	515	0	
3	0	0	0	0	472	518	0	
4	0	0	0	0	461	525	0	
5	0	0	0	0	455	533	0	
6	0	0	0	0	459	538	0	
7	0	0	0	0	467	544	0	
8	0	0	0	0	480	548	0	
9	0	0	0	0	491	550	0	
10	0	0	0	0	495	552	1	
11	0	0	0	0	497	556	0	
12	0	0	0	0	497	566	1	
13	0	0	0	0	494	575	0	
14	0	0	0	0	491	576	1	
15	0	0	0	0	487	570	1	
0	0	0	0	0	480	565	1	
1	0	0	0	0	475	563	1	
2	0	0	0	0	475	564	0	
3	0	0	0	0	479	568	0	
4	0	0	0	0	490	569	1	
5	0	0	0	0	504	566	1	
6	0	0	0	0	518	564	1	
7	0	0	0	0	530	563	0	
8	0	0	0	0	542	564	1	
9	0	0	0	0	547	564	1	
10	0	0	0	0	545	559	1	
11	0	0	0	0	540	554	1	
12	0	0	0	0	532	543	1	
13	0	0	0	0	529	537	0	
14	0	0	0	0	528	534	0	
15	0	0	0	0	520	532	0	
0	0	0	0	0	517	540	0	
1	0	0	0	0	518	551	0	
2	0	0	0	0	521	561	1	
3	0	0	0	0	523	563	1	
4	0	0	0	0	521	563	1	
5	0	0	0	0	519	566	1	
6	0	0	0	0	519	569	1	
7	0	0	0	0	521	572	1	
8	0	0	0	0	524	570	1	
9	0	0	0	0	524	566	1	
10	0	0	0	0	526	559	1	
11	0	0	0	0	524	553	1	
12	0	0	0	0	521	546	1	
13	0	0	0	0	515	538	0	
14	0	0	0	0	508	532	0	
15	0	0	0	0	507	524	0	
0	0	0	0	0	509	520	0	
1	0	0	0	0	512	515	0	
2	0	0	0	0	519	520	0	
3	0	0	0	0	525	526	0	
4	0	0	0	0	529	530	0	
5	0	0	0	0	531	530	0	
6	0	0	0	0	531	533	0	
7	0	0	0	0	533	538	0	
8	0	0	0	0	537	543	0	
9	0	0	0	0	541	545	1	
10	0	0	0	0	543	544	0	
11	0	0	0	0	547	545	0	
12	0	0	0	0	551	547	1	
13	0	0	0	0	550	545	1	
14	0	0	0	0	541	542	0	
15	0	0	0	0	530	537	0	
0	0	0	0	0	519	536	1	
1	0	0	0	0	511	534	0	
2	0	0	0	0	504	529	0	
3	0	0	0	0	505	526	0	
4	0	0	0	0	515	521	0	
5	0	0	0	0	527	521	0	
6	0	0	0	0	536	526	0	
7	0	0	0	0	532	531	0	
8	0	0	0	0	531	539	0	
9	0	0	0	0	530	545	1	
10	0	0	0	0	530	544	1	
11	0	0	0	0	529	547	0	
12	0	0	0	0	529	545	1	
13	0	0	0	0	536	538	0	
14	0	0	0	0	542	533	0	
15	0	0	0	0	540	530	0	
0	0	0	0	0	535	523	0	
1	0	0	0	0	529	515	0	
2	0	0	0	0	529	509	0	
3	0	0	0	0	529	504	0	
4	0	0	0	0	526	499	0	
5	0	0	0	0	513	495	0	
6	0	0	0	0	502	495	0	
7	0	0	0	0	496	494	0	
8	0	0	0	0	494	492	0	
9	0	0	0	0	495	490	0	
10	0	0	0	0	495	488	0	
11	0	0	0	0	492	490	1	
12	0	0	0	0	493	492	0	
13	0	0	0	0	495	495	0	
14	0	0	0	0	497	495	0	
15	0	0	0	0	500	492	0	
0	0	0	0	0	503	492	0	
1	0	0	0	0	503	494	0	
2	0	0	0	0	502	495	0	
3	0	0	0	0	502	496	0	
4	0	0	0	0	505	499	0	
5	0	0	0	0	507	506	0	
6	0	0	0	0	511	514	0	
7	0	0	0	0	512	521	0	
8	0	0	0	0	511	531	0	
9	0	0	0	0	510	535	0	
10	0	0	0	0	508	529	0	
11	0	0	0	0	508	525	0	
12	0	0	0	0	511	524	0	
13	0	0	0	0	512	524	0	
14	0	0	0	0	510	520	0	
15	0	0	0	0	508	519	0	
0	0	0	0	0	512	514	0	
1	0	0	0	0	515	509	0	
2	0	0	0	0	519	504	0	
3	0	0	0	0	522	497	0	
4	0	0	0	0	524	492	0	
5	0	0	0	0	522	491	0	
6	0	0	0	0	524	493	0	
7	0	0	0	0	523	493	0	
8	0	0	0	0	520	493	0	
9	0	0	0	0	522	495	0	
10	0	0	0	0	523	493	0	
11	0	0	0	0	527	495	0	
12	0	0	0	0	527	498	0	
13	0	0	0	0	525	503	0	
14	0	0	0	0	526	505	0	
15	0	0	0	0	526	500	0	
0	0	0	0	0	533	495	0	
1	0	0	0	0	545	496	0	
2	0	0	0	0	552	496	0	
3	0	0	0	0	553	492	0	
4	0	0	0	0	550	486	0	
5	0	0	0	0	546	483	0	
6	0	0	0	0	544	483	0	
7	0	0	0	0	539	484	0	
8	0	0	0	0	532	490	0	
9	0	0	0	0	527	492	0	
10	0	0	0	0	525	489	0	
11	0	0	0	0	526	487	0	
12	0	0	0	0	527	488	0	
13	0	0	0	0	527	493	0	
14	0	0	0	0	525	504	0	
15	0	0	0	0	528	515	0	
0	0	0	0	0	533	516	0	
1	0	0	0	0	538	512	0	
2	0	0	0	0	543	507	0	
3	0	0	0	0	543	500	0	
4	0	0	0	0	537	491	0	
5	0	0	0	0	527	488	0	
6	0	0	0	0	520	495	0	
7	0	0	0	0	514	499	0	
8	0	0	0	0	511	503	0	
9	0	0	0	0	513	505	0	
10	0	0	0	0	516	503	0	
11	0	0	0	0	520	501	0	
12	0	0	0	0	524	498	0	
13	0	0	0	0	524	500	0	
14	0	0	0	0	519	505	0	
15	0	0	0	0	514	510	0	
0	0	0	0	0	508	509	0	
1	0	0	0	0	500	509	0	
2	0	0	0	0	496	511	0	
3	0	0	0	0	497	512	0	
4	0	0	0	0	503	512	0	
5	0	0	0	0	507	513	0	
6	0	0	0	0	508	517	0	
7	0	0	0	0	508	523	0	
8	0	0	0	0	505	530	0	
9	0	0	0	0	503	538	1	
10	0	0	0	0	502	543	0	
11	0	0	0	0	499	546	0	
12	0	0	0	0	498	546	0	
13	0	0	0	0	496	543	1	
14	0	0	0	0	490	543	1	
15	0	0	0	0	480	544	0	
0	0	0	0	0	473	547	1	
1	0	0	0	0	472	543	1	
2	0	0	0	0	472	537	0	
3	0	0	0	0	471	531	0	
4	0	0	0	0	471	526	0	
5	0	0	0	0	471	524	0	
6	0	0	0	0	473	527	0	
7	0	0	0	0	477	521	0	
8	0	0	0	0	477	512	0	
9	0	0	0	0	481	507	0	
10	0	0	0	0	485	508	0	
11	0	0	0	0	488	511	0	
12	0	0	0	0	492	502	0	
13	0	0	0	0	490	491	0	
14	0	0	0	0	486	481	0	
15	0	0	0	0	485	475	0	
0	0	0	0	0	489	474	0	
1	0	0	0	0	494	475	0	
2	0	0	0	0	495	482	0	
3	0	0	0	0	492	489	0	
4	0	0	0	0	488	497	0	
5	0	0	0	0	486	506	0	
6	0	0	0	0	485	508	1	
7	0	0	0	0	486	507	0	
8	0	0	0	0	487	502	0	
9	0	0	0	0	487	494	0	
10	0	0	0	0	489	487	0	
11	0	0	0	0	489	476	0	
12	0	0	0	0	489	469	0	
13	0	0	0	0	491	464	0	
14	0	0	0	0	489	463	0	
15	0	0	0	0	493	463	0	
0	0	0	0	0	496	465	0	
1	0	0	0	0	499	465	0	
2	0	0	0	0	498	466	0	
3	0	0	0	0	492	464	0	
4	0	0	0	0	488	464	0	
5	0	0	0	0	492	460	0	
6	0	0	0	0	494	460	0	
7	0	0	0	0	497	464	0	
8	0	0	0	0	504	470	0	
9	0	0	0	0	512	475	0	
10	0	0	0	0	519	478	0	
11	0	0	0	0	527	478	0	
12	0	0	0	0	533	480	0	
13	0	0	0	0	539	481	0	
14	0	0	0	0	540	480	0	
15	0	0	0	0	538	482	0	
0	0	0	0	0	533	476	0	
1	0	0	0	0	527	468	0	
2	0	0	0	0	527	465	0	
3	0	0	0	0	522	463	0	
4	0	0	0	0	515	460	0	
5	0	0	0	0	509	461	0	
6	0	0	0	0	499	465	0	
7	0	0	0	0	488	466	0	
8	0	0	0	0	480	467	0	
9	0	0	0	0	474	469	0	
10	0	0	0	0	477	470	0	
11	0	0	0	0	488	467	0	
12	0	0	0	0	499	463	0	
13	0	0	0	0	512	462	0	
14	0	0	0	0	522	464	0	
15	0	0	0	0	528	466	0	
0	0	0	0	0	527	472	0	
1	0	0	0	0	523	482	0	
2	0	0	0	0	517	491	0	
3	0	0	0	0	510	485	0	
4	0	0	0	0	502	470	0	
5	0	0	0	0	497	457	0	
6	0	0	0	0	494	449	0	
7	0	0	0	0	490	445	0	
8	0	0	0	0	485	441	0	
9	0	0	0	0	483	440	0	
10	0	0	0	0	483	442	0	
11	0	0	0	0	480	444	0	
12	0	0	0	0	484	447	0	
13	0	0	0	0	490	445	1	
14	0	0	0	0	492	449	0	
15	0	0	0	0	493	456	0	
0	0	0	0	0	496	462	0	
1	0	0	0	0	498	472	0	
2	0	0	0	0	495	472	0	
3	0	0	0	0	489	473	0	
4	0	0	0	0	485	477	0	
5	0	0	0	0	483	482	0	
6	0	0	0	0	480	485	0	
7	0	0	0	0	481	484	0	
8	0	0	0	0	482	483	0	
9	0	0	0	0	484	483	0	
10	0	0	0	0	492	489	0	
11	0	0	0	0	499	488	0	
12	0	0	0	0	506	487	0	
13	0	0	0	0	513	480	0	
14	0	0	0	0	516	472	0	
15	0	0	0	0	513	469	0	
0	0	0	0	0	513	472	0	
1	0	0	0	0	515	479	0	
2	0	0	0	0	518	484	0	
3	0	0	0	0	520	490	0	
4	0	0	0	0	523	496	0	
5	0	0	0	0	528	504	0	
6	0	0	0	0	535	510	0	
7	0	0	0	0	539	516	0	
8	0	0	0	0	536	516	0	
9	0	0	0	0	530	518	0	
10	0	0	0	0	522	518	0	
11	0	0	0	0	516	514	0	
12	0	0	0	0	513	511	0	
13	0	0	0	0	510	507	0	
14	0	0	0	0	514	505	0	
15	0	0	0	0	522	508	0	
0	0	0	0	0	534	508	0	
1	0	0	0	0	540	512	0	
2	0	0	0	0	539	515	0	
3	0	0	0	0	536	521	0	
4	0	0	0	0	535	530	0	
5	0	0	0	0	531	537	1	
6	0	0	0	0	526	531	0	
7	0	0	0	0	523	520	0	
8	0	0	0	0	520	505	0	
9	0	0	0	0	518	497	0	
10	0	0	0	0	513	494	0	
11	0	0	0	0	512	489	0	
12	0	0	0	0	514	478	0	
13	0	0	0	0	515	462	0	
14	0	0	0	0	514	453	0	
15	0	0	0	0	508	450	0	
0	0	0	0	0	501	452	0	
1	0	0	0	0	496	456	0	
2	0	0	0	0	496	457	0	
3	0	0	0	0	497	457	0	
4	0	0	0	0	496	457	0	
5	0	0	0	0	494	457	0	
6	0	0	0	0	492	460	0	
7	0	0	0	0	490	459	0	
8	0	0	0	0	488	461	0	
9	0	0	0	0	485	464	0	
10	0	0	0	0	481	475	0	
11	0	0	0	0	480	485	0	
12	0	0	0	0	480	485	0	
13	0	0	0	0	485	479	0	
14	0	0	0	0	487	471	0	
15	0	0	0	0	491	463	0	
0	0	0	0	0	494	453	0	
1	0	0	0	0	497	441	0	
2	0	0	0	0	495	435	0	
3	0	0	0	0	493	439	0	
4	0	0	0	0	495	447	0	
5	0	0	0	0	496	455	0	
6	0	0	0	0	500	461	0	
7	0	0	0	0	504	460	0	
8	0	0	0	0	511	454	0	
9	0	0	0	0	519	450	0	
10	0	0	0	0	521	446	0	
11	0	0	0	0	517	444	0	
12	0	0	0	0	511	442	0	
13	0	0	0	0	511	440	0	
14	0	0	0	0	512	439	0	
15	0	0	0	0	511	439	0	
0	0	0	0	0	508	434	0	
1	0	0	0	0	507	435	0	
2	0	0	0	0	510	435	0	
3	0	0	0	0	511	443	0	
4	0	0	0	0	510	448	0	
5	0	0	0	0	510	450	0	
6	0	0	0	0	511	456	0	
7	0	0	0	0	509	459	0	
8	0	0	0	0	507	464	0	
9	0	0	0	0	502	472	0	
10	0	0	0	0	497	479	0	
11	0	0	0	0	497	490	0	
12	0	0	0	0	499	499	0	
13	0	0	0	0	499	506	0	
14	0	0	0	0	495	508	0	
15	0	0	0	0	494	508	0	
0	0	0	0	0	492	508	0	
1	0	0	0	0	500	509	0	
2	0	0	0	0	508	515	0	
3	0	0	0	0	516	523	0	
4	0	0	0	0	521	522	0	
5	0	0	0	0	524	514	0	
6	0	0	0	0	525	507	0	
7	0	0	0	0	526	501	0	
8	0	0	0	0	522	494	0	
9	0	0	0	0	515	488	0	
10	0	0	0	0	507	483	0	
11	0	0	0	0	501	483	0	
12	0	0	0	0	501	483	0	
13	0	0	0	0	502	485	0	
14	0	0	0	0	504	490	0	
15	0	0	0	0	510	495	0	
0	0	0	0	0	518	497	0	
1	0	0	0	0	523	496	0	
2	0	0	0	0	526	496	0	
3	0	0	0	0	525	501	0	
4	0	0	0	0	519	500	0	
5	0	0	0	0	515	500	0	
6	0	0	0	0	516	504	0	
7	0	0	0	0	514	508	0	
8	0	0	0	0	512	510	0	
9	0	0	0	0	515	514	0	
10	0	0	0	0	517	518	0	
11	0	0	0	0	518	517	0	
12	0	0	0	0	521	511	0	
13	0	0	0	0	524	502	0	
14	0	0	0	0	521	493	0	
15	0	0	0	0	520	491	0	
0	0	0	0	0	522	492	0	
1	0	0	0	0	522	496	0	
2	0	0	0	0	516	501	0	
3	0	0	0	0	511	509	0	
4	0	0	0	0	508	516	0	
5	0	0	0	0	505	523	0	
6	0	0	0	0	507	528	0	
7	0	0	0	0	510	530	0	
8	0	0	0	0	512	534	0	
9	0	0	0	0	514	540	1	
10	0	0	0	0	513	543	1	
11	0	0	0	0	511	542	1	
12	0	0	0	0	508	538	0	
13	0	0	0	0	501	533	0	
14	0	0	0	0	498	531	0	
15	0	0	0	0	498	532	0	
0	0	0	0	0	502	536	0	
1	0	0	0	0	505	536	0	
2	0	0	0	0	506	535	0	
3	0	0	0	0	505	540	1	
4	0	0	0	0	499	543	1	
5	0	0	0	0	496	546	1	
6	0	0	0	0	494	547	0	
7	0	0	0	0	495	541	1	
8	0	0	0	0	498	534	0	
9	0	0	0	0	503	532	1	
10	0	0	0	0	506	535	0	
11	0	0	0	0	511	536	0	
12	0	0	0	0	515	526	0	
13	0	0	0	0	523	515	0	
14	0	0	0	0	532	512	0	
15	0	0	0	0	533	510	0	
0	0	0	0	0	527	506	0	
1	0	0	0	0	520	506	0	
2	0	0	0	0	512	511	0	
3	0	0	0	0	503	519	0	
4	0	0	0	0	496	523	0	
5	0	0	0	0	496	514	0	
6	0	0	0	0	500	500	0	
7	0	0	0	0	507	496	0	
8	0	0	0	0	512	495	0	
9	0	0	0	0	518	492	0	
10	0	0	0	0	526	486	0	
11	0	0	0	0	531	481	0	
12	0	0	0	0	533	480	0	
13	0	0	0	0	531	478	0	
14	0	0	0	0	525	479	0	
15	0	0	0	0	522	481	0	
0	0	0	0	0	519	485	0	
1	0	0	0	0	518	484	0	
2	0	0	0	0	520	484	0	
3	0	0	0	0	524	481	0	
4	0	0	0	0	528	482	0	
5	0	0	0	0	532	480	0	
6	0	0	0	0	532	473	0	
7	0	0	0	0	528	463	0	
8	0	0	0	0	524	451	0	
9	0	0	0	0	519	441	0	
10	0	0	0	0	517	435	0	
11	0	0	0	0	512	433	1	
12	0	0	0	0	511	435	0	
13	0	0	0	0	515	433	0	
14	0	0	0	0	517	429	0	
15	0	0	0	0	519	424	0	
0	0	0	0	0	521	421	0	
1	0	0	0	0	524	422	0	
2	0	0	0	0	527	423	0	
3	0	0	0	0	525	431	0	
4	0	0	0	0	526	438	0	
5	0	0	0	0	523	445	0	
6	0	0	0	0	523	454	0	
7	0	0	0	0	524	462	0	
8	0	0	0	0	526	467	0	
9	0	0	0	0	532	468	0	
10	0	0	0	0	540	469	0	
11	0	0	0	0	546	471	0	
12	0	0	0	0	551	472	0	
13	0	0	0	0	551	468	0	
14	0	0	0	0	550	467	0	
15	0	0	0	0	551	468	0	
0	0	0	0	0	549	473	0	
1	0	0	0	0	550	476	0	
2	0	0	0	0	551	475	0	
3	0	0	0	0	565	476	0	
4	0	0	0	0	578	476	0	
5	0	0	0	0	583	474	0	
6	0	0	0	0	579	476	0	
7	0	0	0	0	570	477	0	
8	0	0	0	0	559	480	0	
9	0	0	0	0	552	478	0	
10	0	0	0	0	544	479	0	
11	0	0	0	0	534	479	0	
12	0	0	0	0	520	477	0	
13	0	0	0	0	510	477	0	
14	0	0	0	0	502	480	0	
15	0	0	0	0	495	487	0	
0	0	0	0	0	486	500	0	
1	0	0	0	0	476	504	0	
2	0	0	0	0	470	501	0	
3	0	0	0	0	467	492	0	
4	0	0	0	0	463	481	0	
5	0	0	0	0	462	473	0	
6	0	0	0	0	464	464	0	
7	0	0	0	0	471	457	0	
8	0	0	0	0	476	447	0	
9	0	0	0	0	481	441	0	
10	0	0	0	0	483	437	0	
11	0	0	0	0	486	433	0	
12	0	0	0	0	497	433	0	
13	0	0	0	0	503	434	0	
14	0	0	0	0	503	434	0	
15	0	0	0	0	503	432	0	
0	0	0	0	0	499	427	0	
1	0	0	0	0	494	423	0	
2	0	0	0	0	483	417	0	
3	0	0	0	0	471	417	0	
4	0	0	0	0	464	424	0	
5	0	0	0	0	457	430	0	
6	0	0	0	0	455	440	0	
7	0	0	0	0	453	444	0	
8	0	0	0	0	449	446	0	
9	0	0	0	0	449	447	0	
10	0	0	0	0	448	447	0	
11	0	0	0	0	450	447	0	
12	0	0	0	0	455	446	1	
13	0	0	0	0	460	448	0	
14	0	0	0	0	468	454	0	
15	0	0	0	0	471	463	0	
0	0	0	0	0	467	468	0	
1	0	0	0	0	462	466	0	
2	0	0	0	0	459	468	0	
3	0	0	0	0	457	472	0	
4	0	0	0	0	456	480	0	
5	0	0	0	0	455	490	0	
6	0	0	0	0	453	499	0	
7	0	0	0	0	454	500	0	
8	0	0	0	0	455	496	0	
9	0	0	0	0	457	492	0	
10	0	0	0	0	455	493	0	
11	0	0	0	0	449	492	0	
12	0	0	0	0	446	489	0	
13	0	0	0	0	445	486	0	
14	0	0	0	0	446	476	0	
15	0	0	0	0	446	470	0	
0	0	0	0	0	446	467	0	
1	0	0	0	0	447	465	0	
2	0	0	0	0	451	466	0	
3	0	0	0	0	454	466	0	
4	0	0	0	0	457	465	0	
5	0	0	0	0	458	458	0	
6	0	0	0	0	458	450	0	
7	0	0	0	0	463	445	0	
8	0	0	0	0	468	444	0	
9	0	0	0	0	473	446	0	
10	0	0	0	0	478	455	0	
11	0	0	0	0	478	470	0	
12	0	0	0	0	475	478	0	
13	0	0	0	0	467	480	0	
14	0	0	0	0	459	487	0	
15	0	0	0	0	450	495	0	
0	0	0	0	0	444	502	0	
1	0	0	0	0	444	496	0	
2	0	0	0	0	450	484	0	
3	0	0	0	0	462	479	0	
4	0	0	0	0	469	479	0	
5	0	0	0	0	468	478	0	
6	0	0	0	0	465	476	0	
7	0	0	0	0	463	468	0	
8	0	0	0	0	461	467	0	
9	0	0	0	0	457	471	0	
10	0	0	0	0	458	472	0	
11	0	0	0	0	458	478	0	
12	0	0	0	0	457	483	0	
13	0	0	0	0	454	482	0	
14	0	0	0	0	451	478	0	
15	0	0	0	0	455	477	0	
0	0	0	0	0	463	476	0	
1	0	0	0	0	466	472	0	
2	0	0	0	0	469	470	0	
3	0	0	0	0	471	471	0	
4	0	0	0	0	472	470	0	
5	0	0	0	0	473	470	0	
6	0	0	0	0	470	472	0	
7	0	0	0	0	465	472	0	
8	0	0	0	0	468	471	0	
9	0	0	0	0	476	476	0	
10	0	0	0	0	480	489	0	
11	0	0	0	0	480	500	0	
12	0	0	0	0	479	504	0	
13	0	0	0	0	480	508	0	
14	0	0	0	0	480	516	0	
15	0	0	0	0	476	525	0	
0	0	0	0	0	477	536	0	
1	0	0	0	0	480	539	0	
2	0	0	0	0	484	543	0	
3	0	0	0	0	487	547	1	
4	0	0	0	0	491	551	1	
5	0	0	0	0	496	555	1	
6	0	0	0	0	497	557	1	
7	0	0	0	0	499	558	0	
8	0	0	0	0	500	556	0	
9	0	0	0	0	500	550	0	
10	0	0	0	0	500	545	0	
11	0	0	0	0	499	542	0	
12	0	0	0	0	499	546	0	
13	0	0	0	0	499	557	0	
14	0	0	0	0	498	571	1	
15	0	0	0	0	502	571	1	
0	0	0	0	0	505	568	0	
1	0	0	0	0	507	560	1	
2	0	0	0	0	505	547	0	
3	0	0	0	0	499	537	1	
4	0	0	0	0	497	528	0	
5	0	0	0	0	498	526	0	
6	0	0	0	0	497	518	1	
7	0	0	0	0	495	505	0	
8	0	0	0	0	490	497	0	
9	0	0	0	0	486	492	0	
10	0	0	0	0	482	486	0	
11	0	0	0	0	478	484	0	
12	0	0	0	0	478	489	0	
13	0	0	0	0	478	494	0	
14	0	0	0	0	479	497	0	
15	0	0	0	0	480	498	0	
0	0	0	0	0	483	501	0	
1	0	0	0	0	491	502	0	
2	0	0	0	0	494	500	0	
3	0	0	0	0	494	501	0	
4	0	0	0	0	493	504	0	
5	0	0	0	0	489	508	0	
6	0	0	0	0	483	512	0	
7	0	0	0	0	480	516	0	
8	0	0	0	0	479	518	0	
9	0	0	0	0	478	524	0	
10	0	0	0	0	479	529	0	
11	0	0	0	0	480	532	0	
12	0	0	0	0	480	534	0	
13	0	0	0	0	480	532	0	
14	0	0	0	0	480	531	0	
15	0	0	0	0	483	532	0	
0	0	0	0	0	490	532	0	
1	0	0	0	0	492	529	0	
2	0	0	0	0	493	526	0	
3	0	0	0	0	496	527	0	
4	0	0	0	0	496	527	0	
5	0	0	0	0	497	519	0	
6	0	0	0	0	489	510	0	
7	0	0	0	0	480	503	0	
8	0	0	0	0	472	499	0	
9	0	0	0	0	470	499	0	
10	0	0	0	0	467	501	0	
11	0	0	0	0	467	501	0	
12	0	0	0	0	467	502	0	
13	0	0	0	0	469	507	0	
14	0	0	0	0	470	511	0	
15	0	0	0	0	472	511	0	
0	0	0	0	0	475	509	0	
1	0	0	0	0	475	506	0	
2	0	0	0	0	472	504	0	
3	0	0	0	0	472	505	0	
4	0	0	0	0	476	510	0	
5	0	0	0	0	477	511	0	
6	0	0	0	0	472	510	0	
7	0	0	0	0	467	510	0	
8	0	0	0	0	464	508	0	
9	0	0	0	0	461	505	0	
10	0	0	0	0	459	500	0	
11	0	0	0	0	460	497	0	
12	0	0	0	0	457	499	0	
13	0	0	0	0	454	506	0	
14	0	0	0	0	453	514	0	
15	0	0	0	0	456	511	0	
0	0	0	0	0	462	504	0	
1	0	0	0	0	461	502	0	
2	0	0	0	0	455	496	0	
3	0	0	0	0	449	492	0	
4	0	0	0	0	447	489	0	
5	0	0	0	0	448	483	0	
6	0	0	0	0	448	480	0	
7	0	0	0	0	449	481	0	
8	0	0	0	0	456	486	0	
9	0	0	0	0	459	486	0	
10	0	0	0	0	461	487	0	
11	0	0	0	0	465	490	0	
12	0	0	0	0	472	496	0	
13	0	0	0	0	477	500	0	
14	0	0	0	0	481	499	0	
15	0	0	0	0	483	499	0	
0	0	0	0	0	484	497	0	
1	0	0	0	0	486	499	0	
2	0	0	0	0	483	505	0	
3	0	0	0	0	481	509	0	
4	0	0	0	0	489	512	0	
5	0	0	0	0	498	510	0	
6	0	0	0	0	504	513	0	
7	0	0	0	0	508	518	0	
8	0	0	0	0	505	519	0	
9	0	0	0	0	503	524	0	
10	0	0	0	0	498	529	0	
11	0	0	0	0	491	533	0	
12	0	0	0	0	492	537	0	
13	0	0	0	0	492	542	0	
14	0	0	0	0	496	539	1	
15	0	0	0	0	500	531	0	
0	0	0	0	0	498	522	0	
1	0	0	0	0	497	514	0	
2	0	0	0	0	497	512	0	
3	0	0	0	0	494	510	0	
4	0	0	0	0	491	507	0	
5	0	0	0	0	487	505	0	
6	0	0	0	0	489	500	0	
7	0	0	0	0	493	493	0	
8	0	0	0	0	500	484	0	
9	0	0	0	0	512	481	0	
10	0	0	0	0	523	481	0	
11	0	0	0	0	530	487	0	
12	0	0	0	0	531	496	0	
13	0	0	0	0	536	499	0	
14	0	0	0	0	539	506	0	
15	0	0	0	0	544	522	0	
0	0	0	0	0	552	539	0	
1	0	0	0	0	556	543	0	
2	0	0	0	0	558	531	0	
3	0	0	0	0	560	514	0	
4	0	0	0	0	556	497	0	
5	0	0	0	0	551	493	0	
6	0	0	0	0	545	492	0	
7	0	0	0	0	537	495	0	
8	0	0	0	0	529	496	0	
9	0	0	0	0	522	496	0	
10	0	0	0	0	517	499	0	
11	0	0	0	0	511	504	0	
12	0	0	0	0	504	503	0	
13	0	0	0	0	497	498	0	
14	0	0	0	0	492	494	0	
15	0	0	0	0	486	492	0	
0	0	0	0	0	482	493	0	
1	0	0	0	0	478	493	0	
2	0	0	0	0	477	497	0	
3	0	0	0	0	478	500	0	
4	0	0	0	0	478	506	0	
5	0	0	0	0	482	511	0	
6	0	0	0	0	485	519	0	
7	0	0	0	0	486	519	0	
8	0	0	0	0	489	516	0	
9	0	0	0	0	489	513	0	
10	0	0	0	0	489	508	0	
11	0	0	0	0	487	502	0	
12	0	0	0	0	488	496	0	
13	0	0	0	0	494	492	0	
14	0	0	0	0	496	494	0	
15	0	0	0	0	498	498	0	
0	0	0	0	0	502	502	0	
1	0	0	0	0	503	503	0	
2	0	0	0	0	508	502	0	
3	0	0	0	0	512	503	0	
4	0	0	0	0	510	506	0	
5	0	0	0	0	508	514	0	
6	0	0	0	0	505	518	0	
7	0	0	0	0	506	521	0	
8	0	0	0	0	504	519	0	
9	0	0	0	0	500	515	0	
10	0	0	0	0	495	513	0	
11	0	0	0	0	491	513	0	
12	0	0	0	0	488	514	0	
13	0	0	0	0	485	515	0	
14	0	0	0	0	484	513	0	
15	0	0	0	0	488	509	0	
0	0	0	0	0	497	505	0	
1	0	0	0	0	508	505	0	
2	0	0	0	0	515	505	0	
3	0	0	0	0	519	511	0	
4	0	0	0	0	520	521	0	
5	0	0	0	0	520	535	0	
6	0	0	0	0	520	538	0	
7	0	0	0	0	520	529	0	
8	0	0	0	0	522	526	0	
9	0	0	0	0	516	527	0	
10	0	0	0	0	512	530	0	
11	0	0	0	0	509	536	0	
12	0	0	0	0	508	542	1	
13	0	0	0	0	511	542	0	
14	0	0	0	0	508	544	0	
15	0	0	0	0	506	554	0	
0	0	0	0	0	507	564	0	
1	0	0	0	0	511	579	1	
2	0	0	0	0	519	578	1	
3	0	0	0	0	535	574	1	
4	0	0	0	0	551	572	1	
5	0	0	0	0	566	570	1	
6	0	0	0	0	575	564	1	
7	0	0	0	0	586	559	1	
8	0	0	0	0	589	554	1	
9	0	0	0	0	588	547	1	
10	0	0	0	0	585	537	0	
11	0	0	0	0	578	527	0	
12	0	0	0	0	574	518	0	
13	0	0	0	0	569	512	0	
14	0	0	0	0	558	508	0	
15	0	0	0	0	546	508	0	
0	0	0	0	0	535	507	0	
1	0	0	0	0	529	504	0	
2	0	0	0	0	527	502	0	
3	0	0	0	0	530	501	0	
4	0	0	0	0	539	498	0	
5	0	0	0	0	551	497	0	
6	0	0	0	0	563	504	0	
7	0	0	0	0	570	515	0	
8	0	0	0	0	565	524	0	
9	0	0	0	0	563	536	0	
10	0	0	0	0	559	552	1	
11	0	0	0	0	553	565	1	
12	0	0	0	0	552	577	1	
13	0	0	0	0	552	586	1	
14	0	0	0	0	555	591	1	
15	0	0	0	0	560	587	1	
0	0	0	0	0	561	581	1	
1	0	0	0	0	560	573	1	
2	0	0	0	0	566	563	1	
3	0	0	0	0	568	556	1	
4	0	0	0	0	567	552	0	
5	0	0	0	0	561	552	1	
6	0	0	0	0	545	548	1	
7	0	0	0	0	534	553	1	
8	0	0	0	0	527	551	0	
9	0	0	0	0	524	548	0	
10	0	0	0	0	528	543	0	
11	0	0	0	0	531	541	0	
12	0	0	0	0	526	545	1	
13	0	0	0	0	514	553	0	
14	0	0	0	0	501	563	0	
15	0	0	0	0	492	563	1	
0	0	0	0	0	487	556	1	
1	0	0	0	0	492	547	1	
2	0	0	0	0	500	539	0	
3	0	0	0	0	509	535	0	
4	0	0	0	0	519	529	0	
5	0	0	0	0	532	525	0	
6	0	0	0	0	547	523	0	
7	0	0	0	0	555	523	0	
8	0	0	0	0	560	527	0	
9	0	0	0	0	556	532	0	
10	0	0	0	0	551	536	0	
11	0	0	0	0	547	543	0	
12	0	0	0	0	546	549	0	
13	0	0	0	0	545	557	1	
14	0	0	0	0	544	559	1	
15	0	0	0	0	545	563	1	
0	0	0	0	0	547	568	1	
1	0	0	0	0	551	572	1	
2	0	0	0	0	551	571	1	
3	0	0	0	0	554	565	1	
4	0	0	0	0	559	559	1	
5	0	0	0	0	563	561	1	
6	0	0	0	0	561	561	0	
7	0	0	0	0	558	558	0	
8	0	0	0	0	554	558	1	
9	0	0	0	0	547	553	1	
10	0	0	0	0	543	548	0	
11	0	0	0	0	543	542	0	
12	0	0	0	0	545	539	0	
13	0	0	0	0	543	540	0	
14	0	0	0	0	537	547	0	
15	0	0	0	0	529	548	1	
0	0	0	0	0	522	544	0	
1	0	0	0	0	518	538	0	
2	0	0	0	0	513	533	0	
3	0	0	0	0	513	526	1	
4	0	0	0	0	515	520	0	
5	0	0	0	0	517	513	0	
6	0	0	0	0	517	510	0	
7	0	0	0	0	517	507	0	
8	0	0	0	0	518	506	0	
9	0	0	0	0	519	504	0	
10	0	0	0	0	523	513	0	
11	0	0	0	0	526	527	0	
12	0	0	0	0	527	539	0	
13	0	0	0	0	532	545	1	
14	0	0	0	0	536	550	1	
15	0	0	0	0	531	552	1	
0	0	0	0	0	523	556	1	
1	0	0	0	0	519	556	1	
2	0	0	0	0	513	553	1	
3	0	0	0	0	508	551	1	
4	0	0	0	0	499	554	1	
5	0	0	0	0	493	560	1	
6	0	0	0	0	490	572	1	
7	0	0	0	0	492	579	1	
8	0	0	0	0	493	575	1	
9	0	0	0	0	492	572	1	
10	0	0	0	0	494	568	1	
11	0	0	0	0	503	560	1	
12	0	0	0	0	513	553	1	
13	0	0	0	0	527	550	1	
14	0	0	0	0	537	545	0	
15	0	0	0	0	541	540	0	
0	0	0	0	0	542	531	0	
1	0	0	0	0	543	523	0	
2	0	0	0	0	545	517	0	
3	0	0	0	0	547	515	0	
4	0	0	0	0	548	520	0	
5	0	0	0	0	550	530	0	
6	0	0	0	0	547	538	0	
7	0	0	0	0	546	537	0	
8	0	0	0	0	545	534	0	
9	0	0	0	0	544	536	1	
10	0	0	0	0	547	540	0	
11	0	0	0	0	551	543	0	
12	0	0	0	0	551	543	1	
13	0	0	0	0	551	543	0	
14	0	0	0	0	551	544	1	
15	0	0	0	0	555	544	0	
0	0	0	0	0	559	542	0	
1	0	0	0	0	563	540	1	
2	0	0	0	0	567	542	0	
3	0	0	0	0	569	539	1	
4	0	0	0	0	567	537	0	
5	0	0	0	0	562	536	0	
6	0	0	0	0	558	531	0	
7	0	0	0	0	555	519	0	
8	0	0	0	0	553	511	0	
9	0	0	0	0	550	500	0	
10	0	0	0	0	546	494	0	
11	0	0	0	0	543	490	0	
12	0	0	0	0	540	487	0	
13	0	0	0	0	535	488	0	
14	0	0	0	0	533	494	0	
15	0	0	0	0	534	499	0	
0	0	0	0	0	536	501	0	
1	0	0	0	0	539	501	0	
2	0	0	0	0	538	501	0	
3	0	0	0	0	537	502	0	
4	0	0	0	0	539	510	0	
5	0	0	0	0	540	525	0	
6	0	0	0	0	534	547	1	
7	0	0	0	0	527	554	1	
8	0	0	0	0	523	551	0	
9	0	0	0	0	521	550	1	
10	0	0	0	0	518	554	1	
11	0	0	0	0	513	555	0	
12	0	0	0	0	512	550	1	
13	0	0	0	0	517	541	0	
14	0	0	0	0	529	533	0	
15	0	0	0	0	543	531	0	
0	0	0	0	0	553	532	0	
1	0	0	0	0	561	534	0	
2	0	0	0	0	566	540	0	
3	0	0	0	0	565	544	0	
4	0	0	0	0	563	549	1	
5	0	0	0	0	558	546	1	
6	0	0	0	0	553	541	0	
7	0	0	0	0	548	536	0	
8	0	0	0	0	546	526	0	
9	0	0	0	0	547	519	0	
10	0	0	0	0	551	511	0	
11	0	0	0	0	553	506	0	
12	0	0	0	0	554	503	0	
13	0	0	0	0	555	497	0	
14	0	0	0	0	557	498	0	
15	0	0	0	0	555	503	0	
0	0	0	0	0	553	506	0	
1	0	0	0	0	553	507	0	
2	0	0	0	0	547	504	0	
3	0	0	0	0	542	503	0	
4	0	0	0	0	536	500	0	
5	0	0	0	0	531	498	1	
6	0	0	0	0	531	494	0	
7	0	0	0	0	532	492	0	
8	0	0	0	0	536	491	0	
9	0	0	0	0	541	493	0	
10	0	0	0	0	547	496	0	
11	0	0	0	0	550	495	0	
12	0	0	0	0	555	492	0	
13	0	0	0	0	558	488	0	
14	0	0	0	0	559	485	0	
15	0	0	0	0	558	483	0	
0	0	0	0	0	559	478	0	
1	0	0	0	0	560	477	0	
2	0	0	0	0	556	475	0	
3	0	0	0	0	555	476	0	
4	0	0	0	0	548	476	0	
5	0	0	0	0	541	477	0	
6	0	0	0	0	535	485	0	
7	0	0	0	0	531	490	0	
8	0	0	0	0	530	492	0	
9	0	0	0	0	532	489	0	
10	0	0	0	0	526	481	0	
11	0	0	0	0	519	475	0	
12	0	0	0	0	513	474	0	
13	0	0	0	0	508	476	0	
14	0	0	0	0	500	478	0	
15	0	0	0	0	491	482	0	
0	0	0	0	0	485	486	0	
1	0	0	0	0	483	494	0	
2	0	0	0	0	480	495	0	
3	0	0	0	0	483	491	0	
4	0	0	0	0	491	483	0	
5	0	0	0	0	491	481	0	
6	0	0	0	0	490	482	0	
7	0	0	0	0	492	480	0	
8	0	0	0	0	497	485	0	
9	0	0	0	0	502	493	0	
10	0	0	0	0	506	502	0	
11	0	0	0	0	509	502	0	
12	0	0	0	0	513	504	0	
13	0	0	0	0	515	512	0	
14	0	0	0	0	515	519	0	
15	0	0	0	0	513	516	0	
0	0	0	0	0	517	508	0	
1	0	0	0	0	520	499	0	
2	0	0	0	0	516	490	0	
3	0	0	0	0	513	483	0	
4	0	0	0	0	509	480	0	
5	0	0	0	0	504	480	0	
6	0	0	0	0	502	480	0	
7	0	0	0	0	499	484	0	
8	0	0	0	0	499	483	0	
9	0	0	0	0	497	476	0	
10	0	0	0	0	500	470	0	
11	0	0	0	0	501	470	0	
12	0	0	0	0	503	472	0	
13	0	0	0	0	501	475	0	
14	0	0	0	0	501	472	0	
15	0	0	0	0	504	474	0	
0	0	0	0	0	510	473	0	
1	0	0	0	0	514	476	0	
2	0	0	0	0	519	476	0	
3	0	0	0	0	521	477	0	
4	0	0	0	0	519	476	0	
5	0	0	0	0	511	473	0	
6	0	0	0	0	504	475	0	
7	0	0	0	0	497	482	0	
8	0	0	0	0	497	488	0	
9	0	0	0	0	498	496	0	
10	0	0	0	0	501	498	0	
11	0	0	0	0	504	501	0	
12	0	0	0	0	503	499	0	
13	0	0	0	0	498	499	0	
14	0	0	0	0	499	505	0	
15	0	0	0	0	503	508	0	
0	0	0	0	0	507	514	0	
1	0	0	0	0	510	524	0	
2	0	0	0	0	513	538	0	
3	0	0	0	0	514	551	0	
4	0	0	0	0	510	561	1	
5	0	0	0	0	504	563	1	
6	0	0	0	0	504	556	1	
7	0	0	0	0	515	546	0	
8	0	0	0	0	523	536	0	
9	0	0	0	0	528	528	0	
10	0	0	0	0	532	521	0	
11	0	0	0	0	533	513	0	
12	0	0	0	0	535	506	0	
13	0	0	0	0	535	496	0	
14	0	0	0	0	534	489	0	
15	0	0	0	0	528	489	0	
0	0	0	0	0	520	495	0	
1	0	0	0	0	518	502	0	
2	0	0	0	0	513	507	0	
3	0	0	0	0	510	516	0	
4	0	0	0	0	500	529	0	
5	0	0	0	0	487	539	0	
6	0	0	0	0	479	535	0	
7	0	0	0	0	472	523	0	
8	0	0	0	0	467	510	0	
9	0	0	0	0	467	499	0	
10	0	0	0	0	466	485	0	
11	0	0	0	0	468	480	0	
12	0	0	0	0	470	475	0	
13	0	0	0	0	469	475	0	
14	0	0	0	0	466	473	0	
15	0	0	0	0	463	473	0	
0	0	0	0	0	464	476	0	
1	0	0	0	0	463	476	0	
2	0	0	0	0	468	481	0	
3	0	0	0	0	473	493	0	
4	0	0	0	0	475	504	0	
5	0	0	0	0	473	512	0	
6	0	0	0	0	467	515	0	
7	0	0	0	0	460	514	0	
8	0	0	0	0	456	508	0	
9	0	0	0	0	456	496	0	
10	0	0	0	0	459	489	0	
11	0	0	0	0	465	487	0	
12	0	0	0	0	468	483	0	
13	0	0	0	0	471	479	0	
14	0	0	0	0	471	476	0	
15	0	0	0	0	469	483	0	
0	0	0	0	0	465	492	0	
1	0	0	0	0	465	504	0	
2	0	0	0	0	468	515	0	
3	0	0	0	0	471	516	0	
4	0	0	0	0	479	518	0	
5	0	0	0	0	487	516	0	
6	0	0	0	0	494	515	0	
7	0	0	0	0	497	513	0	
8	0	0	0	0	492	512	0	
9	0	0	0	0	491	509	0	
10	0	0	0	0	484	508	0	
11	0	0	0	0	471	504	0	
12	0	0	0	0	456	504	0	
13	0	0	0	0	443	505	0	
14	0	0	0	0	432	511	0	
15	0	0	0	0	425	519	0	
0	0	0	0	0	423	528	0	
1	0	0	0	0	425	525	0	
2	0	0	0	0	433	516	0	
3	0	0	0	0	440	511	0	
4	0	0	0	0	446	509	0	
5	0	0	0	0	451	510	0	
6	0	0	0	0	455	519	0	
7	0	0	0	0	458	532	1	
8	0	0	0	0	465	540	0	
9	0	0	0	0	471	537	1	
10	0	0	0	0	478	537	0	
11	0	0	0	0	485	535	0	
12	0	0	0	0	490	531	0	
13	0	0	0	0	491	526	0	
14	0	0	0	0	490	521	0	
15	0	0	0	0	483	517	0	
0	0	0	0	0	474	510	0	
1	0	0	0	0	467	502	0	
2	0	0	0	0	470	494	0	
3	0	0	0	0	478	487	0	
4	0	0	0	0	487	484	0	
5	0	0	0	0	495	480	0	
6	0	0	0	0	496	480	0	
7	0	0	0	0	502	486	0	
8	0	0	0	0	504	494	0	
9	0	0	0	0	503	499	0	
10	0	0	0	0	502	505	0	
11	0	0	0	0	499	509	0	
12	0	0	0	0	494	511	0	
13	0	0	0	0	489	513	0	
14	0	0	0	0	486	517	0	
15	0	0	0	0	483	522	0	
0	0	0	0	0	485	525	0	
1	0	0	0	0	488	529	0	
2	0	0	0	0	485	526	0	
3	0	0	0	0	483	519	0	
4	0	0	0	0	481	515	0	
5	0	0	0	0	480	508	0	
6	0	0	0	0	478	505	0	
7	0	0	0	0	482	507	0	
8	0	0	0	0	488	512	0	
9	0	0	0	0	494	517	0	
10	0	0	0	0	497	522	0	
11	0	0	0	0	497	526	0	
12	0	0	0	0	492	521	0	
13	0	0	0	0	490	514	0	
14	0	0	0	0	488	508	0	
15	0	0	0	0	487	506	0	
0	0	0	0	0	489	504	0	
1	0	0	0	0	491	508	0	
2	0	0	0	0	496	514	0	
3	0	0	0	0	499	521	0	
4	0	0	0	0	498	522	0	
5	0	0	0	0	497	516	0	
6	0	0	0	0	498	508	0	
7	0	0	0	0	496	497	0	
8	0	0	0	0	494	488	0	
9	0	0	0	0	495	484	0	
10	0	0	0	0	492	483	0	
11	0	0	0	0	495	479	0	
12	0	0	0	0	496	473	0	
13	0	0	0	0	495	472	0	
14	0	0	0	0	495	472	0	
15	0	0	0	0	494	473	0	
0	0	0	0	0	502	478	0	
1	0	0	0	0	504	480	0	
2	0	0	0	0	503	476	0	
3	0	0	0	0	503	472	0	
4	0	0	0	0	506	469	0	
5	0	0	0	0	508	476	0	
6	0	0	0	0	506	480	1	
7	0	0	0	0	501	485	0	
8	0	0	0	0	496	492	0	
9	0	0	0	0	492	496	0	
10	0	0	0	0	494	497	0	
11	0	0	0	0	497	497	0	
12	0	0	0	0	501	498	0	
13	0	0	0	0	508	496	0	
14	0	0	0	0	519	491	0	
15	0	0	0	0	528	487	0	
0	0	0	0	0	534	481	0	
1	0	0	0	0	536	480	0	
2	0	0	0	0	531	483	0	
3	0	0	0	0	525	494	0	
4	0	0	0	0	523	505	0	
5	0	0	0	0	520	500	0	
6	0	0	0	0	512	495	0	
7	0	0	0	0	504	486	0	
8	0	0	0	0	501	476	0	
9	0	0	0	0	499	476	0	
10	0	0	0	0	499	482	0	
11	0	0	0	0	494	488	0	
12	0	0	0	0	490	495	0	
13	0	0	0	0	488	502	1	
14	0	0	0	0	494	512	0	
15	0	0	0	0	505	514	0	
0	0	0	0	0	519	515	0	
1	0	0	0	0	531	514	0	
2	0	0	0	0	537	510	0	
3	0	0	0	0	543	505	0	
4	0	0	0	0	549	500	0	
5	0	0	0	0	549	498	0	
6	0	0	0	0	543	499	0	
7	0	0	0	0	533	506	0	
8	0	0	0	0	525	518	0	
9	0	0	0	0	519	532	0	
10	0	0	0	0	513	531	0	
11	0	0	0	0	513	520	0	
12	0	0	0	0	514	506	0	
13	0	0	0	0	522	496	0	
14	0	0	0	0	530	489	1	
15	0	0	0	0	531	487	0	
0	0	0	0	0	535	492	0	
1	0	0	0	0	534	498	0	
2	0	0	0	0	534	510	0	
3	0	0	0	0	532	516	0	
4	0	0	0	0	532	520	0	
5	0	0	0	0	535	525	0	
6	0	0	0	0	532	527	0	
7	0	0	0	0	526	531	0	
8	0	0	0	0	518	533	0	
9	0	0	0	0	515	532	0	
10	0	0	0	0	513	529	0	
11	0	0	0	0	513	527	0	
12	0	0	0	0	514	526	0	
13	0	0	0	0	511	526	0	
14	0	0	0	0	505	527	0	
15	0	0	0	0	499	528	0	
0	0	0	0	0	486	526	0	
1	0	0	0	0	479	520	0	
2	0	0	0	0	480	512	0	
3	0	0	0	0	481	506	0	
4	0	0	0	0	480	500	0	
5	0	0	0	0	478	497	0	
6	0	0	0	0	481	497	0	
7	0	0	0	0	487	501	0	
8	0	0	0	0	495	505	0	
9	0	0	0	0	501	508	0	
10	0	0	0	0	498	512	0	
11	0	0	0	0	496	515	0	
12	0	0	0	0	492	519	0	
13	0	0	0	0	487	521	0	
14	0	0	0	0	483	524	0	
15	0	0	0	0	475	521	0	
0	0	0	0	0	470	518	0	
1	0	0	0	0	468	516	0	
2	0	0	0	0	473	522	0	
3	0	0	0	0	479	524	0	
4	0	0	0	0	483	527	0	
5	0	0	0	0	486	526	0	
6	0	0	0	0	489	524	0	
7	0	0	0	0	496	530	0	
8	0	0	0	0	501	539	0	
9	0	0	0	0	502	548	0	
10	0	0	0	0	505	559	1	
11	0	0	0	0	504	568	1	
12	0	0	0	0	508	569	1	
13	0	0	0	0	512	562	1	
14	0	0	0	0	515	558	1	
15	0	0	0	0	521	556	1	
0	0	0	0	0	527	550	1	
1	0	0	0	0	537	536	1	
2	0	0	0	0	543	526	0	
3	0	0	0	0	544	521	0	
4	0	0	0	0	546	518	0	
5	0	0	0	0	543	521	0	
6	0	0	0	0	531	529	1	
7	0	0	0	0	523	537	0	
8	0	0	0	0	520	544	0	
9	0	0	0	0	523	551	1	
10	0	0	0	0	524	556	1	
11	0	0	0	0	524	558	1	
12	0	0	0	0	524	556	1	
13	0	0	0	0	527	551	0	
14	0	0	0	0	530	551	1	
15	0	0	0	0	532	549	0	
0	0	0	0	0	536	541	0	
1	0	0	0	0	540	532	1	
2	0	0	0	0	544	519	0	
3	0	0	0	0	551	510	0	
4	0	0	0	0	554	504	0	
5	0	0	0	0	553	504	0	
6	0	0	0	0	551	503	0	
7	0	0	0	0	545	498	0	
8	0	0	0	0	542	495	0	
9	0	0	0	0	539	488	0	
10	0	0	0	0	539	484	0	
11	0	0	0	0	536	492	0	
12	0	0	0	0	535	501	0	
13	0	0	0	0	533	511	0	
14	0	0	0	0	534	520	0	
15	0	0	0	0	537	518	0	
0	0	0	0	0	533	510	0	
1	0	0	0	0	529	505	0	
2	0	0	0	0	528	501	0	
3	0	0	0	0	525	496	0	
4	0	0	0	0	527	493	0	
5	0	0	0	0	529	494	0	
6	0	0	0	0	531	497	0	
7	0	0	0	0	531	500	0	
8	0	0	0	0	528	501	0	
9	0	0	0	0	523	498	0	
10	0	0	0	0	510	494	0	
11	0	0	0	0	496	489	0	
12	0	0	0	0	481	485	0	
13	0	0	0	0	472	487	0	
14	0	0	0	0	469	494	0	
15	0	0	0	0	467	506	0	
0	0	0	0	0	472	508	0	
1	0	0	0	0	478	505	0	
2	0	0	0	0	486	502	0	
3	0	0	0	0	492	499	0	
4	0	0	0	0	498	502	0	
5	0	0	0	0	507	507	0	
6	0	0	0	0	517	513	0	
7	0	0	0	0	527	523	0	
8	0	0	0	0	536	528	0	
9	0	0	0	0	543	531	0	
10	0	0	0	0	541	535	0	
11	0	0	0	0	537	538	0	
12	0	0	0	0	534	537	0	
13	0	0	0	0	529	537	1	
14	0	0	0	0	526	533	0	
15	0	0	0	0	521	528	0	
0	0	0	0	0	518	527	0	
1	0	0	0	0	515	527	0	
2	0	0	0	0	511	535	0	
3	0	0	0	0	504	540	0	
4	0	0	0	0	503	537	0	
5	0	0	0	0	506	537	0	
6	0	0	0	0	507	536	0	
7	0	0	0	0	509	534	0	
8	0	0	0	0	511	528	0	
9	0	0	0	0	515	523	1	
10	0	0	0	0	520	519	0	
11	0	0	0	0	521	517	1	
12	0	0	0	0	515	518	0	
13	0	0	0	0	514	521	0	
14	0	0	0	0	513	519	0	
15	0	0	0	0	517	519	0	
0	0	0	0	0	525	519	0	
1	0	0	0	0	531	522	1	
2	0	0	0	0	534	524	0	
3	0	0	0	0	537	526	0	
4	0	0	0	0	536	524	0	
5	0	0	0	0	536	525	0	
6	0	0	0	0	531	527	0	
7	0	0	0	0	530	525	0	
8	0	0	0	0	529	526	0	
9	0	0	0	0	530	528	0	
10	0	0	0	0	533	528	0	
11	0	0	0	0	532	533	1	
12	0	0	0	0	531	531	0	
13	0	0	0	0	534	526	0	
14	0	0	0	0	540	527	0	
15	0	0	0	0	545	532	0	
0	0	0	0	0	541	536	1	
1	0	0	0	0	533	538	0	
2	0	0	0	0	532	538	0	
3	0	0	0	0	534	536	0	
4	0	0	0	0	537	533	0	
5	0	0	0	0	541	535	1	
6	0	0	0	0	546	547	1	
7	0	0	0	0	551	555	1	
8	0	0	0	0	554	560	1	
9	0	0	0	0	553	551	1	
10	0	0	0	0	553	539	1	
11	0	0	0	0	551	532	0	
12	0	0	0	0	547	533	0	
13	0	0	0	0	543	535	0	
14	0	0	0	0	543	538	0	
15	0	0	0	0	545	537	1	
0	0	0	0	0	545	538	0	
1	0	0	0	0	543	539	0	
2	0	0	0	0	537	535	0	
3	0	0	0	0	536	531	0	
4	0	0	0	0	536	530	1	
5	0	0	0	0	528	532	0	
6	0	0	0	0	514	535	0	
7	0	0	0	0	505	537	0	
8	0	0	0	0	498	543	0	
9	0	0	0	0	492	548	1	
10	0	0	0	0	495	555	0	
11	0	0	0	0	498	558	1	
12	0	0	0	0	503	563	1	
13	0	0	0	0	508	560	1	
14	0	0	0	0	511	560	1	
15	0	0	0	0	513	554	1	
0	0	0	0	0	513	551	1	
1	0	0	0	0	510	552	1	
2	0	0	0	0	506	553	1	
3	0	0	0	0	500	557	1	
4	0	0	0	0	496	562	1	
5	0	0	0	0	499	568	1	
6	0	0	0	0	503	569	1	
7	0	0	0	0	508	574	1	
8	0	0	0	0	513	576	1	
9	0	0	0	0	523	575	1	
10	0	0	0	0	536	563	1	
11	0	0	0	0	551	556	1	
12	0	0	0	0	567	553	1	
13	0	0	0	0	577	559	1	
14	0	0	0	0	573	565	1	
15	0	0	0	0	560	573	1	
0	0	0	0	0	545	583	1	
1	0	0	0	0	532	587	1	
2	0	0	0	0	520	593	1	
3	0	0	0	0	511	595	1	
4	0	0	0	0	507	591	1	
5	0	0	0	0	511	593	1	
6	0	0	0	0	511	599	1	
7	0	0	0	0	506	603	1	
8	0	0	0	0	503	606	1	
9	0	0	0	0	499	606	1	
10	0	0	0	0	498	604	1	
11	0	0	0	0	503	603	1	
12	0	0	0	0	509	604	1	
13	0	0	0	0	515	595	1	
14	0	0	0	0	524	586	1	
15	0	0	0	0	522	579	1	
0	0	0	0	0	518	578	1	
1	0	0	0	0	510	576	1	
2	0	0	0	0	500	572	1	
3	0	0	0	0	489	568	1	
4	0	0	0	0	480	569	1	
5	0	0	0	0	474	568	1	
6	0	0	0	0	473	565	1	
7	0	0	0	0	478	557	1	
8	0	0	0	0	485	551	0	
9	0	0	0	0	496	544	1	
10	0	0	0	0	505	532	0	
11	0	0	0	0	508	529	1	
12	0	0	0	0	507	529	0	
13	0	0	0	0	502	531	0	
14	0	0	0	0	497	531	0	
15	0	0	0	0	493	526	1	
0	0	0	0	0	495	526	0	
1	0	0	0	0	500	536	1	
2	0	0	0	0	502	544	1	
3	0	0	0	0	502	552	0	
4	0	0	0	0	499	556	1	
5	0	0	0	0	496	559	0	
6	0	0	0	0	493	567	1	
7	0	0	0	0	490	568	1	
8	0	0	0	0	491	566	1	
9	0	0	0	0	493	560	1	
10	0	0	0	0	494	558	1	
11	0	0	0	0	497	558	1	
12	0	0	0	0	503	558	1	
13	0	0	0	0	511	560	1	
14	0	0	0	0	509	564	1	
15	0	0	0	0	499	575	1	
0	0	0	0	0	487	588	1	
1	0	0	0	0	480	603	1	
2	0	0	0	0	472	611	1	
3	0	0	0	0	468	620	1	
4	0	0	0	0	465	624	1	
5	0	0	0	0	463	622	1	
6	0	0	0	0	467	616	1	
7	0	0	0	0	468	604	1	
8	0	0	0	0	472	593	1	
9	0	0	0	0	476	583	1	
10	0	0	0	0	481	572	1	
11	0	0	0	0	487	563	1	
12	0	0	0	0	489	554	1	
13	0	0	0	0	492	546	1	
14	0	0	0	0	495	543	1	
15	0	0	0	0	498	547	0	
0	0	0	0	0	500	551	0	
1	0	0	0	0	495	556	1	
2	0	0	0	0	490	551	1	
3	0	0	0	0	487	547	1	
4	0	0	0	0	482	548	1	
5	0	0	0	0	475	556	1	
6	0	0	0	0	470	560	1	
7	0	0	0	0	464	555	1	
8	0	0	0	0	460	548	1	
9	0	0	0	0	457	538	0	
10	0	0	0	0	457	531	0	
11	0	0	0	0	464	526	0	
12	0	0	0	0	475	522	0	
13	0	0	0	0	487	519	1	
14	0	0	0	0	495	519	0	
15	0	0	0	0	496	521	0	
0	0	0	0	0	496	529	0	
1	0	0	0	0	499	537	0	
2	0	0	0	0	504	543	0	
3	0	0	0	0	511	548	0	
4	0	0	0	0	517	549	1	
5	0	0	0	0	527	548	1	
6	0	0	0	0	530	543	0	
7	0	0	0	0	535	542	1	
8	0	0	0	0	539	544	1	
9	0	0	0	0	540	541	1	
10	0	0	0	0	540	540	0	
11	0	0	0	0	537	535	0	
12	0	0	0	0	529	535	1	
13	0	0	0	0	526	532	0	
14	0	0	0	0	524	528	0	
15	0	0	0	0	516	527	0	
0	0	0	0	0	512	526	0	
1	0	0	0	0	510	527	1	
2	0	0	0	0	507	530	0	
3	0	0	0	0	502	536	0	
4	0	0	0	0	493	543	0	
5	0	0	0	0	483	548	1	
6	0	0	0	0	479	542	1	
7	0	0	0	0	478	537	0	
8	0	0	0	0	476	534	0	
9	0	0	0	0	476	537	0	
10	0	0	0	0	479	538	0	
11	0	0	0	0	486	535	1	
12	0	0	0	0	491	530	0	
13	0	0	0	0	491	532	0	
14	0	0	0	0	489	534	0	
15	0	0	0	0	487	533	0	
0	0	0	0	0	485	535	1	
1	0	0	0	0	486	531	0	
2	0	0	0	0	484	518	0	
3	0	0	0	0	487	516	0	
4	0	0	0	0	494	524	0	
5	0	0	0	0	507	529	1	
6	0	0	0	0	513	528	0	
7	0	0	0	0	515	524	0	
8	0	0	0	0	518	512	0	
9	0	0	0	0	521	504	0	
10	0	0	0	0	525	499	0	
11	0	0	0	0	527	497	0	
12	0	0	0	0	533	500	0	
13	0	0	0	0	534	503	0	
14	0	0	0	0	536	509	0	
15	0	0	0	0	538	517	0	
0	0	0	0	0	538	524	0	
1	0	0	0	0	541	528	0	
2	0	0	0	0	540	527	0	
3	0	0	0	0	537	522	0	
4	0	0	0	0	536	517	0	
5	0	0	0	0	533	510	0	
6	0	0	0	0	528	504	0	
7	0	0	0	0	523	504	0	
8	0	0	0	0	522	500	0	
9	0	0	0	0	520	498	0	
10	0	0	0	0	521	497	0	
11	0	0	0	0	519	496	0	
12	0	0	0	0	518	492	0	
13	0	0	0	0	512	487	0	
14	0	0	0	0	502	488	0	
15	0	0	0	0	496	496	0	
0	0	0	0	0	493	498	0	
1	0	0	0	0	491	499	0	
2	0	0	0	0	491	497	0	
3	0	0	0	0	490	495	0	
4	0	0	0	0	489	494	0	
5	0	0	0	0	493	494	0	
6	0	0	0	0	490	495	0	
7	0	0	0	0	489	497	0	
8	0	0	0	0	492	498	0	
9	0	0	0	0	496	499	0	
10	0	0	0	0	507	503	0	
11	0	0	0	0	519	504	0	
12	0	0	0	0	531	505	0	
13	0	0	0	0	537	505	0	
14	0	0	0	0	541	503	0	
15	0	0	0	0	545	506	0	
0	0	0	0	0	548	517	0	
1	0	0	0	0	549	530	0	
2	0	0	0	0	550	546	1	
3	0	0	0	0	543	552	1	
4	0	0	0	0	534	548	1	
5	0	0	0	0	529	532	0	
6	0	0	0	0	526	519	0	
7	0	0	0	0	520	515	0	
8	0	0	0	0	508	511	0	
9	0	0	0	0	501	511	0	
10	0	0	0	0	496	514	0	
11	0	0	0	0	491	513	0	
12	0	0	0	0	490	513	0	
13	0	0	0	0	489	515	0	
14	0	0	0	0	488	519	1	
15	0	0	0	0	489	519	0	
0	0	0	0	0	485	521	0	
1	0	0	0	0	484	522	0	
2	0	0	0	0	483	524	0	
3	0	0	0	0	481	522	0	
4	0	0	0	0	479	524	0	
5	0	0	0	0	476	525	0	
6	0	0	0	0	471	530	1	
7	0	0	0	0	472	534	0	
8	0	0	0	0	475	529	0	
9	0	0	0	0	473	524	0	
10	0	0	0	0	472	516	0	
11	0	0	0	0	467	511	0	
12	0	0	0	0	461	509	0	
13	0	0	0	0	458	510	0	
14	0	0	0	0	459	513	0	
15	0	0	0	0	463	518	0	
0	0	0	0	0	466	523	0	
1	0	0	0	0	470	524	0	
2	0	0	0	0	475	524	0	
3	0	0	0	0	478	523	0	
4	0	0	0	0	485	524	0	
5	0	0	0	0	496	524	1	
6	0	0	0	0	504	520	0	
7	0	0	0	0	512	514	0	
8	0	0	0	0	521	507	0	
9	0	0	0	0	528	500	1	
10	0	0	0	0	527	494	0	
11	0	0	0	0	527	489	0	
12	0	0	0	0	527	482	0	
13	0	0	0	0	530	477	0	
14	0	0	0	0	531	480	0	
15	0	0	0	0	529	489	0	
0	0	0	0	0	529	498	0	
1	0	0	0	0	531	505	0	
2	0	0	0	0	532	510	0	
3	0	0	0	0	531	511	0	
4	0	0	0	0	532	514	1	
5	0	0	0	0	535	514	0	
6	0	0	0	0	539	515	0	
7	0	0	0	0	544	516	0	
8	0	0	0	0	548	517	0	
9	0	0	0	0	551	516	1	
10	0	0	0	0	550	511	0	
11	0	0	0	0	545	509	0	
12	0	0	0	0	540	504	0	
13	0	0	0	0	531	486	0	
14	0	0	0	0	523	465	0	
15	0	0	0	0	516	452	0	
0	0	0	0	0	513	448	0	
1	0	0	0	0	515	451	0	
2	0	0	0	0	520	455	0	
3	0	0	0	0	523	464	0	
4	0	0	0	0	522	480	0	
5	0	0	0	0	515	490	0	
6	0	0	0	0	514	499	0	
7	0	0	0	0	514	505	1	
8	0	0	0	0	515	506	0	
9	0	0	0	0	518	507	0	
10	0	0	0	0	516	500	0	
11	0	0	0	0	515	498	0	
12	0	0	0	0	515	501	0	
13	0	0	0	0	518	502	0	
14	0	0	0	0	522	505	0	
15	0	0	0	0	527	502	0	
0	0	0	0	0	529	500	0	
1	0	0	0	0	530	500	0	
2	0	0	0	0	528	502	0	
3	0	0	0	0	524	504	0	
4	0	0	0	0	519	506	0	
5	0	0	0	0	516	513	0	
6	0	0	0	0	515	521	0	
7	0	0	0	0	517	533	1	
8	0	0	0	0	521	542	0	
9	0	0	0	0	526	547	1	
10	0	0	0	0	532	549	0	
11	0	0	0	0	536	551	1	
12	0	0	0	0	543	547	0	
13	0	0	0	0	551	535	0	
14	0	0	0	0	558	520	0	
15	0	0	0	0	569	510	0	
0	0	0	0	0	572	505	0	
1	0	0	0	0	574	499	0	
2	0	0	0	0	572	500	0	
3	0	0	0	0	572	500	0	
4	0	0	0	0	570	500	0	
5	0	0	0	0	568	498	0	
6	0	0	0	0	563	499	0	
7	0	0	0	0	560	500	0	
8	0	0	0	0	556	502	0	
9	0	0	0	0	550	503	0	
10	0	0	0	0	545	501	0	
11	0	0	0	0	540	498	0	
12	0	0	0	0	531	496	0	
13	0	0	0	0	522	497	0	
14	0	0	0	0	508	502	0	
15	0	0	0	0	498	511	0	
0	0	0	0	0	487	515	0	
1	0	0	0	0	480	511	0	
2	0	0	0	0	477	504	0	
3	0	0	0	0	475	497	0	
4	0	0	0	0	472	493	0	
5	0	0	0	0	470	490	0	
6	0	0	0	0	467	488	0	
7	0	0	0	0	467	485	0	
8	0	0	0	0	467	484	0	
9	0	0	0	0	471	483	0	
10	0	0	0	0	477	486	0	
11	0	0	0	0	479	494	0	
12	0	0	0	0	475	507	0	
13	0	0	0	0	475	511	0	
14	0	0	0	0	479	512	0	
15	0	0	0	0	483	510	0	
0	0	0	0	0	484	508	0	
1	0	0	0	0	481	504	0	
2	0	0	0	0	480	496	0	
3	0	0	0	0	481	489	0	
4	0	0	0	0	488	492	0	
5	0	0	0	0	491	494	0	
6	0	0	0	0	494	497	0	
7	0	0	0	0	497	504	0	
8	0	0	0	0	498	515	0	
9	0	0	0	0	499	523	0	
10	0	0	0	0	499	522	0	
11	0	0	0	0	499	523	0	
12	0	0	0	0	500	521	0	
13	0	0	0	0	503	521	0	
14	0	0	0	0	508	518	0	
15	0	0	0	0	512	515	0	
0	0	0	0	0	519	513	0	
1	0	0	0	0	529	511	0	
2	0	0	0	0	538	511	0	
3	0	0	0	0	546	509	0	
4	0	0	0	0	552	505	0	
5	0	0	0	0	551	504	0	
6	0	0	0	0	552	505	0	
7	0	0	0	0	555	504	0	
8	0	0	0	0	554	503	0	
9	0	0	0	0	552	502	0	
10	0	0	0	0	546	500	0	
11	0	0	0	0	543	505	0	
12	0	0	0	0	540	513	0	
13	0	0	0	0	540	510	1	
14	0	0	0	0	542	505	0	
15	0	0	0	0	542	507	0	
0	0	0	0	0	544	512	0	
1	0	0	0	0	543	518	0	
2	0	0	0	0	539	511	0	
3	0	0	0	0	535	497	0	
4	0	0	0	0	534	485	0	
5	0	0	0	0	530	475	0	
6	0	0	0	0	528	472	0	
7	0	0	0	0	529	472	0	
8	0	0	0	0	528	471	0	
9	0	0	0	0	520	472	0	
10	0	0	0	0	513	479	0	
11	0	0	0	0	505	483	0	
12	0	0	0	0	493	485	0	
13	0	0	0	0	481	480	0	
14	0	0	0	0	474	473	0	
15	0	0	0	0	471	465	0	
0	0	0	0	0	470	461	0	
1	0	0	0	0	470	460	0	
2	0	0	0	0	465	460	0	
3	0	0	0	0	462	464	0	
4	0	0	0	0	460	467	0	
5	0	0	0	0	458	472	0	
6	0	0	0	0	455	481	0	
7	0	0	0	0	455	485	0	
8	0	0	0	0	456	490	0	
9	0	0	0	0	463	488	0	
10	0	0	0	0	470	484	0	
11	0	0	0	0	477	483	0	
12	0	0	0	0	486	480	0	
13	0	0	0	0	496	480	0	
14	0	0	0	0	501	479	0	
15	0	0	0	0	502	478	0	
0	0	0	0	0	503	480	0	
1	0	0	0	0	504	477	0	
2	0	0	0	0	502	470	0	
3	0	0	0	0	503	463	0	
4	0	0	0	0	503	463	0	
5	0	0	0	0	499	470	0	
6	0	0	0	0	493	478	0	
7	0	0	0	0	488	486	0	
8	0	0	0	0	486	492	0	
9	0	0	0	0	486	499	0	
10	0	0	0	0	486	505	0	
11	0	0	0	0	487	509	0	
12	0	0	0	0	489	503	0	
13	0	0	0	0	497	499	0	
14	0	0	0	0	504	495	0	
15	0	0	0	0	507	490	0	
0	0	0	0	0	504	480	0	
1	0	0	0	0	501	470	0	
2	0	0	0	0	504	458	0	
3	0	0	0	0	510	452	0	
4	0	0	0	0	513	452	0	
5	0	0	0	0	513	454	0	
6	0	0	0	0	512	456	0	
7	0	0	0	0	511	452	0	
8	0	0	0	0	508	457	0	
9	0	0	0	0	497	469	0	
10	0	0	0	0	483	480	0	
11	0	0	0	0	478	491	0	
12	0	0	0	0	476	497	0	
13	0	0	0	0	476	497	1	
14	0	0	0	0	479	494	0	
15	0	0	0	0	479	489	0	
0	0	0	0	0	479	482	0	
1	0	0	0	0	480	479	0	
2	0	0	0	0	478	479	1	
3	0	0	0	0	480	478	0	
4	0	0	0	0	481	480	0	
5	0	0	0	0	483	482	0	
6	0	0	0	0	482	489	0	
7	0	0	0	0	483	499	0	
8	0	0	0	0	473	508	0	
9	0	0	0	0	462	518	0	
10	0	0	0	0	454	525	0	
11	0	0	0	0	451	522	0	
12	0	0	0	0	452	516	0	
13	0	0	0	0	452	510	0	
14	0	0	0	0	448	507	0	
15	0	0	0	0	445	507	0	
0	0	0	0	0	441	509	0	
1	0	0	0	0	438	508	1	
2	0	0	0	0	434	505	0	
3	0	0	0	0	434	504	0	
4	0	0	0	0	434	500	0	
5	0	0	0	0	432	496	0	
6	0	0	0	0	430	493	0	
7	0	0	0	0	435	489	0	
8	0	0	0	0	445	488	0	
9	0	0	0	0	450	487	0	
10	0	0	0	0	463	489	0	
11	0	0	0	0	477	489	0	
12	0	0	0	0	489	487	0	
13	0	0	0	0	496	478	0	
14	0	0	0	0	495	472	0	
15	0	0	0	0	493	471	0	
0	0	0	0	0	495	472	0	
1	0	0	0	0	494	475	0	
2	0	0	0	0	491	476	0	
3	0	0	0	0	487	480	0	
4	0	0	0	0	484	485	0	
5	0	0	0	0	485	486	0	
6	0	0	0	0	484	486	0	
7	0	0	0	0	480	484	0	
8	0	0	0	0	476	481	0	
9	0	0	0	0	471	480	0	
10	0	0	0	0	465	484	0	
11	0	0	0	0	459	493	0	
12	0	0	0	0	452	502	0	
13	0	0	0	0	450	495	0	
14	0	0	0	0	450	485	0	
15	0	0	0	0	453	477	0	
0	0	0	0	0	455	472	0	
1	0	0	0	0	457	466	0	
2	0	0	0	0	455	458	0	
3	0	0	0	0	458	450	0	
4	0	0	0	0	461	447	0	
5	0	0	0	0	467	441	0	
6	0	0	0	0	475	438	0	
7	0	0	0	0	477	438	0	
8	0	0	0	0	475	440	0	
9	0	0	0	0	472	440	0	
10	0	0	0	0	468	440	0	
11	0	0	0	0	466	439	0	
12	0	0	0	0	462	438	0	
13	0	0	0	0	459	435	0	
14	0	0	0	0	459	433	0	
15	0	0	0	0	461	430	0	
0	0	0	0	0	465	429	0	
1	0	0	0	0	470	430	0	
2	0	0	0	0	478	431	0	
3	0	0	0	0	487	432	0	
4	0	0	0	0	489	434	0	
5	0	0	0	0	485	438	0	
6	0	0	0	0	484	444	0	
7	0	0	0	0	487	451	0	
8	0	0	0	0	496	456	0	
9	0	0	0	0	502	462	0	
10	0	0	0	0	503	468	0	
11	0	0	0	0	499	468	0	
12	0	0	0	0	495	471	0	
13	0	0	0	0	492	472	0	
14	0	0	0	0	489	477	0	
15	0	0	0	0	487	481	0	
0	0	0	0	0	484	480	0	
1	0	0	0	0	483	483	0	
2	0	0	0	0	482	485	0	
3	0	0	0	0	479	486	0	
4	0	0	0	0	472	496	0	
5	0	0	0	0	466	503	0	
6	0	0	0	0	465	502	0	
7	0	0	0	0	468	501	0	
8	0	0	0	0	470	500	0	
9	0	0	0	0	482	496	0	
10	0	0	0	0	493	489	0	
11	0	0	0	0	504	487	0	
12	0	0	0	0	511	489	0	
13	0	0	0	0	521	486	0	
14	0	0	0	0	533	479	0	
15	0	0	0	0	544	473	0	
0	0	0	0	0	548	473	0	
1	0	0	0	0	548	477	0	
2	0	0	0	0	543	482	0	
3	0	0	0	0	534	480	0	
4	0	0	0	0	520	477	0	
5	0	0	0	0	509	481	0	
6	0	0	0	0	494	487	1	
7	0	0	0	0	480	489	0	
8	0	0	0	0	473	486	0	
9	0	0	0	0	467	479	0	
10	0	0	0	0	465	480	0	
11	0	0	0	0	464	482	0	
12	0	0	0	0	470	483	0	
13	0	0	0	0	477	485	0	
14	0	0	0	0	491	483	0	
15	0	0	0	0	501	480	0	
0	0	0	0	0	504	477	0	
1	0	0	0	0	503	480	0	
2	0	0	0	0	497	481	0	
3	0	0	0	0	491	480	0	
4	0	0	0	0	486	475	0	
5	0	0	0	0	478	469	0	
6	0	0	0	0	473	466	0	
7	0	0	0	0	468	463	0	
8	0	0	0	0	465	461	0	
9	0	0	0	0	463	461	0	
10	0	0	0	0	465	466	0	
11	0	0	0	0	474	473	0	
12	0	0	0	0	478	481	0	
13	0	0	0	0	480	486	0	
14	0	0	0	0	484	481	0	
15	0	0	0	0	488	471	0	
0	0	0	0	0	494	467	0	
1	0	0	0	0	499	465	0	
2	0	0	0	0	510	463	0	
3	0	0	0	0	518	458	0	
4	0	0	0	0	523	455	0	
5	0	0	0	0	527	460	0	
6	0	0	0	0	526	466	0	
7	0	0	0	0	525	476	0	
8	0	0	0	0	525	483	0	
9	0	0	0	0	524	484	0	
10	0	0	0	0	525	477	0	
11	0	0	0	0	528	474	0	
12	0	0	0	0	527	471	0	
13	0	0	0	0	526	468	0	
14	0	0	0	0	527	468	0	
15	0	0	0	0	529	469	0	
0	0	0	0	0	531	473	0	
1	0	0	0	0	527	474	0	
2	0	0	0	0	527	478	0	
3	0	0	0	0	526	483	0	
4	0	0	0	0	520	489	0	
5	0	0	0	0	513	491	0	
6	0	0	0	0	508	490	0	
7	0	0	0	0	504	489	0	
8	0	0	0	0	499	491	0	
9	0	0	0	0	495	494	0	
10	0	0	0	0	493	495	0	
11	0	0	0	0	487	499	0	
12	0	0	0	0	482	509	0	
13	0	0	0	0	484	522	0	
14	0	0	0	0	492	536	1	
15	0	0	0	0	502	531	0	
0	0	0	0	0	511	516	0	
1	0	0	0	0	520	503	0	
2	0	0	0	0	534	492	0	
3	0	0	0	0	537	485	0	
4	0	0	0	0	535	484	0	
5	0	0	0	0	534	485	0	
6	0	0	0	0	535	487	0	
7	0	0	0	0	534	485	0	
8	0	0	0	0	526	483	0	
9	0	0	0	0	512	483	0	
10	0	0	0	0	503	481	0	
11	0	0	0	0	497	479	0	
12	0	0	0	0	499	474	0	
13	0	0	0	0	501	471	0	
14	0	0	0	0	505	468	0	
15	0	0	0	0	509	467	0	
0	0	0	0	0	515	470	0	
1	0	0	0	0	523	473	0	
2	0	0	0	0	528	477	0	
3	0	0	0	0	528	481	0	
4	0	0	0	0	531	489	0	
5	0	0	0	0	531	492	0	
6	0	0	0	0	528	489	0	
7	0	0	0	0	522	483	0	
8	0	0	0	0	514	477	0	
9	0	0	0	0	507	470	0	
10	0	0	0	0	506	464	0	
11	0	0	0	0	509	463	0	
12	0	0	0	0	516	463	0	
13	0	0	0	0	524	462	0	
14	0	0	0	0	531	464	0	
15	0	0	0	0	538	469	0	
0	0	0	0	0	540	478	0	
1	0	0	0	0	540	484	1	
2	0	0	0	0	541	487	0	
3	0	0	0	0	543	490	0	
4	0	0	0	0	546	492	0	
5	0	0	0	0	551	482	0	
6	0	0	0	0	553	474	0	
7	0	0	0	0	556	467	0	
8	0	0	0	0	558	465	0	
9	0	0	0	0	559	463	0	
10	0	0	0	0	560	461	0	
11	0	0	0	0	558	460	0	
12	0	0	0	0	557	450	0	
13	0	0	0	0	552	436	0	
14	0	0	0	0	551	426	0	
15	0	0	0	0	552	420	0	
0	0	0	0	0	551	423	0	
1	0	0	0	0	547	429	0	
2	0	0	0	0	543	427	0	
3	0	0	0	0	540	426	0	
4	0	0	0	0	537	427	1	
5	0	0	0	0	532	425	0	
6	0	0	0	0	530	421	0	
7	0	0	0	0	531	422	0	
8	0	0	0	0	536	422	0	
9	0	0	0	0	542	422	0	
10	0	0	0	0	547	426	0	
11	0	0	0	0	556	430	0	
12	0	0	0	0	564	435	0	
13	0	0	0	0	569	441	0	
14	0	0	0	0	569	448	0	
15	0	0	0	0	568	453	0	
0	0	0	0	0	566	460	0	
1	0	0	0	0	562	464	0	
2	0	0	0	0	556	467	0	
3	0	0	0	0	548	471	0	
4	0	0	0	0	539	473	0	
5	0	0	0	0	530	476	0	
6	0	0	0	0	519	478	0	
7	0	0	0	0	511	478	0	
8	0	0	0	0	508	479	0	
9	0	0	0	0	510	481	0	
10	0	0	0	0	511	489	0	
11	0	0	0	0	505	495	0	
12	0	0	0	0	500	503	0	
13	0	0	0	0	496	500	1	
14	0	0	0	0	493	496	0	
15	0	0	0	0	494	497	0	
0	0	0	0	0	490	500	0	
1	0	0	0	0	486	499	0	
2	0	0	0	0	481	494	0	
3	0	0	0	0	476	489	0	
4	0	0	0	0	473	481	0	
5	0	0	0	0	469	474	0	
6	0	0	0	0	465	476	0	
7	0	0	0	0	467	482	0	
8	0	0	0	0	473	491	0	
9	0	0	0	0	477	500	0	
10	0	0	0	0	482	508	0	
11	0	0	0	0	489	510	0	
12	0	0	0	0	493	508	0	
13	0	0	0	0	494	508	0	
14	0	0	0	0	496	507	0	
15	0	0	0	0	494	504	0	
0	0	0	0	0	494	503	0	
1	0	0	0	0	492	506	0	
2	0	0	0	0	493	508	0	
3	0	0	0	0	497	509	0	
4	0	0	0	0	497	505	0	
5	0	0	0	0	496	503	0	
6	0	0	0	0	491	508	0	
7	0	0	0	0	481	517	0	
8	0	0	0	0	472	527	0	
9	0	0	0	0	466	538	1	
10	0	0	0	0	463	551	1	
11	0	0	0	0	463	563	1	
12	0	0	0	0	464	559	1	
13	0	0	0	0	467	553	1	
14	0	0	0	0	472	550	1	
15	0	0	0	0	482	543	0	
0	0	0	0	0	493	538	0	
1	0	0	0	0	503	537	1	
2	0	0	0	0	515	539	0	
3	0	0	0	0	529	539	1	
4	0	0	0	0	541	542	0	
5	0	0	0	0	548	546	1	
6	0	0	0	0	548	551	1	
7	0	0	0	0	543	555	1	
8	0	0	0	0	538	555	1	
9	0	0	0	0	536	555	1	
10	0	0	0	0	535	552	1	
11	0	0	0	0	534	552	0	
12	0	0	0	0	532	552	1	
13	0	0	0	0	529	555	1	
14	0	0	0	0	532	561	0	
15	0	0	0	0	540	563	1	
0	0	0	0	0	547	565	1	
1	0	0	0	0	556	558	1	
2	0	0	0	0	560	553	1	
3	0	0	0	0	561	551	1	
4	0	0	0	0	561	551	1	
5	0	0	0	0	559	552	1	
6	0	0	0	0	552	552	0	
7	0	0	0	0	543	552	1	
8	0	0	0	0	531	551	1	
9	0	0	0	0	518	552	1	
10	0	0	0	0	507	549	1	
11	0	0	0	0	500	543	0	
12	0	0	0	0	496	532	0	
13	0	0	0	0	497	523	0	
14	0	0	0	0	504	519	0	
15	0	0	0	0	512	515	1	
0	0	0	0	0	519	518	0	
1	0	0	0	0	519	523	0	
2	0	0	0	0	521	528	0	
3	0	0	0	0	524	531	0	
4	0	0	0	0	531	534	0	
5	0	0	0	0	536	538	0	
6	0	0	0	0	531	543	0	
7	0	0	0	0	521	543	0	
8	0	0	0	0	514	543	1	
9	0	0	0	0	507	541	1	
10	0	0	0	0	506	533	0	
11	0	0	0	0	504	520	0	
12	0	0	0	0	500	511	0	
13	0	0	0	0	498	510	0	
14	0	0	0	0	498	516	1	
15	0	0	0	0	499	526	0	
0	0	0	0	0	499	530	0	
1	0	0	0	0	499	527	0	
2	0	0	0	0	507	519	0	
3	0	0	0	0	514	512	1	
4	0	0	0	0	515	509	0	
5	0	0	0	0	515	510	0	
6	0	0	0	0	513	511	0	
7	0	0	0	0	511	514	0	
8	0	0	0	0	510	514	1	
9	0	0	0	0	507	512	0	
10	0	0	0	0	504	508	0	
11	0	0	0	0	502	502	0	
12	0	0	0	0	499	501	0	
13	0	0	0	0	499	499	0	
14	0	0	0	0	499	499	0	
15	0	0	0	0	495	501	0	
0	0	0	0	0	494	508	0	
1	0	0	0	0	489	513	0	
2	0	0	0	0	482	518	0	
3	0	0	0	0	479	519	0	
4	0	0	0	0	475	515	0	
5	0	0	0	0	475	515	0	
6	0	0	0	0	472	513	1	
7	0	0	0	0	468	509	0	
8	0	0	0	0	471	507	0	
9	0	0	0	0	475	501	0	
10	0	0	0	0	480	504	0	
11	0	0	0	0	480	512	1	
12	0	0	0	0	476	523	0	
13	0	0	0	0	472	533	0	
14	0	0	0	0	469	540	0	
15	0	0	0	0	467	542	0	
0	0	0	0	0	462	533	0	
1	0	0	0	0	457	522	0	
2	0	0	0	0	454	512	0	
3	0	0	0	0	451	503	0	
4	0	0	0	0	454	496	0	
5	0	0	0	0	454	496	0	
6	0	0	0	0	454	495	0	
7	0	0	0	0	459	490	0	
8	0	0	0	0	465	491	0	
9	0	0	0	0	471	495	0	
10	0	0	0	0	476	498	0	
11	0	0	0	0	481	506	0	
12	0	0	0	0	482	519	0	
13	0	0	0	0	483	536	1	
14	0	0	0	0	479	543	0	
15	0	0	0	0	475	544	0	
0	0	0	0	0	476	544	0	
1	0	0	0	0	479	544	1	
2	0	0	0	0	484	549	1	
3	0	0	0	0	487	558	1	
4	0	0	0	0	494	562	0	
5	0	0	0	0	503	551	0	
6	0	0	0	0	506	539	0	
7	0	0	0	0	508	529	0	
8	0	0	0	0	509	524	0	
9	0	0	0	0	510	518	0	
10	0	0	0	0	513	516	1	
11	0	0	0	0	519	513	0	
12	0	0	0	0	524	515	0	
13	0	0	0	0	528	523	0	
14	0	0	0	0	533	533	1	
15	0	0	0	0	538	533	0	
0	0	0	0	0	546	524	0	
1	0	0	0	0	550	515	0	
2	0	0	0	0	551	515	0	
3	0	0	0	0	547	520	0	
4	0	0	0	0	539	526	1	
5	0	0	0	0	530	527	0	
6	0	0	0	0	522	526	0	
7	0	0	0	0	515	525	0	
8	0	0	0	0	511	522	0	
9	0	0	0	0	505	519	1	
10	0	0	0	0	500	515	0	
11	0	0	0	0	493	512	0	
12	0	0	0	0	488	508	0	
13	0	0	0	0	491	504	0	
14	0	0	0	0	493	501	0	
15	0	0	0	0	493	502	0	
0	0	0	0	0	491	504	0	
1	0	0	0	0	494	508	0	
2	0	0	0	0	495	513	0	
3	0	0	0	0	496	518	1	
4	0	0	0	0	499	522	0	
5	0	0	0	0	500	525	0	
6	0	0	0	0	499	527	0	
7	0	0	0	0	492	529	0	
8	0	0	0	0	486	527	0	
9	0	0	0	0	489	526	0	
10	0	0	0	0	490	522	0	
11	0	0	0	0	495	515	0	
12	0	0	0	0	498	514	0	
13	0	0	0	0	502	513	1	
14	0	0	0	0	502	509	0	
15	0	0	0	0	499	505	0	
0	0	0	0	0	495	501	0	
1	0	0	0	0	493	502	0	
2	0	0	0	0	492	504	1	
3	0	0	0	0	494	499	0	
4	0	0	0	0	500	496	0	
5	0	0	0	0	506	492	0	
6	0	0	0	0	510	480	0	
7	0	0	0	0	512	471	0	
8	0	0	0	0	514	463	0	
9	0	0	0	0	513	462	0	
10	0	0	0	0	510	467	0	
11	0	0	0	0	503	483	0	
12	0	0	0	0	501	499	1	
13	0	0	0	0	497	502	0	
14	0	0	0	0	495	492	0	
15	0	0	0	0	497	480	0	
0	0	0	0	0	499	473	0	
1	0	0	0	0	504	467	0	
2	0	0	0	0	511	462	0	
3	0	0	0	0	511	458	0	
4	0	0	0	0	513	459	0	
5	0	0	0	0	510	462	0	
6	0	0	0	0	508	463	0	
7	0	0	0	0	499	464	0	
8	0	0	0	0	491	467	0	
9	0	0	0	0	488	472	0	
10	0	0	0	0	489	475	1	
11	0	0	0	0	489	480	0	
12	0	0	0	0	489	486	0	
13	0	0	0	0	487	492	0	
14	0	0	0	0	491	498	0	
15	0	0	0	0	496	500	1	
0	0	0	0	0	499	499	0	
1	0	0	0	0	498	499	0	
2	0	0	0	0	493	496	0	
3	0	0	0	0	494	497	0	
4	0	0	0	0	498	500	0	
5	0	0	0	0	498	504	1	
6	0	0	0	0	496	508	0	
7	0	0	0	0	497	508	0	
8	0	0	0	0	503	509	0	
9	0	0	0	0	511	509	0	
10	0	0	0	0	521	508	0	
11	0	0	0	0	525	510	0	
12	0	0	0	0	526	515	0	
13	0	0	0	0	531	515	0	
14	0	0	0	0	537	507	0	
15	0	0	0	0	544	497	1	
0	0	0	0	0	551	492	0	
1	0	0	0	0	551	493	0	
2	0	0	0	0	551	499	0	
3	0	0	0	0	543	507	0	
4	0	0	0	0	534	511	1	
5	0	0	0	0	529	513	0	
6	0	0	0	0	528	514	0	
7	0	0	0	0	526	513	0	
8	0	0	0	0	522	515	0	
9	0	0	0	0	521	515	0	
10	0	0	0	0	524	508	0	
11	0	0	0	0	528	504	0	
12	0	0	0	0	527	499	0	
13	0	0	0	0	526	495	0	
14	0	0	0	0	523	498	0	
15	0	0	0	0	517	504	0	
0	0	0	0	0	510	514	0	
1	0	0	0	0	509	527	0	
2	0	0	0	0	511	539	0	
3	0	0	0	0	514	555	1	
4	0	0	0	0	516	565	1	
5	0	0	0	0	524	567	1	
6	0	0	0	0	533	563	1	
7	0	0	0	0	537	555	1	
8	0	0	0	0	539	546	1	
9	0	0	0	0	536	534	0	
10	0	0	0	0	535	521	0	
11	0	0	0	0	538	513	0	
12	0	0	0	0	539	502	0	
13	0	0	0	0	539	496	0	
14	0	0	0	0	539	494	0	
15	0	0	0	0	542	498	0	
0	0	0	0	0	543	500	0	
1	0	0	0	0	544	499	0	
2	0	0	0	0	543	499	0	
3	0	0	0	0	539	498	0	
4	0	0	0	0	541	496	0	
5	0	0	0	0	543	494	0	
6	0	0	0	0	543	492	0	
7	0	0	0	0	540	488	0	
8	0	0	0	0	535	480	0	
9	0	0	0	0	527	472	0	
10	0	0	0	0	519	472	0	
11	0	0	0	0	517	478	0	
12	0	0	0	0	521	485	1	
13	0	0	0	0	527	495	0	
14	0	0	0	0	529	502	0	
15	0	0	0	0	522	508	0	
0	0	0	0	0	515	511	0	
1	0	0	0	0	510	511	1	
2	0	0	0	0	513	511	0	
3	0	0	0	0	513	509	0	
4	0	0	0	0	513	512	0	
5	0	0	0	0	514	512	0	
6	0	0	0	0	519	515	1	
7	0	0	0	0	528	519	0	
8	0	0	0	0	531	524	0	
9	0	0	0	0	529	524	0	
10	0	0	0	0	527	523	0	
11	0	0	0	0	524	523	0	
12	0	0	0	0	519	520	0	
13	0	0	0	0	515	518	0	
14	0	0	0	0	511	516	0	
15	0	0	0	0	509	510	0	
0	0	0	0	0	508	504	1	
1	0	0	0	0	505	507	0	
2	0	0	0	0	508	513	0	
3	0	0	0	0	513	519	0	
4	0	0	0	0	519	523	0	
5	0	0	0	0	522	526	1	
6	0	0	0	0	524	532	0	
7	0	0	0	0	523	544	0	
8	0	0	0	0	525	559	1	
9	0	0	0	0	524	570	1	
10	0	0	0	0	521	561	1	
11	0	0	0	0	519	544	0	
12	0	0	0	0	521	528	0	
13	0	0	0	0	524	518	0	
14	0	0	0	0	530	513	0	
15	0	0	0	0	535	513	1	
0	0	0	0	0	540	516	0	
1	0	0	0	0	543	516	0	
2	0	0	0	0	541	520	0	
3	0	0	0	0	535	526	0	
4	0	0	0	0	526	528	0	
5	0	0	0	0	515	530	0	
6	0	0	0	0	506	536	0	
7	0	0	0	0	503	541	0	
8	0	0	0	0	508	544	0	
9	0	0	0	0	513	550	1	
10	0	0	0	0	517	548	0	
11	0	0	0	0	521	545	1	
12	0	0	0	0	526	540	0	
13	0	0	0	0	530	539	0	
14	0	0	0	0	537	541	0	
15	0	0	0	0	542	544	0	
0	0	0	0	0	540	547	0	
1	0	0	0	0	535	544	0	
2	0	0	0	0	532	543	0	
3	0	0	0	0	538	541	0	
4	0	0	0	0	548	536	0	
5	0	0	0	0	562	536	0	
6	0	0	0	0	567	536	0	
7	0	0	0	0	570	538	0	
8	0	0	0	0	571	544	0	
9	0	0	0	0	567	547	1	
10	0	0	0	0	569	542	0	
11	0	0	0	0	569	533	0	
12	0	0	0	0	570	526	0	
13	0	0	0	0	569	523	0	
14	0	0	0	0	564	519	0	
15	0	0	0	0	561	517	0	
0	0	0	0	0	559	512	0	
1	0	0	0	0	557	513	0	
2	0	0	0	0	555	516	1	
3	0	0	0	0	549	526	0	
4	0	0	0	0	541	537	0	
5	0	0	0	0	534	535	0	
6	0	0	0	0	534	524	0	
7	0	0	0	0	538	519	0	
8	0	0	0	0	536	512	0	
9	0	0	0	0	536	508	0	
10	0	0	0	0	540	507	0	
11	0	0	0	0	544	508	0	
12	0	0	0	0	548	514	0	
13	0	0	0	0	548	523	0	
14	0	0	0	0	552	539	0	
15	0	0	0	0	560	548	1	
0	0	0	0	0	567	546	0	
1	0	0	0	0	575	541	1	
2	0	0	0	0	585	544	0	
3	0	0	0	0	595	552	1	
4	0	0	0	0	599	558	1	
5	0	0	0	0	598	561	0	
6	0	0	0	0	596	561	0	
7	0	0	0	0	593	558	1	
8	0	0	0	0	591	550	0	
9	0	0	0	0	595	546	1	
10	0	0	0	0	601	538	0	
11	0	0	0	0	605	536	0	
12	0	0	0	0	604	534	0	
13	0	0	0	0	595	527	0	
14	0	0	0	0	585	521	0	
15	0	0	0	0	576	517	0	
0	0	0	0	0	570	518	0	
1	0	0	0	0	566	512	0	
2	0	0	0	0	563	508	0	
3	0	0	0	0	560	507	0	
4	0	0	0	0	551	511	0	
5	0	0	0	0	545	514	0	
6	0	0	0	0	540	513	0	
7	0	0	0	0	535	515	0	
8	0	0	0	0	535	517	0	
9	0	0	0	0	536	516	0	
10	0	0	0	0	532	520	1	
11	0	0	0	0	526	528	0	
12	0	0	0	0	520	539	0	
13	0	0	0	0	516	552	1	
14	0	0	0	0	516	556	1	
15	0	0	0	0	517	547	1	
0	0	0	0	0	515	536	0	
1	0	0	0	0	510	522	0	
2	0	0	0	0	504	515	0	
3	0	0	0	0	503	516	0	
4	0	0	0	0	499	518	1	
5	0	0	0	0	494	519	0	
6	0	0	0	0	489	520	0	
7	0	0	0	0	490	524	0	
8	0	0	0	0	492	524	0	
9	0	0	0	0	493	519	0	
10	0	0	0	0	492	515	0	
11	0	0	0	0	491	514	0	
12	0	0	0	0	487	514	0	
13	0	0	0	0	487	512	0	
14	0	0	0	0	484	514	1	
15	0	0	0	0	484	519	0	
0	0	0	0	0	489	523	0	
1	0	0	0	0	496	536	0	
2	0	0	0	0	500	553	1	
3	0	0	0	0	501	565	1	
4	0	0	0	0	499	567	1	
5	0	0	0	0	496	563	1	
6	0	0	0	0	494	560	1	
7	0	0	0	0	492	559	1	
8	0	0	0	0	494	555	1	
9	0	0	0	0	494	553	1	
10	0	0	0	0	493	557	1	
11	0	0	0	0	491	564	0	
12	0	0	0	0	495	572	1	
13	0	0	0	0	495	582	1	
14	0	0	0	0	495	589	1	
15	0	0	0	0	495	593	1	
0	0	0	0	0	500	601	1	
1	0	0	0	0	511	601	1	
2	0	0	0	0	525	600	1	
3	0	0	0	0	537	599	1	
4	0	0	0	0	551	595	1	
5	0	0	0	0	564	591	1	
6	0	0	0	0	567	590	1	
7	0	0	0	0	558	589	1	
8	0	0	0	0	543	587	1	
9	0	0	0	0	531	584	1	
10	0	0	0	0	525	580	1	
11	0	0	0	0	524	573	1	
12	0	0	0	0	529	567	1	
13	0	0	0	0	534	561	1	
14	0	0	0	0	532	558	1	
15	0	0	0	0	531	557	1	
0	0	0	0	0	525	553	1	
1	0	0	0	0	521	551	1	
2	0	0	0	0	516	544	0	
3	0	0	0	0	515	536	0	
4	0	0	0	0	513	533	0	
5	0	0	0	0	509	529	0	
6	0	0	0	0	505	525	0	
7	0	0	0	0	507	523	0	
8	0	0	0	0	513	520	0	
9	0	0	0	0	515	520	0	
10	0	0	0	0	518	526	0	
11	0	0	0	0	518	532	0	
12	0	0	0	0	515	538	0	
13	0	0	0	0	515	546	0	
14	0	0	0	0	513	555	1	
15	0	0	0	0	511	561	1	
0	0	0	0	0	513	567	0	
1	0	0	0	0	514	567	1	
2	0	0	0	0	515	569	1	
3	0	0	0	0	512	569	0	
4	0	0	0	0	510	563	1	
5	0	0	0	0	509	555	0	
6	0	0	0	0	502	538	0	
7	0	0	0	0	499	528	0	
8	0	0	0	0	504	529	0	
9	0	0	0	0	513	531	0	
10	0	0	0	0	524	533	1	
11	0	0	0	0	534	539	0	
12	0	0	0	0	542	537	0	
13	0	0	0	0	549	528	0	
14	0	0	0	0	555	523	0	
15	0	0	0	0	560	523	0	
0	0	0	0	0	558	521	0	
1	0	0	0	0	551	524	1	
2	0	0	0	0	546	527	0	
3	0	0	0	0	541	532	0	
4	0	0	0	0	537	536	0	
5	0	0	0	0	534	537	0	
6	0	0	0	0	528	537	0	
7	0	0	0	0	529	532	0	
8	0	0	0	0	529	522	0	
9	0	0	0	0	530	511	0	
10	0	0	0	0	529	504	0	
11	0	0	0	0	527	500	0	
12	0	0	0	0	528	496	0	
13	0	0	0	0	530	488	0	
14	0	0	0	0	526	482	0	
15	0	0	0	0	515	480	0	
0	0	0	0	0	506	485	0	
1	0	0	0	0	499	488	0	
2	0	0	0	0	494	490	1	
3	0	0	0	0	486	493	0	
4	0	0	0	0	480	496	0	
5	0	0	0	0	476	497	0	
6	0	0	0	0	473	489	0	
7	0	0	0	0	472	485	0	
8	0	0	0	0	472	484	0	
9	0	0	0	0	472	489	0	
10	0	0	0	0	476	500	0	
11	0	0	0	0	480	510	0	
12	0	0	0	0	489	513	0	
13	0	0	0	0	498	522	0	
14	0	0	0	0	505	519	0	
15	0	0	0	0	514	511	0	
0	0	0	0	0	523	506	0	
1	0	0	0	0	528	503	0	
2	0	0	0	0	530	500	1	
3	0	0	0	0	521	500	0	
4	0	0	0	0	510	504	0	
5	0	0	0	0	507	510	0	
6	0	0	0	0	510	514	0	
7	0	0	0	0	511	524	1	
8	0	0	0	0	513	530	0	
9	0	0	0	0	514	535	0	
10	0	0	0	0	516	541	0	
11	0	0	0	0	518	544	0	
12	0	0	0	0	517	544	1	
13	0	0	0	0	516	528	0	
14	0	0	0	0	513	507	0	
15	0	0	0	0	510	496	0	
0	0	0	0	0	504	494	0	
1	0	0	0	0	501	493	0	
2	0	0	0	0	495	494	0	
3	0	0	0	0	489	493	0	
4	0	0	0	0	487	496	0	
5	0	0	0	0	486	500	0	
6	0	0	0	0	483	505	1	
7	0	0	0	0	482	513	0	
8	0	0	0	0	480	519	0	
9	0	0	0	0	481	528	0	
10	0	0	0	0	487	526	0	
11	0	0	0	0	496	519	1	
12	0	0	0	0	503	512	0	
13	0	0	0	0	505	505	0	
14	0	0	0	0	510	501	0	
15	0	0	0	0	514	499	0	
0	0	0	0	0	516	497	1	
1	0	0	0	0	520	495	0	
2	0	0	0	0	522	492	0	
3	0	0	0	0	527	494	0	
4	0	0	0	0	534	494	0	
5	0	0	0	0	537	496	1	
6	0	0	0	0	540	502	0	
7	0	0	0	0	542	507	0	
8	0	0	0	0	541	513	0	
9	0	0	0	0	544	524	0	
10	0	0	0	0	544	526	0	
11	0	0	0	0	541	524	0	
12	0	0	0	0	537	520	1	
13	0	0	0	0	535	518	0	
14	0	0	0	0	530	514	0	
15	0	0	0	0	527	512	1	
0	0	0	0	0	522	515	0	
1	0	0	0	0	518	519	0	
2	0	0	0	0	511	521	0	
3	0	0	0	0	508	524	0	
4	0	0	0	0	512	526	1	
5	0	0	0	0	521	528	0	
6	0	0	0	0	534	530	0	
7	0	0	0	0	537	531	0	
8	0	0	0	0	534	532	0	
9	0	0	0	0	529	528	1	
10	0	0	0	0	524	523	0	
11	0	0	0	0	520	518	0	
12	0	0	0	0	521	511	0	
13	0	0	0	0	525	507	0	
14	0	0	0	0	529	503	0	
15	0	0	0	0	529	499	0	
0	0	0	0	0	531	498	0	
1	0	0	0	0	531	493	0	
2	0	0	0	0	529	492	0	
3	0	0	0	0	523	492	1	
4	0	0	0	0	519	495	0	
5	0	0	0	0	520	498	0	
6	0	0	0	0	525	503	0	
7	0	0	0	0	529	504	0	
8	0	0	0	0	529	511	0	
9	0	0	0	0	533	521	0	
10	0	0	0	0	535	522	0	
11	0	0	0	0	535	516	0	
12	0	0	0	0	533	511	0	
13	0	0	0	0	522	508	0	
14	0	0	0	0	512	513	0	
15	0	0	0	0	498	517	1	
0	0	0	0	0	489	523	0	
1	0	0	0	0	482	527	0	
2	0	0	0	0	481	530	0	
3	0	0	0	0	485	526	0	
4	0	0	0	0	491	513	0	
5	0	0	0	0	499	502	0	
6	0	0	0	0	508	491	0	
7	0	0	0	0	511	485	1	
8	0	0	0	0	508	485	0	
9	0	0	0	0	510	484	0	
10	0	0	0	0	509	486	0	
11	0	0	0	0	508	484	0	
12	0	0	0	0	509	485	1	
13	0	0	0	0	514	486	0	
14	0	0	0	0	527	489	0	
15	0	0	0	0	534	493	0	
0	0	0	0	0	536	494	0	
1	0	0	0	0	536	494	0	
2	0	0	0	0	529	494	0	
3	0	0	0	0	526	492	0	
4	0	0	0	0	523	491	0	
5	0	0	0	0	517	493	0	
6	0	0	0	0	513	494	0	
7	0	0	0	0	508	491	0	
8	0	0	0	0	503	488	0	
9	0	0	0	0	497	492	0	
10	0	0	0	0	495	502	0	
11	0	0	0	0	493	509	1	
12	0	0	0	0	491	514	0	
13	0	0	0	0	492	515	0	
14	0	0	0	0	498	518	0	
15	0	0	0	0	505	517	1	
0	0	0	0	0	508	512	0	
1	0	0	0	0	506	506	0	
2	0	0	0	0	505	500	0	
3	0	0	0	0	502	496	0	
4	0	0	0	0	503	496	0	
5	0	0	0	0	503	497	1	
6	0	0	0	0	497	508	0	
7	0	0	0	0	487	519	0	
8	0	0	0	0	484	519	0	
9	0	0	0	0	486	515	0	
10	0	0	0	0	485	510	1	
11	0	0	0	0	483	502	0	
12	0	0	0	0	479	499	0	
13	0	0	0	0	478	503	0	
14	0	0	0	0	481	513	0	
15	0	0	0	0	482	520	1	
0	0	0	0	0	483	520	0	
1	0	0	0	0	482	504	0	
2	0	0	0	0	478	490	0	
3	0	0	0	0	476	483	0	
4	0	0	0	0	479	476	1	
5	0	0	0	0	485	470	0	
6	0	0	0	0	490	470	0	
7	0	0	0	0	495	476	0	
8	0	0	0	0	502	486	0	
9	0	0	0	0	503	493	1	
10	0	0	0	0	507	501	0	
11	0	0	0	0	507	508	0	
12	0	0	0	0	504	517	0	
13	0	0	0	0	497	525	0	
14	0	0	0	0	488	531	1	
15	0	0	0	0	480	536	0	
0	0	0	0	0	473	540	0	
1	0	0	0	0	472	539	0	
2	0	0	0	0	475	531	0	
3	0	0	0	0	479	524	1	
4	0	0	0	0	485	512	0	
5	0	0	0	0	492	503	0	
6	0	0	0	0	499	497	0	
7	0	0	0	0	503	498	0	
8	0	0	0	0	502	502	1	
9	0	0	0	0	504	506	0	
10	0	0	0	0	508	508	0	
11	0	0	0	0	515	511	0	
12	0	0	0	0	524	506	1	
13	0	0	0	0	528	499	1	
14	0	0	0	0	526	497	0	
15	0	0	0	0	522	497	0	
0	0	0	0	0	519	496	0	
1	0	0	0	0	515	492	0	
2	0	0	0	0	516	489	1	
3	0	0	0	0	516	487	0	
4	0	0	0	0	519	488	0	
5	0	0	0	0	517	492	0	
6	0	0	0	0	516	498	0	
7	0	0	0	0	518	504	1	
8	0	0	0	0	521	506	0	
9	0	0	0	0	530	506	0	
10	0	0	0	0	535	507	0	
11	0	0	0	0	532	508	0	
12	0	0	0	0	523	510	1	
13	0	0	0	0	518	514	0	
14	0	0	0	0	516	512	0	
15	0	0	0	0	524	509	0	
0	0	0	0	0	527	503	0	
1	0	0	0	0	524	502	1	
2	0	0	0	0	524	508	0	
3	0	0	0	0	524	516	0	
4	0	0	0	0	520	512	0	
5	0	0	0	0	516	496	0	
6	0	0	0	0	511	485	1	
7	0	0	0	0	508	475	0	
8	0	0	0	0	508	471	0	
9	0	0	0	0	511	475	0	
10	0	0	0	0	515	476	0	
11	0	0	0	0	516	479	1	
12	0	0	0	0	518	478	0	
13	0	0	0	0	523	474	0	
14	0	0	0	0	527	470	0	
15	0	0	0	0	529	474	0	
0	0	0	0	0	531	475	0	
1	0	0	0	0	536	479	0	
2	0	0	0	0	536	485	0	
3	0	0	0	0	542	493	0	
4	0	0	0	0	545	497	0	
5	0	0	0	0	547	499	0	
6	0	0	0	0	551	507	0	
7	0	0	0	0	553	519	0	
8	0	0	0	0	561	524	0	
9	0	0	0	0	561	528	0	
10	0	0	0	0	559	529	1	
11	0	0	0	0	558	531	0	
12	0	0	0	0	559	534	0	
13	0	0	0	0	566	537	0	
14	0	0	0	0	572	539	1	
15	0	0	0	0	577	538	1	
0	0	0	0	0	575	536	0	
1	0	0	0	0	572	534	0	
2	0	0	0	0	571	534	0	
3	0	0	0	0	567	532	1	
4	0	0	0	0	560	529	0	
5	0	0	0	0	553	529	0	
6	0	0	0	0	540	528	0	
7	0	0	0	0	533	528	0	
8	0	0	0	0	524	528	0	
9	0	0	0	0	511	528	0	
10	0	0	0	0	500	528	0	
11	0	0	0	0	491	524	0	
12	0	0	0	0	482	514	0	
13	0	0	0	0	475	509	0	
14	0	0	0	0	467	507	0	
15	0	0	0	0	465	500	0	
0	0	0	0	0	471	495	0	
1	0	0	0	0	476	491	0	
2	0	0	0	0	485	487	0	
3	0	0	0	0	488	489	0	
4	0	0	0	0	492	494	0	
5	0	0	0	0	498	499	0	
6	0	0	0	0	507	506	0	
7	0	0	0	0	511	508	0	
8	0	0	0	0	512	513	0	
9	0	0	0	0	506	518	0	
10	0	0	0	0	492	522	0	
11	0	0	0	0	479	526	0	
12	0	0	0	0	470	523	0	
13	0	0	0	0	463	519	1	
14	0	0	0	0	458	514	0	
15	0	0	0	0	459	504	0	
0	0	0	0	0	464	498	0	
1	0	0	0	0	469	493	0	
2	0	0	0	0	475	491	1	
3	0	0	0	0	483	488	0	
4	0	0	0	0	492	483	0	
5	0	0	0	0	496	482	0	
6	0	0	0	0	499	483	0	
7	0	0	0	0	501	484	1	
8	0	0	0	0	501	486	0	
9	0	0	0	0	499	487	0	
10	0	0	0	0	494	489	0	
11	0	0	0	0	491	487	0	
12	0	0	0	0	491	485	1	
13	0	0	0	0	492	482	0	
14	0	0	0	0	500	482	0	
15	0	0	0	0	510	479	0	
0	0	0	0	0	519	476	0	
1	0	0	0	0	527	473	0	
2	0	0	0	0	531	473	0	
3	0	0	0	0	530	474	0	
4	0	0	0	0	526	475	0	
5	0	0	0	0	524	475	0	
6	0	0	0	0	526	479	1	
7	0	0	0	0	525	486	0	
8	0	0	0	0	526	489	0	
9	0	0	0	0	530	488	0	
10	0	0	0	0	535	487	0	
11	0	0	0	0	541	488	1	
12	0	0	0	0	546	485	0	
13	0	0	0	0	549	484	0	
14	0	0	0	0	544	491	0	
15	0	0	0	0	538	500	0	
0	0	0	0	0	531	508	1	
1	0	0	0	0	523	504	0	
2	0	0	0	0	514	501	0	
3	0	0	0	0	504	501	0	
4	0	0	0	0	496	509	0	
5	0	0	0	0	492	517	1	
6	0	0	0	0	487	525	0	
7	0	0	0	0	481	526	0	
8	0	0	0	0	481	529	0	
9	0	0	0	0	483	530	0	
10	0	0	0	0	492	529	0	
11	0	0	0	0	500	528	0	
12	0	0	0	0	503	531	0	
13	0	0	0	0	499	536	0	
14	0	0	0	0	493	535	0	
15	0	0	0	0	493	521	1	
0	0	0	0	0	494	503	0	
1	0	0	0	0	490	489	0	
2	0	0	0	0	484	476	0	
3	0	0	0	0	481	465	0	
4	0	0	0	0	482	457	0	
5	0	0	0	0	483	455	0	
6	0	0	0	0	481	457	0	
7	0	0	0	0	484	465	0	
8	0	0	0	0	488	472	1	
9	0	0	0	0	491	472	0	
10	0	0	0	0	499	469	0	
11	0	0	0	0	508	465	0	
12	0	0	0	0	522	466	0	
13	0	0	0	0	531	464	0	
14	0	0	0	0	531	463	0	
15	0	0	0	0	530	464	0	
0	0	0	0	0	528	464	0	
1	0	0	0	0	523	464	0	
2	0	0	0	0	512	465	0	
3	0	0	0	0	502	465	0	
4	0	0	0	0	490	465	0	
5	0	0	0	0	483	474	1	
6	0	0	0	0	477	482	0	
7	0	0	0	0	471	482	1	
8	0	0	0	0	467	480	1	
9	0	0	0	0	466	481	0	
10	0	0	0	0	467	480	0	
11	0	0	0	0	471	477	0	
12	0	0	0	0	475	474	0	
13	0	0	0	0	482	473	0	
14	0	0	0	0	493	472	0	
15	0	0	0	0	501	466	0	
0	0	0	0	0	508	462	0	
1	0	0	0	0	512	456	0	
2	0	0	0	0	512	456	0	
3	0	0	0	0	506	458	0	
4	0	0	0	0	500	463	0	
5	0	0	0	0	499	471	0	
6	0	0	0	0	499	474	1	
7	0	0	0	0	499	479	0	
8	0	0	0	0	503	485	0	
9	0	0	0	0	502	490	0	
10	0	0	0	0	503	494	0	
11	0	0	0	0	502	496	0	
12	0	0	0	0	502	498	0	
13	0	0	0	0	500	496	0	
14	0	0	0	0	500	496	0	
15	0	0	0	0	503	499	0	
0	0	0	0	0	511	502	0	
1	0	0	0	0	522	504	0	
2	0	0	0	0	532	506	0	
3	0	0	0	0	537	506	0	
4	0	0	0	0	538	502	0	
5	0	0	0	0	540	493	0	
6	0	0	0	0	542	482	1	
7	0	0	0	0	540	477	0	
8	0	0	0	0	536	468	0	
9	0	0	0	0	532	458	0	
10	0	0	0	0	527	450	0	
11	0	0	0	0	524	444	0	
12	0	0	0	0	523	442	0	
13	0	0	0	0	526	442	0	
14	0	0	0	0	528	438	0	
15	0	0	0	0	531	438	0	
0	0	0	0	0	533	441	0	
1	0	0	0	0	531	443	0	
2	0	0	0	0	528	447	0	
3	0	0	0	0	524	448	0	
4	0	0	0	0	516	447	0	
5	0	0	0	0	504	451	0	
6	0	0	0	0	485	456	0	
7	0	0	0	0	469	460	0	
8	0	0	0	0	460	463	0	
9	0	0	0	0	457	468	0	
10	0	0	0	0	462	471	1	
11	0	0	0	0	467	470	0	
12	0	0	0	0	474	474	0	
13	0	0	0	0	481	480	0	
14	0	0	0	0	486	489	0	
15	0	0	0	0	488	495	1	
0	0	0	0	0	495	501	0	
1	0	0	0	0	507	508	0	
2	0	0	0	0	518	514	0	
3	0	0	0	0	528	519	0	
4	0	0	0	0	533	519	1	
5	0	0	0	0	534	515	0	
6	0	0	0	0	531	510	0	
7	0	0	0	0	532	508	0	
8	0	0	0	0	533	504	0	
9	0	0	0	0	534	501	1	
10	0	0	0	0	536	500	0	
11	0	0	0	0	543	501	0	
12	0	0	0	0	551	500	0	
13	0	0	0	0	556	498	0	
14	0	0	0	0	560	498	0	
15	0	0	0	0	557	497	0	
0	0	0	0	0	550	496	0	
1	0	0	0	0	543	495	0	
2	0	0	0	0	541	500	0	
3	0	0	0	0	536	504	1	
4	0	0	0	0	529	508	0	
5	0	0	0	0	527	512	0	
6	0	0	0	0	528	517	0	
7	0	0	0	0	530	514	0	
8	0	0	0	0	530	512	1	
9	0	0	0	0	531	499	0	
10	0	0	0	0	530	486	0	
11	0	0	0	0	525	478	0	
12	0	0	0	0	520	474	0	
13	0	0	0	0	519	474	1	
14	0	0	0	0	525	476	0	
15	0	0	0	0	534	480	0	
0	0	0	0	0	541	486	0	
1	0	0	0	0	545	491	0	
2	0	0	0	0	549	492	0	
3	0	0	0	0	558	488	0	
4	0	0	0	0	563	490	0	
5	0	0	0	0	556	489	0	
6	0	0	0	0	547	492	0	
7	0	0	0	0	543	497	0	
8	0	0	0	0	542	496	0	
9	0	0	0	0	542	492	0	
10	0	0	0	0	537	488	0	
11	0	0	0	0	537	488	0	
12	0	0	0	0	533	486	0	
13	0	0	0	0	523	483	0	
14	0	0	0	0	509	482	0	
15	0	0	0	0	499	483	0	
0	0	0	0	0	495	484	0	
1	0	0	0	0	492	483	1	
2	0	0	0	0	487	487	0	
3	0	0	0	0	480	496	0	
4	0	0	0	0	472	504	0	
5	0	0	0	0	466	510	1	
6	0	0	0	0	463	515	0	
7	0	0	0	0	467	522	0	
8	0	0	0	0	473	527	0	
9	0	0	0	0	481	538	1	
10	0	0	0	0	489	544	0	
11	0	0	0	0	498	546	0	
12	0	0	0	0	502	549	0	
13	0	0	0	0	510	552	1	
14	0	0	0	0	515	549	0	
15	0	0	0	0	524	547	1	
0	0	0	0	0	534	547	0	
1	0	0	0	0	543	547	1	
2	0	0	0	0	554	550	1	
3	0	0	0	0	556	553	1	
4	0	0	0	0	551	556	1	
5	0	0	0	0	550	559	0	
6	0	0	0	0	543	556	0	
7	0	0	0	0	537	554	1	
8	0	0	0	0	531	552	1	
9	0	0	0	0	524	550	0	
10	0	0	0	0	520	550	1	
11	0	0	0	0	516	546	0	
12	0	0	0	0	519	547	0	
13	0	0	0	0	521	548	1	
14	0	0	0	0	522	547	1	
15	0	0	0	0	525	550	0	
0	0	0	0	0	531	558	1	
1	0	0	0	0	537	569	1	
2	0	0	0	0	543	576	1	
3	0	0	0	0	542	567	1	
4	0	0	0	0	543	550	1	
5	0	0	0	0	543	536	0	
6	0	0	0	0	541	525	0	
7	0	0	0	0	538	519	0	
8	0	0	0	0	527	515	0	
9	0	0	0	0	522	512	0	
10	0	0	0	0	519	510	0	
11	0	0	0	0	517	514	0	
12	0	0	0	0	511	520	0	
13	0	0	0	0	501	524	0	
14	0	0	0	0	490	522	1	
15	0	0	0	0	480	518	0	
0	0	0	0	0	470	515	0	
1	0	0	0	0	466	515	0	
2	0	0	0	0	462	517	0	
3	0	0	0	0	460	522	1	
4	0	0	0	0	463	531	0	
5	0	0	0	0	463	536	1	
6	0	0	0	0	461	536	0	
7	0	0	0	0	460	531	0	
8	0	0	0	0	460	526	1	
9	0	0	0	0	460	523	0	
10	0	0	0	0	459	519	0	
11	0	0	0	0	458	517	0	
12	0	0	0	0	456	518	0	
13	0	0	0	0	454	522	0	
14	0	0	0	0	456	522	0	
15	0	0	0	0	462	525	0	
0	0	0	0	0	469	534	0	
1	0	0	0	0	473	540	0	
2	0	0	0	0	478	551	1	
3	0	0	0	0	484	556	1	
4	0	0	0	0	490	556	1	
5	0	0	0	0	496	551	1	
6	0	0	0	0	504	553	1	
7	0	0	0	0	509	558	1	
8	0	0	0	0	512	562	1	
9	0	0	0	0	516	564	1	
10	0	0	0	0	518	564	1	
11	0	0	0	0	519	567	1	
12	0	0	0	0	513	566	1	
13	0	0	0	0	504	561	1	
14	0	0	0	0	493	557	1	
15	0	0	0	0	483	551	1	
0	0	0	0	0	479	543	0	
1	0	0	0	0	472	531	1	
2	0	0	0	0	467	524	0	
3	0	0	0	0	464	521	0	
4	0	0	0	0	467	525	0	
5	0	0	0	0	473	525	0	
6	0	0	0	0	478	521	0	
7	0	0	0	0	476	520	0	
8	0	0	0	0	478	518	0	
9	0	0	0	0	481	510	0	
10	0	0	0	0	483	502	0	
11	0	0	0	0	492	495	1	
12	0	0	0	0	497	490	0	
13	0	0	0	0	499	491	0	
14	0	0	0	0	499	495	0	
15	0	0	0	0	504	502	1	
0	0	0	0	0	508	507	1	
1	0	0	0	0	505	507	0	
2	0	0	0	0	506	506	0	
3	0	0	0	0	504	508	0	
4	0	0	0	0	499	509	0	
5	0	0	0	0	494	511	1	
6	0	0	0	0	489	516	0	
7	0	0	0	0	487	513	0	
8	0	0	0	0	485	510	0	
9	0	0	0	0	486	512	0	
10	0	0	0	0	487	514	1	
11	0	0	0	0	483	517	0	
12	0	0	0	0	481	521	0	
13	0	0	0	0	478	524	0	
14	0	0	0	0	476	527	0	
15	0	0	0	0	479	528	0	
0	0	0	0	0	481	529	0	
1	0	0	0	0	484	526	0	
2	0	0	0	0	487	525	0	
3	0	0	0	0	488	527	0	
4	0	0	0	0	490	532	1	
5	0	0	0	0	492	534	0	
6	0	0	0	0	497	528	0	
7	0	0	0	0	502	521	0	
8	0	0	0	0	505	513	0	
9	0	0	0	0	507	508	1	
10	0	0	0	0	508	509	0	
11	0	0	0	0	505	508	0	
12	0	0	0	0	502	505	0	
13	0	0	0	0	501	502	0	
14	0	0	0	0	499	498	1	
15	0	0	0	0	494	494	0	
0	0	0	0	0	486	490	0	
1	0	0	0	0	482	489	0	
2	0	0	0	0	481	491	0	
3	0	0	0	0	479	495	0	
4	0	0	0	0	476	497	0	
5	0	0	0	0	475	501	0	
6	0	0	0	0	475	503	0	
7	0	0	0	0	479	507	0	
8	0	0	0	0	477	515	1	
9	0	0	0	0	475	526	0	
10	0	0	0	0	472	527	0	
11	0	0	0	0	465	519	0	
12	0	0	0	0	463	511	0	
13	0	0	0	0	463	503	1	
14	0	0	0	0	463	497	0	
15	0	0	0	0	466	495	0	
0	0	0	0	0	473	496	0	
1	0	0	0	0	481	494	1	
2	0	0	0	0	487	489	0	
3	0	0	0	0	492	491	0	
4	0	0	0	0	485	493	0	
5	0	0	0	0	479	496	0	
6	0	0	0	0	476	495	0	
7	0	0	0	0	473	490	0	
8	0	0	0	0	472	486	0	
9	0	0	0	0	469	481	0	
10	0	0	0	0	471	481	0	
11	0	0	0	0	467	486	0	
12	0	0	0	0	459	491	0	
13	0	0	0	0	452	493	0	
14	0	0	0	0	449	494	0	
15	0	0	0	0	449	492	0	
0	0	0	0	0	449	489	0	
1	0	0	0	0	454	489	0	
2	0	0	0	0	462	492	0	
3	0	0	0	0	461	494	1	
4	0	0	0	0	462	489	0	
5	0	0	0	0	461	477	0	
6	0	0	0	0	464	470	0	
7	0	0	0	0	465	467	0	
8	0	0	0	0	475	471	0	
9	0	0	0	0	481	480	0	
10	0	0	0	0	483	492	0	
11	0	0	0	0	480	505	0	
12	0	0	0	0	473	513	0	
13	0	0	0	0	473	516	0	
14	0	0	0	0	473	516	0	
15	0	0	0	0	477	516	0	
0	0	0	0	0	478	521	0	
1	0	0	0	0	476	523	0	
2	0	0	0	0	467	517	0	
3	0	0	0	0	460	508	0	
4	0	0	0	0	456	502	0	
5	0	0	0	0	456	494	1	
6	0	0	0	0	455	489	0	
7	0	0	0	0	452	489	0	
8	0	0	0	0	453	492	0	
9	0	0	0	0	452	492	0	
10	0	0	0	0	451	487	1	
11	0	0	0	0	448	486	0	
12	0	0	0	0	447	488	0	
13	0	0	0	0	448	496	0	
14	0	0	0	0	452	505	0	
15	0	0	0	0	455	515	1	
0	0	0	0	0	462	517	0	
1	0	0	0	0	467	516	0	
2	0	0	0	0	473	512	0	
3	0	0	0	0	479	512	0	
4	0	0	0	0	487	521	1	
5	0	0	0	0	500	526	0	
6	0	0	0	0	512	523	0	
7	0	0	0	0	521	523	0	
8	0	0	0	0	524	521	0	
9	0	0	0	0	531	521	0	
10	0	0	0	0	535	525	0	
11	0	0	0	0	533	530	1	
12	0	0	0	0	531	536	0	
13	0	0	0	0	528	539	0	
14	0	0	0	0	527	540	1	
15	0	0	0	0	523	539	0	
0	0	0	0	0	521	537	0	
1	0	0	0	0	520	536	0	
2	0	0	0	0	519	532	0	
3	0	0	0	0	520	527	1	
4	0	0	0	0	519	521	0	
5	0	0	0	0	519	512	0	
6	0	0	0	0	523	503	0	
7	0	0	0	0	525	494	0	
8	0	0	0	0	526	490	1	
9	0	0	0	0	524	484	0	
10	0	0	0	0	521	478	0	
11	0	0	0	0	523	475	0	
12	0	0	0	0	521	474	0	
13	0	0	0	0	517	470	1	
14	0	0	0	0	511	473	0	
15	0	0	0	0	506	481	0	
0	0	0	0	0	502	489	0	
1	0	0	0	0	500	496	0	
2	0	0	0	0	506	503	0	
3	0	0	0	0	515	508	0	
4	0	0	0	0	526	515	0	
5	0	0	0	0	533	520	0	
6	0	0	0	0	539	526	0	
7	0	0	0	0	543	527	1	
8	0	0	0	0	547	528	0	
9	0	0	0	0	552	529	0	
10	0	0	0	0	559	531	0	
11	0	0	0	0	560	534	0	
12	0	0	0	0	560	538	1	
13	0	0	0	0	558	540	0	
14	0	0	0	0	555	535	0	
15	0	0	0	0	551	530	0	
0	0	0	0	0	548	523	0	
1	0	0	0	0	546	520	0	
2	0	0	0	0	544	524	0	
3	0	0	0	0	540	528	0	
4	0	0	0	0	544	529	0	
5	0	0	0	0	548	514	0	
6	0	0	0	0	551	500	0	
7	0	0	0	0	554	492	0	
8	0	0	0	0	551	483	0	
9	0	0	0	0	545	483	0	
10	0	0	0	0	539	484	1	
11	0	0	0	0	531	487	1	
12	0	0	0	0	524	487	0	
13	0	0	0	0	522	487	0	
14	0	0	0	0	528	489	0	
15	0	0	0	0	536	490	0	
0	0	0	0	0	544	495	0	
1	0	0	0	0	549	497	0	
2	0	0	0	0	550	500	0	
3	0	0	0	0	546	507	0	
4	0	0	0	0	543	514	0	
5	0	0	0	0	542	522	0	
6	0	0	0	0	536	531	0	
7	0	0	0	0	529	540	0	
8	0	0	0	0	527	547	1	
9	0	0	0	0	523	551	1	
10	0	0	0	0	519	550	1	
11	0	0	0	0	512	545	0	
12	0	0	0	0	503	541	1	
13	0	0	0	0	496	539	0	
14	0	0	0	0	494	540	0	
15	0	0	0	0	495	540	1	
0	0	0	0	0	494	535	0	
1	0	0	0	0	497	531	0	
2	0	0	0	0	500	525	0	
3	0	0	0	0	507	516	0	
4	0	0	0	0	515	514	0	
5	0	0	0	0	521	512	0	
6	0	0	0	0	527	509	0	
7	0	0	0	0	527	512	0	
8	0	0	0	0	527	516	1	
9	0	0	0	0	521	522	0	
10	0	0	0	0	518	524	0	
11	0	0	0	0	518	524	0	
12	0	0	0	0	524	529	0	
13	0	0	0	0	524	532	0	
14	0	0	0	0	523	536	0	
15	0	0	0	0	519	538	0	
0	0	0	0	0	513	542	1	
1	0	0	0	0	512	545	1	
2	0	0	0	0	512	548	0	
3	0	0	0	0	515	550	1	
4	0	0	0	0	521	553	1	
5	0	0	0	0	524	557	1	
6	0	0	0	0	523	551	1	
7	0	0	0	0	524	539	0	
8	0	0	0	0	524	530	1	
9	0	0	0	0	519	525	0	
10	0	0	0	0	514	522	0	
11	0	0	0	0	513	519	0	
12	0	0	0	0	512	513	0	
13	0	0	0	0	512	508	1	
14	0	0	0	0	512	505	0	
15	0	0	0	0	513	501	0	
0	0	0	0	0	517	499	0	
1	0	0	0	0	523	498	0	
2	0	0	0	0	532	499	1	
3	0	0	0	0	541	503	0	
4	0	0	0	0	545	508	0	
5	0	0	0	0	548	510	0	
6	0	0	0	0	548	511	0	
7	0	0	0	0	545	513	1	
8	0	0	0	0	536	516	0	
9	0	0	0	0	523	515	0	
10	0	0	0	0	510	514	0	
11	0	0	0	0	498	517	0	
12	0	0	0	0	489	518	1	
13	0	0	0	0	484	520	0	
14	0	0	0	0	486	527	0	
15	0	0	0	0	489	530	0	
0	0	0	0	0	489	524	1	
1	0	0	0	0	492	520	1	
2	0	0	0	0	494	523	0	
3	0	0	0	0	496	521	0	
4	0	0	0	0	502	518	0	
5	0	0	0	0	503	515	0	
6	0	0	0	0	503	512	1	
7	0	0	0	0	504	511	0	
8	0	0	0	0	507	508	0	
9	0	0	0	0	509	508	0	
10	0	0	0	0	504	507	0	
11	0	0	0	0	500	502	1	
12	0	0	0	0	497	492	0	
13	0	0	0	0	496	484	0	
14	0	0	0	0	496	480	0	
15	0	0	0	0	492	476	0	
0	0	0	0	0	485	478	1	
1	0	0	0	0	483	485	0	
2	0	0	0	0	480	491	0	
3	0	0	0	0	482	493	0	
4	0	0	0	0	481	495	0	
5	0	0	0	0	480	498	1	
6	0	0	0	0	479	498	0	
7	0	0	0	0	479	502	0	
8	0	0	0	0	481	511	0	
9	0	0	0	0	485	520	1	
10	0	0	0	0	486	524	1	
11	0	0	0	0	486	518	0	
12	0	0	0	0	487	510	0	
13	0	0	0	0	490	505	0	
14	0	0	0	0	493	499	0	
15	0	0	0	0	499	487	1	
0	0	0	0	0	510	481	0	
1	0	0	0	0	519	483	0	
2	0	0	0	0	521	486	0	
3	0	0	0	0	513	495	0	
4	0	0	0	0	499	506	1	
5	0	0	0	0	487	511	0	
6	0	0	0	0	478	513	0	
7	0	0	0	0	472	513	0	
8	0	0	0	0	470	514	0	
9	0	0	0	0	469	514	1	
10	0	0	0	0	465	510	0	
11	0	0	0	0	462	508	0	
12	0	0	0	0	464	508	0	
13	0	0	0	0	472	509	0	
14	0	0	0	0	480	511	1	
15	0	0	0	0	484	514	0	
0	0	0	0	0	488	515	0	
1	0	0	0	0	491	515	0	
2	0	0	0	0	491	515	0	
3	0	0	0	0	489	515	1	
4	0	0	0	0	487	516	0	
5	0	0	0	0	487	521	0	
6	0	0	0	0	487	527	0	
7	0	0	0	0	484	534	0	
8	0	0	0	0	481	535	0	
9	0	0	0	0	476	530	0	
10	0	0	0	0	477	523	1	
11	0	0	0	0	483	514	0	
12	0	0	0	0	491	508	0	
13	0	0	0	0	503	503	1	
14	0	0	0	0	512	498	0	
15	0	0	0	0	513	488	0	
0	0	0	0	0	510	480	0	
1	0	0	0	0	506	479	0	
2	0	0	0	0	504	479	0	
3	0	0	0	0	503	475	0	
4	0	0	0	0	503	473	0	
5	0	0	0	0	509	469	0	
6	0	0	0	0	519	471	0	
7	0	0	0	0	530	471	0	
8	0	0	0	0	534	471	0	
9	0	0	0	0	531	473	0	
10	0	0	0	0	524	474	0	
11	0	0	0	0	517	475	0	
12	0	0	0	0	506	475	0	
13	0	0	0	0	494	475	0	
14	0	0	0	0	485	475	0	
15	0	0	0	0	478	476	0	
0	0	0	0	0	476	485	0	
1	0	0	0	0	477	503	0	
2	0	0	0	0	479	521	0	
3	0	0	0	0	483	526	0	
4	0	0	0	0	487	518	0	
5	0	0	0	0	498	511	1	
6	0	0	0	0	512	503	0	
7	0	0	0	0	525	494	0	
8	0	0	0	0	527	482	0	
9	0	0	0	0	521	476	0	
10	0	0	0	0	511	475	0	
11	0	0	0	0	503	477	0	
12	0	0	0	0	493	479	0	
13	0	0	0	0	487	483	0	
14	0	0	0	0	478	486	0	
15	0	0	0	0	476	484	0	
0	0	0	0	0	478	488	1	
1	0	0	0	0	477	497	0	
2	0	0	0	0	473	506	0	
3	0	0	0	0	471	515	0	
4	0	0	0	0	468	522	0	
5	0	0	0	0	467	527	1	
6	0	0	0	0	468	530	0	
7	0	0	0	0	470	531	0	
8	0	0	0	0	469	529	0	
9	0	0	0	0	467	527	0	
10	0	0	0	0	465	521	1	
11	0	0	0	0	462	509	0	
12	0	0	0	0	457	501	0	
13	0	0	0	0	454	497	0	
14	0	0	0	0	454	496	0	
15	0	0	0	0	457	494	0	
0	0	0	0	0	456	497	0	
1	0	0	0	0	455	499	0	
2	0	0	0	0	454	503	0	
3	0	0	0	0	455	506	0	
4	0	0	0	0	459	507	1	
5	0	0	0	0	459	508	0	
6	0	0	0	0	461	511	0	
7	0	0	0	0	460	507	0	
8	0	0	0	0	458	499	0	
9	0	0	0	0	460	489	1	
10	0	0	0	0	461	480	0	
11	0	0	0	0	462	478	0	
12	0	0	0	0	461	486	0	
13	0	0	0	0	461	497	0	
14	0	0	0	0	460	506	1	
15	0	0	0	0	457	517	0	
0	0	0	0	0	458	523	1	
1	0	0	0	0	463	523	0	
2	0	0	0	0	471	530	1	
3	0	0	0	0	482	539	1	
4	0	0	0	0	489	545	0	
5	0	0	0	0	494	542	1	
6	0	0	0	0	493	532	0	
7	0	0	0	0	486	527	0	
8	0	0	0	0	476	524	0	
9	0	0	0	0	467	525	0	
10	0	0	0	0	460	525	0	
11	0	0	0	0	461	528	0	
12	0	0	0	0	459	535	0	
13	0	0	0	0	457	540	1	
14	0	0	0	0	462	541	0	
15	0	0	0	0	467	540	0	
0	0	0	0	0	475	543	0	
1	0	0	0	0	482	550	1	
2	0	0	0	0	489	555	1	
3	0	0	0	0	495	553	0	
4	0	0	0	0	492	552	1	
5	0	0	0	0	484	552	1	
6	0	0	0	0	483	550	1	
7	0	0	0	0	487	551	0	
8	0	0	0	0	492	549	0	
9	0	0	0	0	504	551	1	
10	0	0	0	0	509	546	0	
11	0	0	0	0	516	543	0	
12	0	0	0	0	521	543	0	
13	0	0	0	0	522	548	0	
14	0	0	0	0	524	557	1	
15	0	0	0	0	523	568	1	
0	0	0	0	0	519	572	1	
1	0	0	0	0	519	576	0	
2	0	0	0	0	517	570	1	
3	0	0	0	0	522	556	1	
4	0	0	0	0	525	545	1	
5	0	0	0	0	528	540	0	
6	0	0	0	0	531	538	0	
7	0	0	0	0	531	536	0	
8	0	0	0	0	527	529	0	
9	0	0	0	0	529	521	0	
10	0	0	0	0	532	519	0	
11	0	0	0	0	539	518	1	
12	0	0	0	0	545	517	0	
13	0	0	0	0	545	516	0	
14	0	0	0	0	544	512	0	
15	0	0	0	0	543	509	0	
0	0	0	0	0	543	511	0	
1	0	0	0	0	543	519	0	
2	0	0	0	0	539	532	0	
3	0	0	0	0	531	544	0	
4	0	0	0	0	526	550	0	
5	0	0	0	0	523	550	0	
6	0	0	0	0	516	544	0	
7	0	0	0	0	514	541	0	
8	0	0	0	0	515	537	0	
9	0	0	0	0	517	535	1	
10	0	0	0	0	518	534	0	
11	0	0	0	0	512	535	0	
12	0	0	0	0	507	532	0	
13	0	0	0	0	505	526	0	
14	0	0	0	0	503	519	0	
15	0	0	0	0	502	514	0	
0	0	0	0	0	501	516	0	
1	0	0	0	0	495	519	0	
2	0	0	0	0	491	521	0	
3	0	0	0	0	486	522	0	
4	0	0	0	0	480	526	1	
5	0	0	0	0	478	530	0	
6	0	0	0	0	481	534	0	
7	0	0	0	0	483	538	0	
8	0	0	0	0	483	544	1	
9	0	0	0	0	480	542	0	
10	0	0	0	0	473	530	0	
11	0	0	0	0	473	522	0	
12	0	0	0	0	476	510	0	
13	0	0	0	0	482	501	0	
14	0	0	0	0	489	497	1	
15	0	0	0	0	493	498	0	
0	0	0	0	0	494	498	0	
1	0	0	0	0	496	508	0	
2	0	0	0	0	496	518	0	
3	0	0	0	0	500	526	0	
4	0	0	0	0	501	529	0	
5	0	0	0	0	499	529	0	
6	0	0	0	0	497	530	0	
7	0	0	0	0	497	529	0	
8	0	0	0	0	503	524	1	
9	0	0	0	0	504	523	0	
10	0	0	0	0	503	524	0	
11	0	0	0	0	499	530	0	
12	0	0	0	0	493	536	0	
13	0	0	0	0	483	543	1	
14	0	0	0	0	472	551	0	
15	0	0	0	0	465	556	1	
0	0	0	0	0	462	548	1	
1	0	0	0	0	452	538	1	
2	0	0	0	0	444	526	1	
3	0	0	0	0	438	518	0	
4	0	0	0	0	436	511	0	
5	0	0	0	0	438	503	0	
6	0	0	0	0	439	497	0	
7	0	0	0	0	438	496	1	
8	0	0	0	0	436	500	0	
9	0	0	0	0	434	507	0	
10	0	0	0	0	433	512	0	
11	0	0	0	0	431	508	0	
12	0	0	0	0	428	506	1	
13	0	0	0	0	423	506	0	
14	0	0	0	0	418	501	0	
15	0	0	0	0	415	495	0	
0	0	0	0	0	414	495	0	
1	0	0	0	0	417	495	1	
2	0	0	0	0	420	499	0	
3	0	0	0	0	422	505	0	
4	0	0	0	0	428	504	0	
5	0	0	0	0	435	497	0	
6	0	0	0	0	446	495	1	
7	0	0	0	0	453	492	0	
8	0	0	0	0	457	487	0	
9	0	0	0	0	461	487	0	
10	0	0	0	0	466	491	0	
11	0	0	0	0	476	487	0	
12	0	0	0	0	481	483	0	
13	0	0	0	0	487	478	0	
14	0	0	0	0	494	477	0	
15	0	0	0	0	501	477	0	
0	0	0	0	0	509	479	0	
1	0	0	0	0	516	481	0	
2	0	0	0	0	526	480	0	
3	0	0	0	0	536	476	0	
4	0	0	0	0	543	477	0	
5	0	0	0	0	545	479	0	
6	0	0	0	0	543	476	0	
7	0	0	0	0	538	476	0	
8	0	0	0	0	529	480	0	
9	0	0	0	0	525	486	0	
10	0	0	0	0	526	491	0	
11	0	0	0	0	530	495	0	
12	0	0	0	0	530	489	0	
13	0	0	0	0	530	485	0	
14	0	0	0	0	527	482	0	
15	0	0	0	0	528	488	0	
0	0	0	0	0	530	494	0	
1	0	0	0	0	536	497	0	
2	0	0	0	0	541	497	1	
3	0	0	0	0	543	500	0	
4	0	0	0	0	542	500	0	
5	0	0	0	0	534	500	0	
6	0	0	0	0	527	499	0	
7	0	0	0	0	520	498	0	
8	0	0	0	0	515	496	0	
9	0	0	0	0	513	499	0	
10	0	0	0	0	511	508	0	
11	0	0	0	0	511	511	0	
12	0	0	0	0	513	510	0	
13	0	0	0	0	512	506	0	
14	0	0	0	0	511	492	0	
15	0	0	0	0	511	486	0	
0	0	0	0	0	512	489	0	
1	0	0	0	0	515	488	0	
2	0	0	0	0	515	485	0	
3	0	0	0	0	511	486	0	
4	0	0	0	0	507	485	0	
5	0	0	0	0	508	482	0	
6	0	0	0	0	514	479	0	
7	0	0	0	0	519	476	0	
8	0	0	0	0	525	477	1	
9	0	0	0	0	529	484	0	
10	0	0	0	0	531	492	0	
11	0	0	0	0	528	499	0	
12	0	0	0	0	523	505	0	
13	0	0	0	0	516	508	0	
14	0	0	0	0	515	507	0	
15	0	0	0	0	513	503	0	
0	0	0	0	0	513	500	0	
1	0	0	0	0	514	500	0	
2	0	0	0	0	517	507	0	
3	0	0	0	0	518	511	0	
4	0	0	0	0	524	514	0	
5	0	0	0	0	527	516	0	
6	0	0	0	0	529	515	0	
7	0	0	0	0	536	513	1	
8	0	0	0	0	540	515	0	
9	0	0	0	0	544	515	0	
10	0	0	0	0	545	516	0	
11	0	0	0	0	545	515	0	
12	0	0	0	0	547	517	0	
13	0	0	0	0	543	521	0	
14	0	0	0	0	538	523	0	
15	0	0	0	0	530	524	0	
0	0	0	0	0	520	526	0	
1	0	0	0	0	515	524	0	
2	0	0	0	0	514	521	0	
3	0	0	0	0	515	522	1	
4	0	0	0	0	522	528	0	
5	0	0	0	0	529	536	0	
6	0	0	0	0	536	539	1	
7	0	0	0	0	537	540	0	
8	0	0	0	0	533	536	0	
9	0	0	0	0	527	530	0	
10	0	0	0	0	525	528	0	
11	0	0	0	0	526	526	1	
12	0	0	0	0	527	527	0	
13	0	0	0	0	530	534	0	
14	0	0	0	0	535	538	1	
15	0	0	0	0	541	540	0	
0	0	0	0	0	544	535	1	
1	0	0	0	0	546	526	0	
2	0	0	0	0	550	519	0	
3	0	0	0	0	549	518	0	
4	0	0	0	0	549	522	0	
5	0	0	0	0	547	532	1	
6	0	0	0	0	546	538	0	
7	0	0	0	0	550	536	0	
8	0	0	0	0	556	530	0	
9	0	0	0	0	564	529	0	
10	0	0	0	0	571	530	1	
11	0	0	0	0	572	527	0	
12	0	0	0	0	573	524	0	
13	0	0	0	0	572	522	0	
14	0	0	0	0	572	525	0	
15	0	0	0	0	570	525	0	
0	0	0	0	0	567	528	0	
1	0	0	0	0	564	529	0	
2	0	0	0	0	564	534	0	
3	0	0	0	0	565	539	0	
4	0	0	0	0	568	539	1	
5	0	0	0	0	569	536	0	
6	0	0	0	0	571	532	0	
7	0	0	0	0	575	534	0	
8	0	0	0	0	579	539	0	
9	0	0	0	0	581	540	1	
10	0	0	0	0	578	542	0	
11	0	0	0	0	572	543	1	
12	0	0	0	0	565	543	0	
13	0	0	0	0	563	546	1	
14	0	0	0	0	563	544	1	
15	0	0	0	0	569	538	0	
0	0	0	0	0	572	532	0	
1	0	0	0	0	572	529	0	
2	0	0	0	0	568	524	0	
3	0	0	0	0	563	524	0	
4	0	0	0	0	561	524	0	
5	0	0	0	0	562	521	0	
6	0	0	0	0	561	521	0	
7	0	0	0	0	556	515	0	
8	0	0	0	0	553	518	0	
9	0	0	0	0	551	517	0	
10	0	0	0	0	543	512	0	
11	0	0	0	0	543	513	0	
12	0	0	0	0	544	516	0	
13	0	0	0	0	551	519	0	
14	0	0	0	0	552	524	0	
15	0	0	0	0	546	532	0	
0	0	0	0	0	540	536	0	
1	0	0	0	0	538	536	0	
2	0	0	0	0	539	536	0	
3	0	0	0	0	540	537	0	
4	0	0	0	0	538	541	0	
5	0	0	0	0	540	549	1	
6	0	0	0	0	545	552	1	
7	0	0	0	0	553	548	0	
8	0	0	0	0	558	546	0	
9	0	0	0	0	560	547	1	
10	0	0	0	0	564	552	1	
11	0	0	0	0	568	552	1	
12	0	0	0	0	570	548	0	
13	0	0	0	0	565	548	1	
14	0	0	0	0	558	548	1	
15	0	0	0	0	551	548	1	
0	0	0	0	0	547	548	1	
1	0	0	0	0	543	549	0	
2	0	0	0	0	540	549	0	
3	0	0	0	0	540	545	0	
4	0	0	0	0	539	545	1	
5	0	0	0	0	536	550	1	
6	0	0	0	0	537	551	1	
7	0	0	0	0	539	550	0	
8	0	0	0	0	543	543	1	
9	0	0	0	0	549	540	0	
10	0	0	0	0	556	534	0	
11	0	0	0	0	563	528	0	
12	0	0	0	0	569	524	0	
13	0	0	0	0	570	519	0	
14	0	0	0	0	569	516	0	
15	0	0	0	0	568	515	0	
0	0	0	0	0	569	512	0	
1	0	0	0	0	570	513	0	
2	0	0	0	0	570	519	0	
3	0	0	0	0	567	524	0	
4	0	0	0	0	554	531	0	
5	0	0	0	0	544	531	0	
6	0	0	0	0	539	529	0	
7	0	0	0	0	532	527	0	
8	0	0	0	0	525	527	0	
9	0	0	0	0	519	526	0	
10	0	0	0	0	511	518	0	
11	0	0	0	0	505	512	0	
12	0	0	0	0	501	518	0	
13	0	0	0	0	502	529	0	
14	0	0	0	0	506	532	0	
15	0	0	0	0	509	531	0	
0	0	0	0	0	511	531	0	
1	0	0	0	0	514	529	0	
2	0	0	0	0	519	528	0	
3	0	0	0	0	524	528	0	
4	0	0	0	0	535	534	0	
5	0	0	0	0	543	543	1	
6	0	0	0	0	552	549	0	
7	0	0	0	0	563	548	0	
8	0	0	0	0	572	545	1	
9	0	0	0	0	579	537	1	
10	0	0	0	0	584	527	0	
11	0	0	0	0	586	513	0	
12	0	0	0	0	583	506	0	
13	0	0	0	0	579	503	1	
14	0	0	0	0	570	503	0	
15	0	0	0	0	566	507	0	
0	0	0	0	0	564	510	0	
1	0	0	0	0	560	515	0	
2	0	0	0	0	557	520	0	
3	0	0	0	0	555	521	1	
4	0	0	0	0	555	520	0	
5	0	0	0	0	556	523	0	
6	0	0	0	0	558	526	0	
7	0	0	0	0	560	526	0	
8	0	0	0	0	562	526	1	
9	0	0	0	0	563	525	0	
10	0	0	0	0	564	522	0	
11	0	0	0	0	568	513	0	
12	0	0	0	0	572	499	0	
13	0	0	0	0	575	486	1	
14	0	0	0	0	573	480	0	
15	0	0	0	0	568	481	0	
0	0	0	0	0	566	488	0	
1	0	0	0	0	563	496	0	
2	0	0	0	0	559	500	1	
3	0	0	0	0	554	504	0	
4	0	0	0	0	551	502	0	
5	0	0	0	0	551	505	0	
6	0	0	0	0	545	511	0	
7	0	0	0	0	538	521	0	
8	0	0	0	0	535	529	0	
9	0	0	0	0	540	531	0	
10	0	0	0	0	548	537	0	
11	0	0	0	0	547	540	0	
12	0	0	0	0	545	540	1	
13	0	0	0	0	543	540	0	
14	0	0	0	0	542	529	0	
15	0	0	0	0	538	519	0	
0	0	0	0	0	535	509	0	
1	0	0	0	0	531	501	1	
2	0	0	0	0	532	495	0	
3	0	0	0	0	535	497	0	
4	0	0	0	0	537	500	0	
5	0	0	0	0	542	493	1	
6	0	0	0	0	550	477	1	
7	0	0	0	0	554	466	0	
8	0	0	0	0	555	462	0	
9	0	0	0	0	553	460	0	
10	0	0	0	0	550	461	0	
11	0	0	0	0	552	463	0	
12	0	0	0	0	547	463	0	
13	0	0	0	0	544	466	0	
14	0	0	0	0	540	464	0	
15	0	0	0	0	536	467	0	
0	0	0	0	0	540	470	0	
1	0	0	0	0	540	468	0	
2	0	0	0	0	540	474	0	
3	0	0	0	0	543	485	0	
4	0	0	0	0	549	497	0	
5	0	0	0	0	551	508	0	
6	0	0	0	0	552	506	0	
7	0	0	0	0	550	498	0	
8	0	0	0	0	546	490	0	
9	0	0	0	0	542	484	0	
10	0	0	0	0	537	481	0	
11	0	0	0	0	533	474	0	
12	0	0	0	0	536	470	1	
13	0	0	0	0	540	467	0	
14	0	0	0	0	545	469	0	
15	0	0	0	0	552	474	0	
0	0	0	0	0	558	481	0	
1	0	0	0	0	563	488	0	
2	0	0	0	0	567	487	0	
3	0	0	0	0	564	486	0	
4	0	0	0	0	560	484	0	
5	0	0	0	0	553	484	0	
6	0	0	0	0	547	483	0	
7	0	0	0	0	547	489	0	
8	0	0	0	0	548	500	0	
9	0	0	0	0	555	504	0	
10	0	0	0	0	559	504	0	
11	0	0	0	0	560	501	0	
12	0	0	0	0	563	496	0	
13	0	0	0	0	559	487	0	
14	0	0	0	0	556	481	0	
15	0	0	0	0	554	481	0	
0	0	0	0	0	551	484	0	
1	0	0	0	0	547	492	0	
2	0	0	0	0	541	499	0	
3	0	0	0	0	538	502	0	
4	0	0	0	0	536	498	0	
5	0	0	0	0	531	495	0	
6	0	0	0	0	527	496	0	
7	0	0	0	0	523	498	0	
8	0	0	0	0	519	502	0	
9	0	0	0	0	515	507	0	
10	0	0	0	0	512	515	0	
11	0	0	0	0	512	523	0	
12	0	0	0	0	517	532	0	
13	0	0	0	0	517	542	1	
14	0	0	0	0	515	550	0	
15	0	0	0	0	513	554	1	
0	0	0	0	0	515	559	1	
1	0	0	0	0	515	562	1	
2	0	0	0	0	516	554	0	
3	0	0	0	0	518	543	0	
4	0	0	0	0	516	531	0	
5	0	0	0	0	522	527	0	
6	0	0	0	0	527	524	0	
7	0	0	0	0	531	527	0	
8	0	0	0	0	528	530	0	
9	0	0	0	0	522	535	0	
10	0	0	0	0	515	542	0	
11	0	0	0	0	511	551	1	
12	0	0	0	0	508	564	1	
13	0	0	0	0	505	571	1	
14	0	0	0	0	504	566	0	
15	0	0	0	0	504	557	1	
0	0	0	0	0	505	548	1	
1	0	0	0	0	504	540	0	
2	0	0	0	0	504	539	0	
3	0	0	0	0	504	539	0	
4	0	0	0	0	505	544	1	
5	0	0	0	0	505	548	1	
6	0	0	0	0	505	549	0	
7	0	0	0	0	505	543	0	
8	0	0	0	0	508	539	0	
9	0	0	0	0	511	536	0	
10	0	0	0	0	518	534	0	
11	0	0	0	0	524	528	1	
12	0	0	0	0	533	520	0	
13	0	0	0	0	538	509	0	
14	0	0	0	0	537	504	0	
15	0	0	0	0	529	499	0	
0	0	0	0	0	519	495	1	
1	0	0	0	0	513	498	0	
2	0	0	0	0	512	504	0	
3	0	0	0	0	515	508	0	
4	0	0	0	0	520	511	0	
5	0	0	0	0	521	514	1	
6	0	0	0	0	523	517	0	
7	0	0	0	0	524	517	0	
8	0	0	0	0	519	515	0	
9	0	0	0	0	515	517	0	
10	0	0	0	0	512	514	1	
11	0	0	0	0	507	504	0	
12	0	0	0	0	499	495	0	
13	0	0	0	0	498	492	0	
14	0	0	0	0	497	493	0	
15	0	0	0	0	499	490	1	
0	0	0	0	0	502	490	0	
1	0	0	0	0	504	490	0	
2	0	0	0	0	508	496	0	
3	0	0	0	0	513	509	0	
4	0	0	0	0	518	524	1	
5	0	0	0	0	519	539	0	
6	0	0	0	0	515	546	1	
7	0	0	0	0	514	548	1	
8	0	0	0	0	518	543	1	
9	0	0	0	0	518	528	1	
10	0	0	0	0	517	514	0	
11	0	0	0	0	511	504	0	
12	0	0	0	0	505	495	0	
13	0	0	0	0	503	489	0	
14	0	0	0	0	504	490	1	
15	0	0	0	0	500	493	0	
0	0	0	0	0	499	491	0	
1	0	0	0	0	500	489	0	
2	0	0	0	0	506	487	0	
3	0	0	0	0	512	488	1	
4	0	0	0	0	509	492	0	
5	0	0	0	0	509	497	0	
6	0	0	0	0	508	503	0	
7	0	0	0	0	513	507	0	
8	0	0	0	0	517	512	1	
9	0	0	0	0	517	516	0	
10	0	0	0	0	516	519	0	
11	0	0	0	0	511	519	0	
12	0	0	0	0	507	516	0	
13	0	0	0	0	497	509	1	
14	0	0	0	0	490	501	0	
15	0	0	0	0	488	497	0	
0	0	0	0	0	496	494	0	
1	0	0	0	0	505	492	0	
2	0	0	0	0	511	491	0	
3	0	0	0	0	519	491	0	
4	0	0	0	0	526	495	0	
5	0	0	0	0	533	496	0	
6	0	0	0	0	539	496	0	
7	0	0	0	0	542	494	1	
8	0	0	0	0	545	495	0	
9	0	0	0	0	550	499	0	
10	0	0	0	0	556	498	0	
11	0	0	0	0	561	497	0	
12	0	0	0	0	561	497	0	
13	0	0	0	0	556	494	0	
14	0	0	0	0	552	491	0	
15	0	0	0	0	542	489	0	
0	0	0	0	0	531	496	0	
1	0	0	0	0	527	502	0	
2	0	0	0	0	519	499	0	
3	0	0	0	0	512	490	0	
4	0	0	0	0	514	483	0	
5	0	0	0	0	516	482	0	
6	0	0	0	0	518	483	0	
7	0	0	0	0	518	480	0	
8	0	0	0	0	516	477	0	
9	0	0	0	0	513	478	0	
10	0	0	0	0	511	484	0	
11	0	0	0	0	509	494	0	
12	0	0	0	0	504	497	0	
13	0	0	0	0	499	500	0	
14	0	0	0	0	495	506	0	
15	0	0	0	0	492	510	0	
0	0	0	0	0	492	516	0	
1	0	0	0	0	492	518	0	
2	0	0	0	0	494	510	0	
3	0	0	0	0	499	497	0	
4	0	0	0	0	503	489	0	
5	0	0	0	0	502	487	1	
6	0	0	0	0	498	481	0	
7	0	0	0	0	498	475	0	
8	0	0	0	0	499	470	0	
9	0	0	0	0	502	471	0	
10	0	0	0	0	502	478	0	
11	0	0	0	0	502	483	0	
12	0	0	0	0	497	487	0	
13	0	0	0	0	491	487	0	
14	0	0	0	0	483	488	0	
15	0	0	0	0	476	489	0	
0	0	0	0	0	470	495	0	
1	0	0	0	0	466	502	0	
2	0	0	0	0	465	513	0	
3	0	0	0	0	465	519	0	
4	0	0	0	0	471	520	1	
5	0	0	0	0	479	521	0	
6	0	0	0	0	484	519	0	
7	0	0	0	0	488	518	0	
8	0	0	0	0	496	517	0	
9	0	0	0	0	502	511	1	
10	0	0	0	0	507	503	0	
11	0	0	0	0	510	492	0	
12	0	0	0	0	511	484	0	
13	0	0	0	0	507	483	0	
14	0	0	0	0	503	484	1	
15	0	0	0	0	499	489	0	
0	0	0	0	0	501	492	0	
1	0	0	0	0	504	493	0	
2	0	0	0	0	513	495	0	
3	0	0	0	0	523	495	0	
4	0	0	0	0	524	491	0	
5	0	0	0	0	517	487	0	
6	0	0	0	0	508	487	0	
7	0	0	0	0	504	489	0	
8	0	0	0	0	500	493	1	
9	0	0	0	0	495	497	0	
10	0	0	0	0	489	501	0	
11	0	0	0	0	484	504	0	
12	0	0	0	0	484	506	0	
13	0	0	0	0	483	505	1	
14	0	0	0	0	483	504	0	
15	0	0	0	0	484	504	0	
0	0	0	0	0	487	505	0	
1	0	0	0	0	491	508	0	
2	0	0	0	0	494	513	1	
3	0	0	0	0	496	524	0	
4	0	0	0	0	499	536	0	
5	0	0	0	0	505	541	1	
6	0	0	0	0	508	535	0	
7	0	0	0	0	508	529	1	
8	0	0	0	0	507	529	0	
9	0	0	0	0	505	529	0	
10	0	0	0	0	502	537	0	
11	0	0	0	0	499	540	0	
12	0	0	0	0	497	535	0	
13	0	0	0	0	492	530	0	
14	0	0	0	0	486	523	0	
15	0	0	0	0	488	519	0	
0	0	0	0	0	494	524	0	
1	0	0	0	0	498	529	1	
2	0	0	0	0	497	532	0	
3	0	0	0	0	497	531	1	
4	0	0	0	0	497	531	0	
5	0	0	0	0	499	527	0	
6	0	0	0	0	504	520	1	
7	0	0	0	0	510	517	0	
8	0	0	0	0	511	516	0	
9	0	0	0	0	511	516	0	
10	0	0	0	0	511	513	0	
11	0	0	0	0	511	510	0	
12	0	0	0	0	512	516	0	
13	0	0	0	0	512	525	0	
14	0	0	0	0	511	533	0	
15	0	0	0	0	512	534	0	
0	0	0	0	0	510	531	1	
1	0	0	0	0	505	527	0	
2	0	0	0	0	501	524	0	
3	0	0	0	0	505	521	0	
4	0	0	0	0	511	517	0	
5	0	0	0	0	519	512	0	
6	0	0	0	0	530	504	0	
7	0	0	0	0	539	496	0	
8	0	0	0	0	555	497	0	
9	0	0	0	0	568	502	0	
10	0	0	0	0	574	514	1	
11	0	0	0	0	566	525	0	
12	0	0	0	0	550	531	0	
13	0	0	0	0	536	538	0	
14	0	0	0	0	520	543	0	
15	0	0	0	0	508	547	0	
0	0	0	0	0	502	552	1	
1	0	0	0	0	496	552	1	
2	0	0	0	0	495	557	1	
3	0	0	0	0	498	562	1	
4	0	0	0	0	504	561	0	
5	0	0	0	0	511	548	1	
6	0	0	0	0	515	536	0	
7	0	0	0	0	522	538	0	
8	0	0	0	0	531	543	1	
9	0	0	0	0	535	547	0	
10	0	0	0	0	537	537	0	
11	0	0	0	0	538	526	0	
12	0	0	0	0	543	518	0	
13	0	0	0	0	542	512	0	
14	0	0	0	0	541	509	0	
15	0	0	0	0	543	509	0	
0	0	0	0	0	541	508	0	
1	0	0	0	0	529	502	0	
2	0	0	0	0	519	498	0	
3	0	0	0	0	514	496	0	
4	0	0	0	0	510	496	0	
5	0	0	0	0	506	501	0	
6	0	0	0	0	501	508	0	
7	0	0	0	0	498	511	0	
8	0	0	0	0	502	520	0	
9	0	0	0	0	506	526	0	
10	0	0	0	0	509	532	0	
11	0	0	0	0	508	541	0	
12	0	0	0	0	506	540	0	
13	0	0	0	0	504	536	1	
14	0	0	0	0	501	530	0	
15	0	0	0	0	499	527	0	
0	0	0	0	0	499	524	0	
1	0	0	0	0	502	519	0	
2	0	0	0	0	504	518	1	
3	0	0	0	0	505	519	0	
4	0	0	0	0	504	527	0	
5	0	0	0	0	501	537	0	
6	0	0	0	0	498	545	1	
7	0	0	0	0	498	544	1	
8	0	0	0	0	497	534	0	
9	0	0	0	0	492	523	0	
10	0	0	0	0	487	520	0	
11	0	0	0	0	486	526	0	
12	0	0	0	0	482	527	0	
13	0	0	0	0	480	529	0	
14	0	0	0	0	483	535	0	
15	0	0	0	0	488	541	0	
0	0	0	0	0	492	545	1	
1	0	0	0	0	494	548	1	
2	0	0	0	0	497	550	0	
3	0	0	0	0	502	551	1	
4	0	0	0	0	502	552	1	
5	0	0	0	0	498	556	1	
6	0	0	0	0	488	553	1	
7	0	0	0	0	476	547	0	
8	0	0	0	0	468	541	0	
9	0	0	0	0	460	536	1	
10	0	0	0	0	459	533	0	
11	0	0	0	0	457	529	1	
12	0	0	0	0	454	529	0	
13	0	0	0	0	450	524	0	
14	0	0	0	0	452	516	0	
15	0	0	0	0	453	504	0	
0	0	0	0	0	459	492	1	
1	0	0	0	0	463	487	0	
2	0	0	0	0	466	485	0	
3	0	0	0	0	471	486	0	
4	0	0	0	0	475	492	0	
5	0	0	0	0	480	499	1	
6	0	0	0	0	484	504	0	
7	0	0	0	0	487	508	0	
8	0	0	0	0	491	511	0	
9	0	0	0	0	499	515	0	
10	0	0	0	0	508	515	1	
11	0	0	0	0	512	515	0	
12	0	0	0	0	514	521	0	
13	0	0	0	0	509	526	0	
14	0	0	0	0	504	532	0	
15	0	0	0	0	500	535	1	
0	0	0	0	0	496	539	0	
1	0	0	0	0	493	543	0	
2	0	0	0	0	492	556	1	
3	0	0	0	0	492	564	1	
4	0	0	0	0	498	562	1	
5	0	0	0	0	503	549	0	
6	0	0	0	0	507	536	0	
7	0	0	0	0	510	527	0	
8	0	0	0	0	513	523	0	
9	0	0	0	0	515	517	0	
10	0	0	0	0	517	512	0	
11	0	0	0	0	519	509	0	
12	0	0	0	0	520	504	0	
13	0	0	0	0	519	499	0	
14	0	0	0	0	514	496	1	
15	0	0	0	0	505	495	0	
0	0	0	0	0	497	495	0	
1	0	0	0	0	495	497	0	
2	0	0	0	0	490	499	0	
3	0	0	0	0	483	498	1	
4	0	0	0	0	477	500	0	
5	0	0	0	0	479	499	0	
6	0	0	0	0	481	498	0	
7	0	0	0	0	487	496	0	
8	0	0	0	0	488	493	1	
9	0	0	0	0	486	493	0	
10	0	0	0	0	484	499	0	
11	0	0	0	0	484	508	0	
12	0	0	0	0	488	511	0	
13	0	0	0	0	493	514	1	
14	0	0	0	0	494	519	0	
15	0	0	0	0	492	521	0	
0	0	0	0	0	494	521	0	
1	0	0	0	0	492	508	0	
2	0	0	0	0	488	499	1	
3	0	0	0	0	481	497	0	
4	0	0	0	0	475	497	0	
5	0	0	0	0	472	501	0	
6	0	0	0	0	472	505	0	
7	0	0	0	0	468	511	1	
8	0	0	0	0	466	511	0	
9	0	0	0	0	472	507	0	
10	0	0	0	0	477	497	0	
11	0	0	0	0	483	488	0	
12	0	0	0	0	489	484	0	
13	0	0	0	0	494	478	0	
14	0	0	0	0	497	475	0	
15	0	0	0	0	499	473	0	
0	0	0	0	0	503	470	0	
1	0	0	0	0	507	466	0	
2	0	0	0	0	511	457	0	
3	0	0	0	0	516	457	0	
4	0	0	0	0	513	461	0	
5	0	0	0	0	509	472	0	
6	0	0	0	0	503	483	0	
7	0	0	0	0	494	489	0	
8	0	0	0	0	487	487	0	
9	0	0	0	0	483	481	0	
10	0	0	0	0	481	476	0	
11	0	0	0	0	475	476	0	
12	0	0	0	0	466	478	0	
13	0	0	0	0	461	480	0	
14	0	0	0	0	457	484	0	
15	0	0	0	0	452	490	0	
0	0	0	0	0	450	496	0	
1	0	0	0	0	455	495	0	
2	0	0	0	0	460	492	0	
3	0	0	0	0	465	493	0	
4	0	0	0	0	469	493	0	
5	0	0	0	0	475	492	0	
6	0	0	0	0	475	489	0	
7	0	0	0	0	472	486	0	
8	0	0	0	0	470	484	0	
9	0	0	0	0	470	489	0	
10	0	0	0	0	473	496	0	
11	0	0	0	0	481	505	0	
12	0	0	0	0	495	512	0	
13	0	0	0	0	504	512	0	
14	0	0	0	0	509	509	0	
15	0	0	0	0	510	509	0	
0	0	0	0	0	504	515	0	
1	0	0	0	0	502	515	0	
2	0	0	0	0	500	512	0	
3	0	0	0	0	498	504	0	
4	0	0	0	0	495	493	0	
5	0	0	0	0	490	488	0	
6	0	0	0	0	488	486	0	
7	0	0	0	0	486	483	0	
8	0	0	0	0	481	481	0	
9	0	0	0	0	476	480	1	
10	0	0	0	0	469	480	0	
11	0	0	0	0	460	484	0	
12	0	0	0	0	457	487	0	
13	0	0	0	0	458	489	0	
14	0	0	0	0	464	487	0	
15	0	0	0	0	472	488	0	
0	0	0	0	0	480	488	0	
1	0	0	0	0	484	494	0	
2	0	0	0	0	490	507	0	
3	0	0	0	0	495	518	1	
4	0	0	0	0	499	523	0	
5	0	0	0	0	504	523	0	
6	0	0	0	0	506	524	0	
7	0	0	0	0	511	524	0	
8	0	0	0	0	516	525	1	
9	0	0	0	0	518	523	0	
10	0	0	0	0	520	520	0	
11	0	0	0	0	517	516	0	
12	0	0	0	0	511	515	0	
13	0	0	0	0	507	516	1	
14	0	0	0	0	497	516	0	
15	0	0	0	0	489	512	0	
0	0	0	0	0	476	510	0	
1	0	0	0	0	459	514	0	
2	0	0	0	0	443	520	1	
3	0	0	0	0	433	527	0	
4	0	0	0	0	433	533	0	
5	0	0	0	0	440	527	0	
6	0	0	0	0	451	515	0	
7	0	0	0	0	462	498	1	
8	0	0	0	0	470	489	0	
9	0	0	0	0	478	481	0	
10	0	0	0	0	488	476	0	
11	0	0	0	0	493	468	0	
12	0	0	0	0	495	465	0	
13	0	0	0	0	494	461	0	
14	0	0	0	0	489	459	0	
15	0	0	0	0	482	459	0	
0	0	0	0	0	477	456	0	
1	0	0	0	0	475	458	0	
2	0	0	0	0	475	463	0	
3	0	0	0	0	472	466	0	
4	0	0	0	0	473	474	0	
5	0	0	0	0	476	484	1	
6	0	0	0	0	478	497	0	
7	0	0	0	0	480	508	0	
8	0	0	0	0	477	504	0	
9	0	0	0	0	471	495	0	
10	0	0	0	0	464	488	0	
11	0	0	0	0	463	483	0	
12	0	0	0	0	459	476	0	
13	0	0	0	0	461	470	0	
14	0	0	0	0	464	459	0	
15	0	0	0	0	467	453	0	
0	0	0	0	0	467	452	0	
1	0	0	0	0	461	451	0	
2	0	0	0	0	456	457	0	
3	0	0	0	0	452	462	0	
4	0	0	0	0	446	467	0	
5	0	0	0	0	447	463	0	
6	0	0	0	0	449	454	0	
7	0	0	0	0	452	450	0	
8	0	0	0	0	460	457	0	
9	0	0	0	0	470	460	0	
10	0	0	0	0	483	463	0	
11	0	0	0	0	494	465	0	
12	0	0	0	0	500	468	0	
13	0	0	0	0	502	474	0	
14	0	0	0	0	507	479	0	
15	0	0	0	0	511	486	0	
0	0	0	0	0	510	486	0	
1	0	0	0	0	508	484	0	
2	0	0	0	0	499	479	0	
3	0	0	0	0	491	473	0	
4	0	0	0	0	485	468	0	
5	0	0	0	0	479	462	0	
6	0	0	0	0	480	462	0	
7	0	0	0	0	483	463	0	
8	0	0	0	0	487	468	0	
9	0	0	0	0	491	473	0	
10	0	0	0	0	490	478	0	
11	0	0	0	0	488	483	0	
12	0	0	0	0	483	492	0	
13	0	0	0	0	481	508	0	
14	0	0	0	0	481	519	1	
15	0	0	0	0	482	529	0	
0	0	0	0	0	486	536	0	
1	0	0	0	0	486	540	1	
2	0	0	0	0	489	543	1	
3	0	0	0	0	489	547	1	
4	0	0	0	0	487	548	0	
5	0	0	0	0	482	550	1	
6	0	0	0	0	478	546	0	
7	0	0	0	0	475	543	1	
8	0	0	0	0	478	545	1	
9	0	0	0	0	483	544	0	
10	0	0	0	0	492	548	1	
11	0	0	0	0	502	556	1	
12	0	0	0	0	509	567	1	
13	0	0	0	0	510	572	1	
14	0	0	0	0	507	562	1	
15	0	0	0	0	503	554	1	
0	0	0	0	0	502	549	1	
1	0	0	0	0	502	544	0	
2	0	0	0	0	504	540	1	
3	0	0	0	0	508	539	0	
4	0	0	0	0	508	541	0	
5	0	0	0	0	511	547	0	
6	0	0	0	0	510	555	0	
7	0	0	0	0	505	558	0	
8	0	0	0	0	501	549	0	
9	0	0	0	0	496	536	1	
10	0	0	0	0	491	525	0	
11	0	0	0	0	489	520	0	
12	0	0	0	0	491	517	0	
13	0	0	0	0	494	509	0	
14	0	0	0	0	494	507	0	
15	0	0	0	0	490	501	0	
0	0	0	0	0	486	498	0	
1	0	0	0	0	488	494	0	
2	0	0	0	0	494	497	0	
3	0	0	0	0	499	495	0	
4	0	0	0	0	504	493	0	
5	0	0	0	0	510	496	0	
6	0	0	0	0	515	497	1	
7	0	0	0	0	521	500	0	
8	0	0	0	0	526	501	0	
9	0	0	0	0	529	501	0	
10	0	0	0	0	527	499	0	
11	0	0	0	0	525	501	1	
12	0	0	0	0	526	499	0	
13	0	0	0	0	527	494	0	
14	0	0	0	0	531	492	0	
15	0	0	0	0	536	490	0	
0	0	0	0	0	537	489	0	
1	0	0	0	0	531	488	0	
2	0	0	0	0	522	488	0	
3	0	0	0	0	517	484	0	
4	0	0	0	0	515	490	0	
5	0	0	0	0	513	492	0	
6	0	0	0	0	508	486	0	
7	0	0	0	0	503	483	0	
8	0	0	0	0	498	480	0	
9	0	0	0	0	496	483	0	
10	0	0	0	0	498	484	0	
11	0	0	0	0	505	483	0	
12	0	0	0	0	514	482	0	
13	0	0	0	0	517	486	0	
14	0	0	0	0	517	488	0	
15	0	0	0	0	513	491	0	
0	0	0	0	0	511	489	0	
1	0	0	0	0	507	488	0	
2	0	0	0	0	506	492	0	
3	0	0	0	0	501	499	0	
4	0	0	0	0	502	499	0	
5	0	0	0	0	504	489	0	
6	0	0	0	0	502	480	0	
7	0	0	0	0	500	481	0	
8	0	0	0	0	502	487	0	
9	0	0	0	0	505	495	0	
10	0	0	0	0	508	499	0	
11	0	0	0	0	507	496	0	
12	0	0	0	0	511	498	0	
13	0	0	0	0	517	503	0	
14	0	0	0	0	525	510	0	
15	0	0	0	0	520	513	0	
0	0	0	0	0	513	512	0	
1	0	0	0	0	510	507	0	
2	0	0	0	0	507	500	0	
3	0	0	0	0	511	495	0	
4	0	0	0	0	514	489	0	
5	0	0	0	0	517	486	0	
6	0	0	0	0	518	481	0	
7	0	0	0	0	520	478	0	
8	0	0	0	0	525	473	0	
9	0	0	0	0	526	469	0	
10	0	0	0	0	527	471	0	
11	0	0	0	0	535	476	0	
12	0	0	0	0	547	484	0	
13	0	0	0	0	558	487	0	
14	0	0	0	0	559	480	0	
15	0	0	0	0	559	473	0	
0	0	0	0	0	555	464	0	
1	0	0	0	0	550	455	0	
2	0	0	0	0	548	448	0	
3	0	0	0	0	543	441	0	
4	0	0	0	0	537	435	0	
5	0	0	0	0	538	430	0	
6	0	0	0	0	539	426	0	
7	0	0	0	0	536	427	0	
8	0	0	0	0	533	428	0	
9	0	0	0	0	531	434	0	
10	0	0	0	0	527	436	0	
11	0	0	0	0	521	444	0	
12	0	0	0	0	515	454	0	
13	0	0	0	0	510	459	0	
14	0	0	0	0	508	463	0	
15	0	0	0	0	508	464	0	
0	0	0	0	0	507	467	0	
1	0	0	0	0	510	472	0	
2	0	0	0	0	511	480	0	
3	0	0	0	0	507	486	0	
4	0	0	0	0	501	490	0	
5	0	0	0	0	498	498	0	
6	0	0	0	0	501	501	0	
7	0	0	0	0	505	504	0	
8	0	0	0	0	505	496	0	
9	0	0	0	0	505	490	0	
10	0	0	0	0	507	489	0	
11	0	0	0	0	511	485	0	
12	0	0	0	0	513	480	0	
13	0	0	0	0	514	477	0	
14	0	0	0	0	513	479	0	
15	0	0	0	0	511	483	0	
0	0	0	0	0	507	483	0	
1	0	0	0	0	499	482	0	
2	0	0	0	0	495	487	0	
3	0	0	0	0	495	495	0	
4	0	0	0	0	494	497	0	
5	0	0	0	0	495	499	0	
6	0	0	0	0	498	503	0	
7	0	0	0	0	499	503	0	
8	0	0	0	0	501	514	0	
9	0	0	0	0	505	517	0	
10	0	0	0	0	510	511	0	
11	0	0	0	0	514	503	0	
12	0	0	0	0	518	499	0	
13	0	0	0	0	517	496	0	
14	0	0	0	0	521	495	0	
15	0	0	0	0	524	492	0	
0	0	0	0	0	525	492	0	
1	0	0	0	0	531	490	0	
2	0	0	0	0	541	488	0	
3	0	0	0	0	545	491	0	
4	0	0	0	0	544	493	0	
5	0	0	0	0	543	496	0	
6	0	0	0	0	537	495	0	
7	0	0	0	0	531	488	0	
8	0	0	0	0	527	482	0	
9	0	0	0	0	521	474	0	
10	0	0	0	0	516	466	0	
11	0	0	0	0	512	459	0	
12	0	0	0	0	510	456	0	
13	0	0	0	0	508	461	0	
14	0	0	0	0	510	478	0	
15	0	0	0	0	508	492	0	
0	0	0	0	0	505	504	0	
1	0	0	0	0	505	516	0	
2	0	0	0	0	505	527	0	
3	0	0	0	0	509	537	1	
4	0	0	0	0	514	547	0	
5	0	0	0	0	517	553	1	
6	0	0	0	0	517	556	1	
7	0	0	0	0	516	561	1	
8	0	0	0	0	519	567	1	
9	0	0	0	0	524	564	1	
10	0	0	0	0	529	550	0	
11	0	0	0	0	536	536	0	
12	0	0	0	0	537	526	0	
13	0	0	0	0	536	515	0	
14	0	0	0	0	537	508	0	
15	0	0	0	0	530	508	0	
0	0	0	0	0	530	513	0	
1	0	0	0	0	533	524	0	
2	0	0	0	0	539	525	1	
3	0	0	0	0	540	528	0	
4	0	0	0	0	537	529	0	
5	0	0	0	0	532	521	0	
6	0	0	0	0	530	514	0	
7	0	0	0	0	534	512	1	
8	0	0	0	0	537	513	0	
9	0	0	0	0	533	513	0	
10	0	0	0	0	523	514	0	
11	0	0	0	0	511	511	0	
12	0	0	0	0	502	507	0	
13	0	0	0	0	492	504	0	
14	0	0	0	0	490	500	0	
15	0	0	0	0	491	497	0	
0	0	0	0	0	493	490	0	
1	0	0	0	0	495	486	0	
2	0	0	0	0	494	486	0	
3	0	0	0	0	492	487	0	
4	0	0	0	0	492	495	0	
5	0	0	0	0	493	508	0	
6	0	0	0	0	498	520	0	
7	0	0	0	0	505	530	0	
8	0	0	0	0	505	531	1	
9	0	0	0	0	507	530	0	
10	0	0	0	0	512	527	0	
11	0	0	0	0	519	526	1	
12	0	0	0	0	522	529	0	
13	0	0	0	0	522	534	0	
14	0	0	0	0	521	536	0	
15	0	0	0	0	512	535	0	
0	0	0	0	0	504	531	0	
1	0	0	0	0	498	524	0	
2	0	0	0	0	501	518	0	
3	0	0	0	0	502	505	0	
4	0	0	0	0	502	500	0	
5	0	0	0	0	505	497	0	
6	0	0	0	0	505	498	0	
7	0	0	0	0	507	504	0	
8	0	0	0	0	509	509	0	
9	0	0	0	0	509	513	0	
10	0	0	0	0	509	513	1	
11	0	0	0	0	504	519	0	
12	0	0	0	0	496	524	0	
13	0	0	0	0	493	529	0	
14	0	0	0	0	487	526	1	
15	0	0	0	0	481	519	0	
0	0	0	0	0	479	512	0	
1	0	0	0	0	478	512	0	
2	0	0	0	0	480	521	0	
3	0	0	0	0	483	523	0	
4	0	0	0	0	485	515	0	
5	0	0	0	0	483	506	0	
6	0	0	0	0	482	501	0	
7	0	0	0	0	479	498	0	
8	0	0	0	0	476	495	0	
9	0	0	0	0	474	491	0	
10	0	0	0	0	471	491	0	
11	0	0	0	0	467	491	0	
12	0	0	0	0	467	493	0	
13	0	0	0	0	471	496	0	
14	0	0	0	0	478	502	0	
15	0	0	0	0	483	507	0	
0	0	0	0	0	488	512	0	
1	0	0	0	0	489	515	0	
2	0	0	0	0	489	513	0	
3	0	0	0	0	486	517	1	
4	0	0	0	0	482	527	0	
5	0	0	0	0	477	536	0	
6	0	0	0	0	472	551	1	
7	0	0	0	0	465	560	1	
8	0	0	0	0	466	565	1	
9	0	0	0	0	465	564	0	
10	0	0	0	0	471	565	1	
11	0	0	0	0	475	563	1	
12	0	0	0	0	478	558	1	
13	0	0	0	0	484	553	1	
14	0	0	0	0	493	551	0	
15	0	0	0	0	496	547	1	
0	0	0	0	0	494	546	1	
1	0	0	0	0	493	537	0	
2	0	0	0	0	495	531	1	
3	0	0	0	0	496	523	0	
4	0	0	0	0	500	513	0	
5	0	0	0	0	502	505	0	
6	0	0	0	0	503	500	0	
7	0	0	0	0	501	503	0	
8	0	0	0	0	494	508	0	
9	0	0	0	0	488	512	0	
10	0	0	0	0	486	515	0	
11	0	0	0	0	487	516	0	
12	0	0	0	0	490	520	0	
13	0	0	0	0	492	516	0	
14	0	0	0	0	490	510	0	
15	0	0	0	0	492	507	0	
0	0	0	0	0	492	506	0	
1	0	0	0	0	493	504	1	
2	0	0	0	0	493	504	0	
3	0	0	0	0	497	502	0	
4	0	0	0	0	505	502	0	
5	0	0	0	0	510	505	0	
6	0	0	0	0	510	513	0	
7	0	0	0	0	511	519	0	
8	0	0	0	0	511	512	0	
9	0	0	0	0	515	501	0	
10	0	0	0	0	517	495	0	
11	0	0	0	0	516	497	0	
12	0	0	0	0	512	495	0	
13	0	0	0	0	511	488	0	
14	0	0	0	0	510	482	0	
15	0	0	0	0	507	481	0	
0	0	0	0	0	504	480	0	
1	0	0	0	0	501	482	0	
2	0	0	0	0	505	484	0	
3	0	0	0	0	514	487	0	
4	0	0	0	0	529	493	0	
5	0	0	0	0	543	497	0	
6	0	0	0	0	552	502	0	
7	0	0	0	0	559	504	0	
8	0	0	0	0	558	505	0	
9	0	0	0	0	553	504	0	
10	0	0	0	0	548	504	0	
11	0	0	0	0	544	505	0	
12	0	0	0	0	536	510	0	
13	0	0	0	0	530	515	0	
14	0	0	0	0	528	515	0	
15	0	0	0	0	527	515	0	
0	0	0	0	0	524	516	0	
1	0	0	0	0	524	520	0	
2	0	0	0	0	523	519	0	
3	0	0	0	0	520	516	0	
4	0	0	0	0	518	511	1	
5	0	0	0	0	519	504	0	
6	0	0	0	0	517	499	0	
7	0	0	0	0	516	497	0	
8	0	0	0	0	517	500	0	
9	0	0	0	0	519	501	0	
10	0	0	0	0	518	500	0	
11	0	0	0	0	515	499	0	
12	0	0	0	0	511	501	0	
13	0	0	0	0	508	501	0	
14	0	0	0	0	508	499	0	
15	0	0	0	0	509	501	0	
0	0	0	0	0	510	505	0	
1	0	0	0	0	512	514	0	
2	0	0	0	0	519	527	0	
3	0	0	0	0	528	537	0	
4	0	0	0	0	544	534	0	
5	0	0	0	0	559	524	0	
6	0	0	0	0	569	515	0	
7	0	0	0	0	566	505	0	
8	0	0	0	0	560	497	0	
9	0	0	0	0	559	492	0	
10	0	0	0	0	560	491	0	
11	0	0	0	0	562	497	0	
12	0	0	0	0	565	507	0	
13	0	0	0	0	568	516	0	
14	0	0	0	0	569	514	0	
15	0	0	0	0	564	504	0	
0	0	0	0	0	554	497	0	
1	0	0	0	0	541	495	0	
2	0	0	0	0	527	492	0	
3	0	0	0	0	512	490	0	
4	0	0	0	0	503	487	0	
5	0	0	0	0	499	486	0	
6	0	0	0	0	501	485	0	
7	0	0	0	0	505	487	0	
8	0	0	0	0	506	493	0	
9	0	0	0	0	502	497	0	
10	0	0	0	0	501	507	0	
11	0	0	0	0	504	512	0	
12	0	0	0	0	504	513	0	
13	0	0	0	0	508	515	0	
14	0	0	0	0	512	516	0	
15	0	0	0	0	520	526	0	
0	0	0	0	0	527	534	1	
1	0	0	0	0	534	538	0	
2	0	0	0	0	544	542	0	
3	0	0	0	0	551	542	0	
4	0	0	0	0	556	542	0	
5	0	0	0	0	555	540	1	
6	0	0	0	0	549	539	1	
7	0	0	0	0	545	538	0	
8	0	0	0	0	539	538	0	
9	0	0	0	0	534	539	0	
10	0	0	0	0	533	535	1	
11	0	0	0	0	531	531	0	
12	0	0	0	0	529	526	0	
13	0	0	0	0	524	524	0	
14	0	0	0	0	526	529	0	
15	0	0	0	0	531	527	0	
0	0	0	0	0	534	528	0	
1	0	0	0	0	535	527	0	
2	0	0	0	0	537	524	0	
3	0	0	0	0	540	521	0	
4	0	0	0	0	543	520	0	
5	0	0	0	0	543	521	0	
6	0	0	0	0	544	522	0	
7	0	0	0	0	545	521	0	
8	0	0	0	0	541	524	0	
9	0	0	0	0	540	531	0	
10	0	0	0	0	542	534	0	
11	0	0	0	0	542	529	0	
12	0	0	0	0	541	520	0	
13	0	0	0	0	542	515	0	
14	0	0	0	0	543	517	0	
15	0	0	0	0	543	524	0	
0	0	0	0	0	545	536	0	
1	0	0	0	0	543	530	0	
2	0	0	0	0	539	524	0	
3	0	0	0	0	534	520	0	
4	0	0	0	0	528	513	0	
5	0	0	0	0	523	508	0	
6	0	0	0	0	521	511	0	
7	0	0	0	0	522	516	0	
8	0	0	0	0	526	525	0	
9	0	0	0	0	528	539	1	
10	0	0	0	0	526	554	0	
11	0	0	0	0	518	568	0	
12	0	0	0	0	511	580	1	
13	0	0	0	0	510	587	1	
14	0	0	0	0	512	579	1	
15	0	0	0	0	514	566	0	
0	0	0	0	0	519	551	0	
1	0	0	0	0	526	541	1	
2	0	0	0	0	535	535	0	
3	0	0	0	0	545	526	1	
4	0	0	0	0	553	514	0	
5	0	0	0	0	557	504	0	
6	0	0	0	0	555	496	0	
7	0	0	0	0	551	491	0	
8	0	0	0	0	547	494	0	
9	0	0	0	0	539	496	0	
10	0	0	0	0	529	499	0	
11	0	0	0	0	521	506	0	
12	0	0	0	0	518	503	0	
13	0	0	0	0	512	499	0	
14	0	0	0	0	508	496	0	
15	0	0	0	0	507	494	0	
0	0	0	0	0	507	494	0	
1	0	0	0	0	512	493	0	
2	0	0	0	0	518	489	0	
3	0	0	0	0	523	484	0	
4	0	0	0	0	527	485	0	
5	0	0	0	0	530	490	0	
6	0	0	0	0	528	498	0	
7	0	0	0	0	525	507	0	
8	0	0	0	0	522	511	0	
9	0	0	0	0	520	511	0	
10	0	0	0	0	519	506	0	
11	0	0	0	0	513	500	0	
12	0	0	0	0	514	495	0	
13	0	0	0	0	514	494	0	
14	0	0	0	0	515	500	0	
15	0	0	0	0	512	509	0	
0	0	0	0	0	511	519	0	
1	0	0	0	0	510	529	0	
2	0	0	0	0	513	539	0	
3	0	0	0	0	511	543	0	
4	0	0	0	0	513	545	0	
5	0	0	0	0	510	545	1	
6	0	0	0	0	504	542	1	
7	0	0	0	0	499	537	0	
8	0	0	0	0	495	531	0	
9	0	0	0	0	491	530	0	
10	0	0	0	0	486	531	0	
11	0	0	0	0	488	536	0	
12	0	0	0	0	491	542	1	
13	0	0	0	0	490	554	1	
14	0	0	0	0	490	563	1	
15	0	0	0	0	491	563	1	
0	0	0	0	0	495	549	1	
1	0	0	0	0	496	535	1	
2	0	0	0	0	498	521	0	
3	0	0	0	0	504	518	0	
4	0	0	0	0	509	514	1	
5	0	0	0	0	515	512	0	
6	0	0	0	0	521	512	0	
7	0	0	0	0	523	517	0	
8	0	0	0	0	526	524	0	
9	0	0	0	0	525	532	0	
10	0	0	0	0	527	539	0	
11	0	0	0	0	532	547	1	
12	0	0	0	0	535	550	1	
13	0	0	0	0	540	553	1	
14	0	0	0	0	541	553	1	
15	0	0	0	0	540	554	1	
0	0	0	0	0	537	551	0	
1	0	0	0	0	532	548	0	
2	0	0	0	0	529	542	0	
3	0	0	0	0	534	534	1	
4	0	0	0	0	546	532	0	
5	0	0	0	0	555	530	0	
6	0	0	0	0	557	530	0	
7	0	0	0	0	553	531	0	
8	0	0	0	0	544	533	0	
9	0	0	0	0	538	537	0	
10	0	0	0	0	530	538	0	
11	0	0	0	0	524	533	0	
12	0	0	0	0	519	529	0	
13	0	0	0	0	517	531	1	
14	0	0	0	0	518	529	0	
15	0	0	0	0	523	525	0	
0	0	0	0	0	528	521	0	
1	0	0	0	0	541	519	0	
2	0	0	0	0	551	514	0	
3	0	0	0	0	560	514	0	
4	0	0	0	0	561	512	0	
5	0	0	0	0	558	516	0	
6	0	0	0	0	548	522	0	
7	0	0	0	0	540	532	1	
8	0	0	0	0	536	536	0	
9	0	0	0	0	528	534	0	
10	0	0	0	0	517	526	0	
11	0	0	0	0	512	525	0	
12	0	0	0	0	510	518	0	
13	0	0	0	0	511	514	0	
14	0	0	0	0	510	514	0	
15	0	0	0	0	514	519	0	
0	0	0	0	0	522	527	0	
1	0	0	0	0	524	527	1	
2	0	0	0	0	529	524	0	
3	0	0	0	0	530	518	0	
4	0	0	0	0	535	515	0	
5	0	0	0	0	543	519	0	
6	0	0	0	0	553	519	0	
7	0	0	0	0	561	521	0	
8	0	0	0	0	566	521	0	
9	0	0	0	0	573	519	0	
10	0	0	0	0	579	521	0	
11	0	0	0	0	581	523	0	
12	0	0	0	0	583	523	0	
13	0	0	0	0	580	524	0	
14	0	0	0	0	580	524	0	
15	0	0	0	0	583	521	0	
0	0	0	0	0	584	522	0	
1	0	0	0	0	587	526	1	
2	0	0	0	0	586	534	0	
3	0	0	0	0	584	536	0	
4	0	0	0	0	584	540	0	
5	0	0	0	0	586	541	1	
6	0	0	0	0	596	540	0	
7	0	0	0	0	604	539	0	
8	0	0	0	0	604	533	0	
9	0	0	0	0	602	527	0	
10	0	0	0	0	593	525	0	
11	0	0	0	0	581	531	1	
12	0	0	0	0	568	539	0	
13	0	0	0	0	552	543	0	
14	0	0	0	0	539	544	0	
15	0	0	0	0	527	544	1	
0	0	0	0	0	519	542	0	
1	0	0	0	0	518	541	0	
2	0	0	0	0	519	527	1	
3	0	0	0	0	527	516	0	
4	0	0	0	0	531	511	0	
5	0	0	0	0	529	502	0	
6	0	0	0	0	526	491	0	
7	0	0	0	0	519	489	0	
8	0	0	0	0	518	484	0	
9	0	0	0	0	519	485	0	
10	0	0	0	0	524	490	0	
11	0	0	0	0	531	496	0	
12	0	0	0	0	539	510	0	
13	0	0	0	0	544	524	0	
14	0	0	0	0	546	536	1	
15	0	0	0	0	551	536	1	
0	0	0	0	0	550	530	0	
1	0	0	0	0	551	526	0	
2	0	0	0	0	553	525	0	
3	0	0	0	0	553	524	0	
4	0	0	0	0	558	525	0	
5	0	0	0	0	558	523	0	
6	0	0	0	0	555	522	0	
7	0	0	0	0	555	519	0	
8	0	0	0	0	558	515	0	
9	0	0	0	0	558	512	0	
10	0	0	0	0	554	509	0	
11	0	0	0	0	551	508	0	
12	0	0	0	0	548	505	0	
13	0	0	0	0	545	504	0	
14	0	0	0	0	541	502	0	
15	0	0	0	0	541	498	0	
0	0	0	0	0	541	495	0	
1	0	0	0	0	544	494	0	
2	0	0	0	0	545	492	0	
3	0	0	0	0	551	490	0	
4	0	0	0	0	554	490	0	
5	0	0	0	0	554	494	0	
6	0	0	0	0	558	505	0	
7	0	0	0	0	561	524	0	
8	0	0	0	0	559	533	1	
9	0	0	0	0	556	534	0	
10	0	0	0	0	549	528	0	
11	0	0	0	0	541	522	0	
12	0	0	0	0	537	515	0	
13	0	0	0	0	532	508	0	
14	0	0	0	0	524	509	0	
15	0	0	0	0	516	512	0	
0	0	0	0	0	514	513	0	
1	0	0	0	0	519	514	1	
2	0	0	0	0	528	515	0	
3	0	0	0	0	536	518	0	
4	0	0	0	0	543	522	0	
5	0	0	0	0	551	523	0	
6	0	0	0	0	557	524	0	
7	0	0	0	0	560	524	0	
8	0	0	0	0	559	527	0	
9	0	0	0	0	557	529	0	
10	0	0	0	0	558	531	0	
11	0	0	0	0	555	532	0	
12	0	0	0	0	550	538	0	
13	0	0	0	0	548	543	0	
14	0	0	0	0	548	544	0	
15	0	0	0	0	547	546	0	
0	0	0	0	0	546	547	1	
1	0	0	0	0	544	550	0	
2	0	0	0	0	542	549	0	
3	0	0	0	0	541	543	1	
4	0	0	0	0	543	541	0	
5	0	0	0	0	540	543	1	
6	0	0	0	0	535	549	0	
7	0	0	0	0	528	544	0	
8	0	0	0	0	519	534	0	
9	0	0	0	0	518	526	0	
10	0	0	0	0	522	520	0	
11	0	0	0	0	529	513	0	
12	0	0	0	0	535	502	0	
13	0	0	0	0	539	496	0	
14	0	0	0	0	541	498	0	
15	0	0	0	0	543	507	0	
0	0	0	0	0	541	511	0	
1	0	0	0	0	537	506	0	
2	0	0	0	0	537	502	0	
3	0	0	0	0	536	503	0	
4	0	0	0	0	533	505	0	
5	0	0	0	0	532	511	0	
6	0	0	0	0	532	518	0	
7	0	0	0	0	533	524	0	
8	0	0	0	0	539	526	0	
9	0	0	0	0	546	528	0	
10	0	0	0	0	553	530	0	
11	0	0	0	0	553	532	0	
12	0	0	0	0	549	532	0	
13	0	0	0	0	545	535	0	
14	0	0	0	0	544	530	0	
15	0	0	0	0	542	516	0	
0	0	0	0	0	542	506	0	
1	0	0	0	0	543	497	0	
2	0	0	0	0	544	493	0	
3	0	0	0	0	551	495	0	
4	0	0	0	0	556	499	0	
5	0	0	0	0	560	502	0	
6	0	0	0	0	563	507	0	
7	0	0	0	0	565	512	0	
8	0	0	0	0	560	518	0	
9	0	0	0	0	559	524	0	
10	0	0	0	0	563	529	0	
11	0	0	0	0	567	531	0	
12	0	0	0	0	569	533	0	
13	0	0	0	0	566	537	1	
14	0	0	0	0	568	539	1	
15	0	0	0	0	574	540	0	
0	0	0	0	0	567	542	0	
1	0	0	0	0	561	543	1	
2	0	0	0	0	552	543	1	
3	0	0	0	0	546	538	1	
4	0	0	0	0	540	533	0	
5	0	0	0	0	539	529	0	
6	0	0	0	0	539	529	0	
7	0	0	0	0	535	533	0	
8	0	0	0	0	534	539	1	
9	0	0	0	0	530	543	0	
10	0	0	0	0	525	546	0	
11	0	0	0	0	524	538	0	
12	0	0	0	0	526	525	0	
13	0	0	0	0	531	511	0	
14	0	0	0	0	536	502	0	
15	0	0	0	0	539	497	0	
0	0	0	0	0	537	493	0	
1	0	0	0	0	532	493	0	
2	0	0	0	0	526	488	0	
3	0	0	0	0	520	482	0	
4	0	0	0	0	517	474	0	
5	0	0	0	0	512	470	0	
6	0	0	0	0	506	466	0	
7	0	0	0	0	499	466	0	
8	0	0	0	0	494	467	0	
9	0	0	0	0	499	469	0	
10	0	0	0	0	507	472	0	
11	0	0	0	0	513	476	0	
12	0	0	0	0	515	484	0	
13	0	0	0	0	514	493	0	
14	0	0	0	0	513	499	0	
15	0	0	0	0	513	500	0	
0	0	0	0	0	514	501	0	
1	0	0	0	0	512	507	0	
2	0	0	0	0	509	515	0	
3	0	0	0	0	508	522	0	
4	0	0	0	0	508	527	0	
5	0	0	0	0	513	526	0	
6	0	0	0	0	515	524	0	
7	0	0	0	0	518	529	0	
8	0	0	0	0	519	529	0	
9	0	0	0	0	523	531	0	
10	0	0	0	0	527	531	0	
11	0	0	0	0	535	531	0	
12	0	0	0	0	536	542	0	
13	0	0	0	0	536	552	1	
14	0	0	0	0	537	547	0	
15	0	0	0	0	537	539	0	
0	0	0	0	0	536	529	0	
1	0	0	0	0	533	518	0	
2	0	0	0	0	533	508	0	
3	0	0	0	0	533	497	0	
4	0	0	0	0	536	489	0	
5	0	0	0	0	542	484	0	
6	0	0	0	0	545	477	0	
7	0	0	0	0	547	473	0	
8	0	0	0	0	538	471	0	
9	0	0	0	0	531	474	0	
10	0	0	0	0	523	476	0	
11	0	0	0	0	516	477	0	
12	0	0	0	0	519	480	0	
13	0	0	0	0	521	482	0	
14	0	0	0	0	526	492	0	
15	0	0	0	0	527	503	0	
0	0	0	0	0	527	515	0	
1	0	0	0	0	520	511	0	
2	0	0	0	0	515	513	0	
3	0	0	0	0	507	517	0	
4	0	0	0	0	500	516	0	
5	0	0	0	0	492	515	0	
6	0	0	0	0	485	517	0	
7	0	0	0	0	480	516	0	
8	0	0	0	0	483	518	0	
9	0	0	0	0	484	516	0	
10	0	0	0	0	480	511	0	
11	0	0	0	0	476	512	0	
12	0	0	0	0	473	515	0	
13	0	0	0	0	471	519	0	
14	0	0	0	0	470	523	1	
15	0	0	0	0	475	522	0	
0	0	0	0	0	481	511	1	
1	0	0	0	0	494	500	0	
2	0	0	0	0	504	488	0	
3	0	0	0	0	506	476	0	
4	0	0	0	0	500	467	0	
5	0	0	0	0	498	465	0	
6	0	0	0	0	499	468	0	
7	0	0	0	0	498	478	0	
8	0	0	0	0	497	495	0	
9	0	0	0	0	491	513	0	
10	0	0	0	0	488	526	0	
11	0	0	0	0	484	526	0	
12	0	0	0	0	481	523	0	
13	0	0	0	0	477	518	0	
14	0	0	0	0	478	511	0	
15	0	0	0	0	476	510	0	
0	0	0	0	0	475	513	0	
1	0	0	0	0	470	512	0	
2	0	0	0	0	467	509	0	
3	0	0	0	0	468	507	0	
4	0	0	0	0	468	512	0	
5	0	0	0	0	468	511	0	
6	0	0	0	0	470	509	0	
7	0	0	0	0	473	506	0	
8	0	0	0	0	473	503	0	
9	0	0	0	0	476	502	0	
10	0	0	0	0	485	507	0	
11	0	0	0	0	498	510	0	
12	0	0	0	0	509	511	0	
13	0	0	0	0	517	511	0	
14	0	0	0	0	524	510	0	
15	0	0	0	0	526	511	0	
0	0	0	0	0	523	511	0	
1	0	0	0	0	514	516	0	
2	0	0	0	0	503	521	0	
3	0	0	0	0	494	523	0	
4	0	0	0	0	488	527	0	
5	0	0	0	0	486	533	1	
6	0	0	0	0	487	538	0	
7	0	0	0	0	486	538	0	
8	0	0	0	0	486	531	0	
9	0	0	0	0	483	524	0	
10	0	0	0	0	482	523	0	
11	0	0	0	0	483	521	0	
12	0	0	0	0	483	521	0	
13	0	0	0	0	485	522	0	
14	0	0	0	0	486	529	0	
15	0	0	0	0	485	530	0	
0	0	0	0	0	482	536	0	
1	0	0	0	0	476	543	0	
2	0	0	0	0	476	551	1	
3	0	0	0	0	479	560	0	
4	0	0	0	0	484	564	1	
5	0	0	0	0	491	559	1	
6	0	0	0	0	494	552	0	
7	0	0	0	0	495	548	1	
8	0	0	0	0	501	539	0	
9	0	0	0	0	510	531	1	
10	0	0	0	0	524	519	0	
11	0	0	0	0	528	512	0	
12	0	0	0	0	526	504	0	
13	0	0	0	0	523	503	0	
14	0	0	0	0	519	507	0	
15	0	0	0	0	514	510	0	
0	0	0	0	0	510	510	0	
1	0	0	0	0	505	512	0	
2	0	0	0	0	496	510	0	
3	0	0	0	0	491	511	0	
4	0	0	0	0	490	514	0	
5	0	0	0	0	487	519	0	
6	0	0	0	0	489	527	0	
7	0	0	0	0	486	533	0	
8	0	0	0	0	484	537	0	
9	0	0	0	0	487	539	1	
10	0	0	0	0	493	539	0	
11	0	0	0	0	500	531	0	
12	0	0	0	0	505	523	0	
13	0	0	0	0	510	518	0	
14	0	0	0	0	511	514	0	
15	0	0	0	0	504	508	0	
0	0	0	0	0	501	506	0	
1	0	0	0	0	499	505	0	
2	0	0	0	0	497	511	0	
3	0	0	0	0	502	517	0	
4	0	0	0	0	503	511	0	
5	0	0	0	0	503	504	0	
6	0	0	0	0	508	499	0	
7	0	0	0	0	513	491	0	
8	0	0	0	0	515	484	0	
9	0	0	0	0	511	482	0	
10	0	0	0	0	507	487	0	
11	0	0	0	0	502	496	0	
12	0	0	0	0	497	504	0	
13	0	0	0	0	497	502	0	
14	0	0	0	0	497	500	0	
15	0	0	0	0	499	500	0	
0	0	0	0	0	506	505	0	
1	0	0	0	0	513	513	0	
2	0	0	0	0	522	518	0	
3	0	0	0	0	527	513	0	
4	0	0	0	0	532	508	0	
5	0	0	0	0	533	500	0	
6	0	0	0	0	532	498	0	
7	0	0	0	0	533	493	0	
8	0	0	0	0	527	487	0	
9	0	0	0	0	524	481	0	
10	0	0	0	0	523	479	0	
11	0	0	0	0	527	486	1	
12	0	0	0	0	527	487	0	
13	0	0	0	0	528	491	0	
14	0	0	0	0	528	492	0	
15	0	0	0	0	519	494	0	
0	0	0	0	0	504	497	0	
1	0	0	0	0	492	503	0	
2	0	0	0	0	481	501	0	
3	0	0	0	0	473	500	0	
4	0	0	0	0	470	497	0	
5	0	0	0	0	468	496	0	
6	0	0	0	0	470	499	0	
7	0	0	0	0	470	500	0	
8	0	0	0	0	475	505	0	
9	0	0	0	0	479	504	0	
10	0	0	0	0	474	505	0	
11	0	0	0	0	472	503	0	
12	0	0	0	0	470	495	0	
13	0	0	0	0	474	485	0	
14	0	0	0	0	477	481	0	
15	0	0	0	0	480	482	0	
0	0	0	0	0	484	484	0	
1	0	0	0	0	483	486	0	
2	0	0	0	0	484	487	0	
3	0	0	0	0	485	487	0	
4	0	0	0	0	487	489	0	
5	0	0	0	0	488	489	0	
6	0	0	0	0	489	487	0	
7	0	0	0	0	487	485	0	
8	0	0	0	0	485	481	0	
9	0	0	0	0	479	481	0	
10	0	0	0	0	483	487	0	
11	0	0	0	0	486	499	0	
12	0	0	0	0	492	502	0	
13	0	0	0	0	495	498	0	
14	0	0	0	0	492	497	0	
15	0	0	0	0	485	499	0	
0	0	0	0	0	475	505	0	
1	0	0	0	0	475	506	0	
2	0	0	0	0	478	503	0	
3	0	0	0	0	479	504	0	
4	0	0	0	0	480	505	0	
5	0	0	0	0	481	505	0	
6	0	0	0	0	478	508	0	
7	0	0	0	0	473	510	0	
8	0	0	0	0	470	510	0	
9	0	0	0	0	463	507	0	
10	0	0	0	0	457	509	0	
11	0	0	0	0	453	517	0	
12	0	0	0	0	451	522	0	
13	0	0	0	0	452	527	0	
14	0	0	0	0	458	528	0	
15	0	0	0	0	467	532	0	
0	0	0	0	0	474	537	1	
1	0	0	0	0	482	546	1	
2	0	0	0	0	493	555	1	
3	0	0	0	0	503	567	1	
4	0	0	0	0	508	570	0	
5	0	0	0	0	511	560	1	
6	0	0	0	0	514	547	1	
7	0	0	0	0	518	537	1	
8	0	0	0	0	519	529	0	
9	0	0	0	0	526	521	0	
10	0	0	0	0	527	520	0	
11	0	0	0	0	527	526	0	
12	0	0	0	0	523	532	1	
13	0	0	0	0	525	536	0	
14	0	0	0	0	530	537	0	
15	0	0	0	0	535	539	0	
0	0	0	0	0	541	538	0	
1	0	0	0	0	542	538	1	
2	0	0	0	0	541	539	0	
3	0	0	0	0	538	540	0	
4	0	0	0	0	534	542	0	
5	0	0	0	0	533	545	0	
6	0	0	0	0	529	545	1	
7	0	0	0	0	522	548	1	
8	0	0	0	0	515	545	0	
9	0	0	0	0	510	545	0	
10	0	0	0	0	503	542	0	
11	0	0	0	0	496	536	0	
12	0	0	0	0	493	532	0	
13	0	0	0	0	493	530	0	
14	0	0	0	0	496	538	0	
15	0	0	0	0	495	544	1	
0	0	0	0	0	495	547	0	
1	0	0	0	0	497	544	0	
2	0	0	0	0	499	535	0	
3	0	0	0	0	502	526	0	
4	0	0	0	0	508	521	0	
5	0	0	0	0	513	518	0	
6	0	0	0	0	518	516	0	
7	0	0	0	0	517	516	0	
8	0	0	0	0	515	515	0	
9	0	0	0	0	515	507	0	
10	0	0	0	0	515	502	0	
11	0	0	0	0	513	499	0	
12	0	0	0	0	508	497	0	
13	0	0	0	0	508	499	0	
14	0	0	0	0	509	505	0	
15	0	0	0	0	511	515	0	
0	0	0	0	0	512	526	1	
1	0	0	0	0	510	533	0	
2	0	0	0	0	505	535	0	
3	0	0	0	0	502	535	0	
4	0	0	0	0	499	531	1	
5	0	0	0	0	503	533	0	
6	0	0	0	0	504	536	0	
7	0	0	0	0	503	532	0	
8	0	0	0	0	503	526	0	
9	0	0	0	0	503	519	1	
10	0	0	0	0	504	516	0	
11	0	0	0	0	505	511	0	
12	0	0	0	0	511	505	0	
13	0	0	0	0	517	504	0	
14	0	0	0	0	516	507	0	
15	0	0	0	0	512	511	0	
0	0	0	0	0	507	515	0	
1	0	0	0	0	502	525	0	
2	0	0	0	0	498	537	0	
3	0	0	0	0	498	544	1	
4	0	0	0	0	500	549	0	
5	0	0	0	0	503	552	0	
6	0	0	0	0	501	552	0	
7	0	0	0	0	500	559	1	
8	0	0	0	0	499	562	1	
9	0	0	0	0	498	565	1	
10	0	0	0	0	496	574	1	
11	0	0	0	0	493	582	1	
12	0	0	0	0	493	593	1	
13	0	0	0	0	493	597	1	
14	0	0	0	0	495	591	1	
15	0	0	0	0	492	580	1	
0	0	0	0	0	492	575	1	
1	0	0	0	0	493	576	1	
2	0	0	0	0	499	579	1	
3	0	0	0	0	507	591	1	
4	0	0	0	0	516	604	1	
5	0	0	0	0	525	609	1	
6	0	0	0	0	532	604	1	
7	0	0	0	0	535	590	1	
8	0	0	0	0	537	580	1	
9	0	0	0	0	534	564	1	
10	0	0	0	0	531	550	0	
11	0	0	0	0	523	536	0	
12	0	0	0	0	516	519	0	
13	0	0	0	0	512	504	0	
14	0	0	0	0	511	491	0	
15	0	0	0	0	514	489	0	
0	0	0	0	0	512	495	0	
1	0	0	0	0	511	502	1	
2	0	0	0	0	511	505	0	
3	0	0	0	0	516	513	0	
4	0	0	0	0	519	521	0	
5	0	0	0	0	516	528	0	
6	0	0	0	0	512	532	1	
7	0	0	0	0	507	537	0	
8	0	0	0	0	504	538	0	
9	0	0	0	0	506	540	1	
10	0	0	0	0	506	545	0	
11	0	0	0	0	504	547	1	
12	0	0	0	0	496	546	0	
13	0	0	0	0	487	541	0	
14	0	0	0	0	482	532	0	
15	0	0	0	0	482	527	0	
0	0	0	0	0	486	524	0	
1	0	0	0	0	491	524	0	
2	0	0	0	0	497	527	0	
3	0	0	0	0	499	532	0	
4	0	0	0	0	504	538	1	
5	0	0	0	0	505	547	1	
6	0	0	0	0	503	543	0	
7	0	0	0	0	497	538	0	
8	0	0	0	0	496	531	0	
9	0	0	0	0	496	524	0	
10	0	0	0	0	497	513	0	
11	0	0	0	0	499	504	0	
12	0	0	0	0	498	497	0	
13	0	0	0	0	498	492	0	
14	0	0	0	0	501	485	0	
15	0	0	0	0	505	473	0	
0	0	0	0	0	514	463	0	
1	0	0	0	0	520	454	0	
2	0	0	0	0	524	447	0	
3	0	0	0	0	526	446	0	
4	0	0	0	0	525	445	0	
5	0	0	0	0	524	446	0	
6	0	0	0	0	520	451	0	
7	0	0	0	0	515	454	0	
8	0	0	0	0	511	455	0	
9	0	0	0	0	505	452	0	
10	0	0	0	0	499	447	0	
11	0	0	0	0	492	444	0	
12	0	0	0	0	485	447	0	
13	0	0	0	0	487	458	0	
14	0	0	0	0	486	468	0	
15	0	0	0	0	483	477	0	
0	0	0	0	0	478	484	0	
1	0	0	0	0	472	480	0	
2	0	0	0	0	468	480	0	
3	0	0	0	0	468	482	0	
4	0	0	0	0	474	486	0	
5	0	0	0	0	480	492	0	
6	0	0	0	0	483	498	0	
7	0	0	0	0	483	505	0	
8	0	0	0	0	485	513	0	
9	0	0	0	0	480	524	0	
10	0	0	0	0	472	540	0	
11	0	0	0	0	475	540	0	
12	0	0	0	0	486	540	1	
13	0	0	0	0	495	540	1	
14	0	0	0	0	504	540	0	
15	0	0	0	0	508	537	0	
0	0	0	0	0	515	537	0	
1	0	0	0	0	514	536	0	
2	0	0	0	0	508	533	0	
3	0	0	0	0	503	530	0	
4	0	0	0	0	500	523	0	
5	0	0	0	0	501	516	0	
6	0	0	0	0	500	511	0	
7	0	0	0	0	501	511	0	
8	0	0	0	0	508	516	0	
9	0	0	0	0	509	515	0	
10	0	0	0	0	506	511	0	
11	0	0	0	0	507	509	0	
12	0	0	0	0	507	510	0	
13	0	0	0	0	505	508	0	
14	0	0	0	0	501	506	0	
15	0	0	0	0	498	499	0	
0	0	0	0	0	497	494	0	
1	0	0	0	0	500	493	0	
2	0	0	0	0	505	495	0	
3	0	0	0	0	510	499	0	
4	0	0	0	0	508	499	0	
5	0	0	0	0	509	497	0	
6	0	0	0	0	511	496	0	
7	0	0	0	0	515	498	0	
8	0	0	0	0	520	502	0	
9	0	0	0	0	519	502	0	
10	0	0	0	0	516	502	0	
11	0	0	0	0	513	498	0	
12	0	0	0	0	508	492	0	
13	0	0	0	0	499	491	0	
14	0	0	0	0	489	488	0	
15	0	0	0	0	482	487	0	
0	0	0	0	0	476	487	1	
1	0	0	0	0	472	487	0	
2	0	0	0	0	470	483	0	
3	0	0	0	0	464	480	0	
4	0	0	0	0	463	484	0	
5	0	0	0	0	461	487	0	
6	0	0	0	0	463	488	0	
7	0	0	0	0	466	488	0	
8	0	0	0	0	472	492	0	
9	0	0	0	0	476	495	0	
10	0	0	0	0	478	497	0	
11	0	0	0	0	482	501	0	
12	0	0	0	0	481	506	0	
13	0	0	0	0	484	508	0	
14	0	0	0	0	490	513	0	
15	0	0	0	0	499	519	0	
0	0	0	0	0	506	523	1	
1	0	0	0	0	507	523	0	
2	0	0	0	0	505	515	0	
3	0	0	0	0	508	507	0	
4	0	0	0	0	511	497	0	
5	0	0	0	0	515	495	0	
6	0	0	0	0	511	492	0	
7	0	0	0	0	512	491	0	
8	0	0	0	0	511	492	0	
9	0	0	0	0	505	496	0	
10	0	0	0	0	499	504	0	
11	0	0	0	0	492	512	0	
12	0	0	0	0	484	519	0	
13	0	0	0	0	478	519	0	
14	0	0	0	0	473	518	0	
15	0	0	0	0	473	517	0	
0	0	0	0	0	474	514	0	
1	0	0	0	0	475	511	0	
2	0	0	0	0	474	510	0	
3	0	0	0	0	478	513	0	
4	0	0	0	0	483	517	0	
5	0	0	0	0	487	520	0	
6	0	0	0	0	492	524	0	
7	0	0	0	0	498	516	0	
8	0	0	0	0	499	512	0	
9	0	0	0	0	494	507	0	
10	0	0	0	0	487	502	0	
11	0	0	0	0	483	498	0	
12	0	0	0	0	481	490	0	
13	0	0	0	0	480	480	0	
14	0	0	0	0	480	476	0	
15	0	0	0	0	478	475	0	
0	0	0	0	0	479	482	0	
1	0	0	0	0	480	488	0	
2	0	0	0	0	480	494	0	
3	0	0	0	0	481	494	0	
4	0	0	0	0	482	492	0	
5	0	0	0	0	482	487	0	
6	0	0	0	0	486	482	0	
7	0	0	0	0	491	480	0	
8	0	0	0	0	497	482	0	
9	0	0	0	0	496	484	0	
10	0	0	0	0	494	486	0	
11	0	0	0	0	494	489	0	
12	0	0	0	0	495	496	0	
13	0	0	0	0	494	509	0	
14	0	0	0	0	491	523	0	
15	0	0	0	0	488	527	0	
0	0	0	0	0	485	524	0	
1	0	0	0	0	482	524	0	
2	0	0	0	0	478	522	0	
3	0	0	0	0	472	521	0	
4	0	0	0	0	470	519	0	
5	0	0	0	0	473	524	0	
6	0	0	0	0	479	518	0	
7	0	0	0	0	479	510	0	
8	0	0	0	0	480	509	0	
9	0	0	0	0	487	515	0	
10	0	0	0	0	495	517	0	
11	0	0	0	0	504	519	0	
12	0	0	0	0	511	518	0	
13	0	0	0	0	512	514	0	
14	0	0	0	0	515	512	0	
15	0	0	0	0	520	505	0	
0	0	0	0	0	523	502	0	
1	0	0	0	0	524	499	0	
2	0	0	0	0	522	498	0	
3	0	0	0	0	525	499	0	
4	0	0	0	0	526	493	0	
5	0	0	0	0	529	490	0	
6	0	0	0	0	533	489	0	
7	0	0	0	0	534	486	0	
8	0	0	0	0	532	488	0	
9	0	0	0	0	527	491	0	
10	0	0	0	0	526	497	0	
11	0	0	0	0	523	506	0	
12	0	0	0	0	518	511	0	
13	0	0	0	0	515	515	0	
14	0	0	0	0	508	513	0	
15	0	0	0	0	500	508	0	
0	0	0	0	0	497	507	0	
1	0	0	0	0	496	505	0	
2	0	0	0	0	496	507	0	
3	0	0	0	0	495	511	0	
4	0	0	0	0	501	516	0	
5	0	0	0	0	511	517	0	
6	0	0	0	0	520	516	0	
7	0	0	0	0	526	518	0	
8	0	0	0	0	527	523	0	
9	0	0	0	0	524	524	1	
10	0	0	0	0	520	526	1	
11	0	0	0	0	516	531	0	
12	0	0	0	0	516	545	0	
13	0	0	0	0	516	551	1	
14	0	0	0	0	520	547	0	
15	0	0	0	0	524	540	0	
0	0	0	0	0	529	536	0	
1	0	0	0	0	535	539	0	
2	0	0	0	0	535	541	0	
3	0	0	0	0	535	544	0	
4	0	0	0	0	532	541	1	
5	0	0	0	0	526	527	0	
6	0	0	0	0	519	513	0	
7	0	0	0	0	516	501	0	
8	0	0	0	0	513	493	0	
9	0	0	0	0	510	488	0	
10	0	0	0	0	507	483	0	
11	0	0	0	0	503	485	0	
12	0	0	0	0	502	488	0	
13	0	0	0	0	502	491	0	
14	0	0	0	0	504	492	0	
15	0	0	0	0	510	496	0	
0	0	0	0	0	516	495	1	
1	0	0	0	0	525	496	0	
2	0	0	0	0	530	504	0	
3	0	0	0	0	529	513	1	
4	0	0	0	0	531	525	0	
5	0	0	0	0	536	532	1	
6	0	0	0	0	536	535	0	
7	0	0	0	0	535	537	0	
8	0	0	0	0	528	537	1	
9	0	0	0	0	521	532	0	
10	0	0	0	0	512	529	0	
11	0	0	0	0	504	527	0	
12	0	0	0	0	496	523	1	
13	0	0	0	0	493	521	0	
14	0	0	0	0	494	522	0	
15	0	0	0	0	493	520	0	
0	0	0	0	0	495	517	0	
1	0	0	0	0	503	519	1	
2	0	0	0	0	512	521	0	
3	0	0	0	0	520	525	0	
4	0	0	0	0	523	525	0	
5	0	0	0	0	520	521	0	
6	0	0	0	0	515	516	0	
7	0	0	0	0	508	512	0	
8	0	0	0	0	503	509	0	
9	0	0	0	0	497	504	0	
10	0	0	0	0	493	496	0	
11	0	0	0	0	496	487	0	
12	0	0	0	0	504	483	0	
13	0	0	0	0	510	484	0	
14	0	0	0	0	515	483	0	
15	0	0	0	0	519	487	0	
0	0	0	0	0	521	491	0	
1	0	0	0	0	526	491	0	
2	0	0	0	0	531	490	0	
3	0	0	0	0	536	487	0	
4	0	0	0	0	536	490	0	
5	0	0	0	0	533	494	0	
6	0	0	0	0	532	500	0	
7	0	0	0	0	528	509	0	
8	0	0	0	0	528	516	0	
9	0	0	0	0	528	515	0	
10	0	0	0	0	532	511	0	
11	0	0	0	0	538	505	0	
12	0	0	0	0	542	499	0	
13	0	0	0	0	548	493	0	
14	0	0	0	0	550	492	0	
15	0	0	0	0	547	492	0	
0	0	0	0	0	543	492	0	
1	0	0	0	0	536	498	0	
2	0	0	0	0	528	501	0	
3	0	0	0	0	523	497	0	
4	0	0	0	0	521	491	0	
5	0	0	0	0	522	487	0	
6	0	0	0	0	522	485	0	
7	0	0	0	0	523	480	0	
8	0	0	0	0	525	476	0	
9	0	0	0	0	528	475	1	
10	0	0	0	0	531	474	0	
11	0	0	0	0	532	473	0	
12	0	0	0	0	528	465	0	
13	0	0	0	0	522	460	0	
14	0	0	0	0	518	458	0	
15	0	0	0	0	515	457	0	
0	0	0	0	0	513	456	0	
1	0	0	0	0	509	456	0	
2	0	0	0	0	504	462	0	
3	0	0	0	0	498	468	0	
4	0	0	0	0	496	473	0	
5	0	0	0	0	498	473	0	
6	0	0	0	0	504	476	0	
7	0	0	0	0	504	473	0	
8	0	0	0	0	504	469	0	
9	0	0	0	0	506	468	0	
10	0	0	0	0	502	472	0	
11	0	0	0	0	498	476	0	
12	0	0	0	0	489	483	0	
13	0	0	0	0	477	491	0	
14	0	0	0	0	473	496	0	
15	0	0	0	0	469	497	0	
0	0	0	0	0	466	496	0	
1	0	0	0	0	466	493	0	
2	0	0	0	0	464	490	0	
3	0	0	0	0	464	486	0	
4	0	0	0	0	465	483	0	
5	0	0	0	0	464	483	0	
6	0	0	0	0	464	486	0	
7	0	0	0	0	463	489	0	
8	0	0	0	0	464	495	0	
9	0	0	0	0	467	501	0	
10	0	0	0	0	476	498	0	
11	0	0	0	0	485	494	0	
12	0	0	0	0	494	496	0	
13	0	0	0	0	507	504	0	
14	0	0	0	0	517	504	0	
15	0	0	0	0	524	498	0	
0	0	0	0	0	526	496	0	
1	0	0	0	0	526	500	0	
2	0	0	0	0	522	502	0	
3	0	0	0	0	515	500	0	
4	0	0	0	0	513	491	0	
5	0	0	0	0	511	480	0	
6	0	0	0	0	515	481	0	
7	0	0	0	0	519	480	0	
8	0	0	0	0	519	476	0	
9	0	0	0	0	517	472	0	
10	0	0	0	0	519	471	0	
11	0	0	0	0	521	472	0	
12	0	0	0	0	524	473	0	
13	0	0	0	0	527	475	0	
14	0	0	0	0	524	478	0	
15	0	0	0	0	517	478	0	
0	0	0	0	0	513	479	0	
1	0	0	0	0	515	483	0	
2	0	0	0	0	513	488	0	
3	0	0	0	0	512	492	0	
4	0	0	0	0	510	492	0	
5	0	0	0	0	508	493	0	
6	0	0	0	0	507	500	0	
7	0	0	0	0	503	503	0	
8	0	0	0	0	498	505	0	
9	0	0	0	0	497	507	0	
10	0	0	0	0	499	508	1	
11	0	0	0	0	498	510	1	
12	0	0	0	0	498	511	0	
13	0	0	0	0	499	514	0	
14	0	0	0	0	502	518	0	
15	0	0	0	0	504	523	0	
0	0	0	0	0	506	533	1	
1	0	0	0	0	507	535	0	
2	0	0	0	0	507	530	0	
3	0	0	0	0	508	523	0	
4	0	0	0	0	515	515	0	
5	0	0	0	0	519	509	0	
6	0	0	0	0	517	504	0	
7	0	0	0	0	512	505	0	
8	0	0	0	0	511	507	0	
9	0	0	0	0	508	509	1	
10	0	0	0	0	507	513	0	
11	0	0	0	0	511	521	0	
12	0	0	0	0	517	527	0	
13	0	0	0	0	523	527	0	
14	0	0	0	0	527	519	0	
15	0	0	0	0	528	508	0	
0	0	0	0	0	528	501	0	
1	0	0	0	0	524	492	0	
2	0	0	0	0	521	480	0	
3	0	0	0	0	517	470	0	
4	0	0	0	0	511	464	0	
5	0	0	0	0	505	456	0	
6	0	0	0	0	505	449	0	
7	0	0	0	0	500	444	0	
8	0	0	0	0	497	443	0	
9	0	0	0	0	500	442	0	
10	0	0	0	0	508	443	0	
11	0	0	0	0	518	447	0	
12	0	0	0	0	523	449	0	
13	0	0	0	0	525	454	0	
14	0	0	0	0	522	460	0	
15	0	0	0	0	515	462	0	
0	0	0	0	0	509	458	0	
1	0	0	0	0	505	448	0	
2	0	0	0	0	506	445	0	
3	0	0	0	0	511	446	0	
4	0	0	0	0	513	445	0	
5	0	0	0	0	513	445	0	
6	0	0	0	0	513	449	0	
7	0	0	0	0	510	455	0	
8	0	0	0	0	509	468	0	
9	0	0	0	0	512	483	0	
10	0	0	0	0	519	487	0	
11	0	0	0	0	523	490	0	
12	0	0	0	0	524	491	0	
13	0	0	0	0	526	493	0	
14	0	0	0	0	526	492	0	
15	0	0	0	0	525	496	0	
0	0	0	0	0	528	498	0	
1	0	0	0	0	531	500	0	
2	0	0	0	0	527	498	0	
3	0	0	0	0	518	496	0	
4	0	0	0	0	509	497	0	
5	0	0	0	0	495	495	0	
6	0	0	0	0	485	495	0	
7	0	0	0	0	482	492	0	
8	0	0	0	0	487	488	0	
9	0	0	0	0	496	483	0	
10	0	0	0	0	504	480	0	
11	0	0	0	0	513	481	0	
12	0	0	0	0	521	489	0	
13	0	0	0	0	524	500	0	
14	0	0	0	0	525	512	0	
15	0	0	0	0	524	520	0	
0	0	0	0	0	521	528	0	
1	0	0	0	0	517	528	0	
2	0	0	0	0	507	518	0	
3	0	0	0	0	501	500	0	
4	0	0	0	0	497	484	0	
5	0	0	0	0	500	478	0	
6	0	0	0	0	507	483	0	
7	0	0	0	0	513	488	0	
8	0	0	0	0	520	491	0	
9	0	0	0	0	524	492	0	
10	0	0	0	0	525	489	0	
11	0	0	0	0	525	485	0	
12	0	0	0	0	525	482	0	
13	0	0	0	0	529	484	0	
14	0	0	0	0	533	486	0	
15	0	0	0	0	532	485	0	
0	0	0	0	0	532	486	0	
1	0	0	0	0	529	487	0	
2	0	0	0	0	528	487	0	
3	0	0	0	0	520	486	0	
4	0	0	0	0	513	487	0	
5	0	0	0	0	511	488	0	
6	0	0	0	0	508	494	0	
7	0	0	0	0	503	500	0	
8	0	0	0	0	502	513	0	
9	0	0	0	0	500	523	1	
10	0	0	0	0	501	532	0	
11	0	0	0	0	500	539	0	
12	0	0	0	0	503	541	1	
13	0	0	0	0	506	540	1	
14	0	0	0	0	513	543	1	
15	0	0	0	0	518	543	0	
0	0	0	0	0	522	538	0	
1	0	0	0	0	527	531	0	
2	0	0	0	0	529	524	0	
3	0	0	0	0	532	523	0	
4	0	0	0	0	535	523	1	
5	0	0	0	0	537	527	0	
6	0	0	0	0	537	525	0	
7	0	0	0	0	536	522	0	
8	0	0	0	0	540	519	0	
9	0	0	0	0	546	518	1	
10	0	0	0	0	547	519	0	
11	0	0	0	0	548	519	0	
12	0	0	0	0	551	523	0	
13	0	0	0	0	550	527	1	
14	0	0	0	0	547	527	0	
15	0	0	0	0	543	524	0	
0	0	0	0	0	541	521	0	
1	0	0	0	0	535	519	0	
2	0	0	0	0	530	519	0	
3	0	0	0	0	529	524	0	
4	0	0	0	0	529	518	0	
5	0	0	0	0	531	515	0	
6	0	0	0	0	532	516	0	
7	0	0	0	0	532	525	1	
8	0	0	0	0	527	531	1	
9	0	0	0	0	520	527	0	
10	0	0	0	0	518	524	0	
11	0	0	0	0	518	520	0	
12	0	0	0	0	521	514	0	
13	0	0	0	0	523	509	0	
14	0	0	0	0	531	506	0	
15	0	0	0	0	540	506	0	
0	0	0	0	0	553	505	0	
1	0	0	0	0	560	508	1	
2	0	0	0	0	562	511	0	
3	0	0	0	0	558	515	0	
4	0	0	0	0	553	515	0	
5	0	0	0	0	546	515	0	
6	0	0	0	0	538	510	0	
7	0	0	0	0	534	509	0	
8	0	0	0	0	526	511	0	
9	0	0	0	0	521	512	0	
10	0	0	0	0	524	510	0	
11	0	0	0	0	529	513	0	
12	0	0	0	0	534	515	0	
13	0	0	0	0	535	515	0	
14	0	0	0	0	534	516	0	
15	0	0	0	0	531	520	0	
0	0	0	0	0	529	524	0	
1	0	0	0	0	526	529	0	
2	0	0	0	0	523	534	0	
3	0	0	0	0	516	539	0	
4	0	0	0	0	514	544	1	
5	0	0	0	0	514	547	1	
6	0	0	0	0	513	550	0	
7	0	0	0	0	513	549	0	
8	0	0	0	0	519	547	0	
9	0	0	0	0	524	550	1	
10	0	0	0	0	535	553	1	
11	0	0	0	0	546	550	0	
12	0	0	0	0	554	542	0	
13	0	0	0	0	563	534	0	
14	0	0	0	0	572	529	0	
15	0	0	0	0	582	525	0	
0	0	0	0	0	590	520	0	
1	0	0	0	0	591	518	0	
2	0	0	0	0	589	514	0	
3	0	0	0	0	588	518	0	
4	0	0	0	0	583	521	1	
5	0	0	0	0	575	519	1	
6	0	0	0	0	570	512	0	
7	0	0	0	0	556	508	0	
8	0	0	0	0	548	514	0	
9	0	0	0	0	543	523	1	
10	0	0	0	0	537	515	1	
11	0	0	0	0	537	504	0	
12	0	0	0	0	537	497	0	
13	0	0	0	0	540	493	0	
14	0	0	0	0	541	487	0	
15	0	0	0	0	542	484	1	
0	0	0	0	0	537	477	0	
1	0	0	0	0	535	468	0	
2	0	0	0	0	529	469	0	
3	0	0	0	0	523	473	0	
4	0	0	0	0	521	476	0	
5	0	0	0	0	522	476	0	
6	0	0	0	0	523	475	0	
7	0	0	0	0	528	470	0	
8	0	0	0	0	532	468	0	
9	0	0	0	0	530	472	0	
10	0	0	0	0	526	477	0	
11	0	0	0	0	527	480	0	
12	0	0	0	0	528	482	0	
13	0	0	0	0	525	491	0	
14	0	0	0	0	523	502	0	
15	0	0	0	0	519	511	0	
0	0	0	0	0	520	520	0	
1	0	0	0	0	528	523	0	
2	0	0	0	0	540	517	0	
3	0	0	0	0	549	510	0	
4	0	0	0	0	554	509	0	
5	0	0	0	0	558	511	0	
6	0	0	0	0	554	515	0	
7	0	0	0	0	547	516	0	
8	0	0	0	0	543	516	1	
9	0	0	0	0	540	515	0	
10	0	0	0	0	541	511	0	
11	0	0	0	0	545	508	0	
12	0	0	0	0	549	513	0	
13	0	0	0	0	551	522	0	
14	0	0	0	0	551	536	0	
15	0	0	0	0	550	550	1	
0	0	0	0	0	543	559	1	
1	0	0	0	0	544	565	1	
2	0	0	0	0	550	566	1	
3	0	0	0	0	555	563	0	
4	0	0	0	0	558	557	1	
5	0	0	0	0	556	552	1	
6	0	0	0	0	550	548	1	
7	0	0	0	0	542	546	0	
8	0	0	0	0	539	542	0	
9	0	0	0	0	536	539	0	
10	0	0	0	0	536	535	0	
11	0	0	0	0	536	536	0	
12	0	0	0	0	536	536	0	
13	0	0	0	0	537	537	0	
14	0	0	0	0	536	536	1	
15	0	0	0	0	530	534	1	
0	0	0	0	0	530	536	0	
1	0	0	0	0	530	546	1	
2	0	0	0	0	525	559	0	
3	0	0	0	0	519	575	1	
4	0	0	0	0	508	586	1	
5	0	0	0	0	499	588	1	
6	0	0	0	0	492	577	1	
7	0	0	0	0	491	572	1	
8	0	0	0	0	493	566	1	
9	0	0	0	0	502	557	1	
10	0	0	0	0	508	548	0	
11	0	0	0	0	513	544	0	
12	0	0	0	0	519	543	0	
13	0	0	0	0	522	540	1	
14	0	0	0	0	521	539	0	
15	0	0	0	0	521	543	1	
0	0	0	0	0	519	546	0	
1	0	0	0	0	510	546	0	
2	0	0	0	0	502	544	0	
3	0	0	0	0	497	541	0	
4	0	0	0	0	494	532	1	
5	0	0	0	0	491	523	0	
6	0	0	0	0	486	510	0	
7	0	0	0	0	484	498	0	
8	0	0	0	0	488	492	0	
9	0	0	0	0	493	487	0	
10	0	0	0	0	499	486	0	
11	0	0	0	0	501	484	0	
12	0	0	0	0	502	481	0	
13	0	0	0	0	503	476	0	
14	0	0	0	0	501	471	0	
15	0	0	0	0	496	464	0	
0	0	0	0	0	489	458	0	
1	0	0	0	0	488	455	0	
2	0	0	0	0	490	457	0	
3	0	0	0	0	491	461	0	
4	0	0	0	0	495	463	0	
5	0	0	0	0	498	466	0	
6	0	0	0	0	502	470	0	
7	0	0	0	0	500	472	0	
8	0	0	0	0	495	473	0	
9	0	0	0	0	490	476	0	
10	0	0	0	0	487	479	0	
11	0	0	0	0	487	479	0	
12	0	0	0	0	490	479	0	
13	0	0	0	0	494	479	0	
14	0	0	0	0	496	480	1	
15	0	0	0	0	493	483	0	
0	0	0	0	0	486	490	0	
1	0	0	0	0	487	501	0	
2	0	0	0	0	491	518	0	
3	0	0	0	0	493	521	0	
4	0	0	0	0	494	524	0	
5	0	0	0	0	494	528	0	
6	0	0	0	0	495	528	0	
7	0	0	0	0	495	519	0	
8	0	0	0	0	496	501	0	
9	0	0	0	0	495	491	0	
10	0	0	0	0	491	486	0	
11	0	0	0	0	488	486	0	
12	0	0	0	0	487	487	0	
13	0	0	0	0	482	491	0	
14	0	0	0	0	476	496	0	
15	0	0	0	0	472	503	0	
0	0	0	0	0	472	508	0	
1	0	0	0	0	473	513	0	
2	0	0	0	0	475	516	0	
3	0	0	0	0	476	511	0	
4	0	0	0	0	475	501	0	
5	0	0	0	0	478	492	0	
6	0	0	0	0	480	481	0	
7	0	0	0	0	481	469	0	
8	0	0	0	0	486	457	0	
9	0	0	0	0	491	449	0	
10	0	0	0	0	494	447	0	
11	0	0	0	0	504	449	0	
12	0	0	0	0	512	455	0	
13	0	0	0	0	519	462	0	
14	0	0	0	0	523	469	0	
15	0	0	0	0	521	470	0	
0	0	0	0	0	516	469	0	
1	0	0	0	0	507	465	0	
2	0	0	0	0	494	461	0	
3	0	0	0	0	483	459	0	
4	0	0	0	0	473	462	0	
5	0	0	0	0	465	471	0	
6	0	0	0	0	460	483	0	
7	0	0	0	0	457	497	0	
8	0	0	0	0	459	501	0	
9	0	0	0	0	462	497	0	
10	0	0	0	0	467	496	0	
11	0	0	0	0	473	493	0	
12	0	0	0	0	478	491	0	
13	0	0	0	0	484	489	0	
14	0	0	0	0	491	494	0	
15	0	0	0	0	500	503	0	
0	0	0	0	0	506	514	1	
1	0	0	0	0	506	521	0	
2	0	0	0	0	502	521	1	
3	0	0	0	0	499	522	0	
4	0	0	0	0	500	523	1	
5	0	0	0	0	508	523	0	
6	0	0	0	0	513	521	0	
7	0	0	0	0	514	520	0	
8	0	0	0	0	514	518	0	
9	0	0	0	0	510	512	1	
10	0	0	0	0	507	509	0	
11	0	0	0	0	502	507	0	
12	0	0	0	0	498	502	0	
13	0	0	0	0	499	504	0	
14	0	0	0	0	503	498	0	
15	0	0	0	0	505	487	1	
0	0	0	0	0	503	481	0	
1	0	0	0	0	496	483	0	
2	0	0	0	0	491	491	0	
3	0	0	0	0	486	494	1	
4	0	0	0	0	478	494	0	
5	0	0	0	0	475	498	0	
6	0	0	0	0	471	500	0	
7	0	0	0	0	468	511	0	
8	0	0	0	0	464	521	1	
9	0	0	0	0	460	530	1	
10	0	0	0	0	461	535	0	
11	0	0	0	0	463	528	0	
12	0	0	0	0	467	523	0	
13	0	0	0	0	471	516	1	
14	0	0	0	0	472	515	0	
15	0	0	0	0	473	515	0	
0	0	0	0	0	467	512	0	
1	0	0	0	0	465	514	0	
2	0	0	0	0	466	519	1	
3	0	0	0	0	467	527	1	
4	0	0	0	0	468	534	0	
5	0	0	0	0	464	531	0	
6	0	0	0	0	463	526	0	
7	0	0	0	0	465	519	1	
8	0	0	0	0	465	515	0	
9	0	0	0	0	466	502	0	
10	0	0	0	0	473	489	0	
11	0	0	0	0	479	482	0	
12	0	0	0	0	480	476	0	
13	0	0	0	0	484	471	0	
14	0	0	0	0	486	468	0	
15	0	0	0	0	483	470	0	
0	0	0	0	0	482	473	0	
1	0	0	0	0	483	472	0	
2	0	0	0	0	479	473	0	
3	0	0	0	0	470	480	0	
4	0	0	0	0	462	488	0	
5	0	0	0	0	459	495	0	
6	0	0	0	0	462	502	0	
7	0	0	0	0	470	507	0	
8	0	0	0	0	467	511	0	
9	0	0	0	0	468	513	0	
10	0	0	0	0	474	511	0	
11	0	0	0	0	475	508	0	
12	0	0	0	0	470	508	0	
13	0	0	0	0	468	513	0	
14	0	0	0	0	465	519	0	
15	0	0	0	0	465	524	0	
0	0	0	0	0	467	527	1	
1	0	0	0	0	467	526	0	
2	0	0	0	0	471	520	0	
3	0	0	0	0	473	514	0	
4	0	0	0	0	476	513	0	
5	0	0	0	0	483	513	1	
6	0	0	0	0	489	509	0	
7	0	0	0	0	494	496	0	
8	0	0	0	0	497	484	0	
9	0	0	0	0	500	473	0	
10	0	0	0	0	507	461	0	
11	0	0	0	0	511	452	0	
12	0	0	0	0	512	449	0	
13	0	0	0	0	514	449	0	
14	0	0	0	0	513	453	0	
15	0	0	0	0	511	459	0	
0	0	0	0	0	511	467	0	
1	0	0	0	0	516	475	0	
2	0	0	0	0	524	479	0	
3	0	0	0	0	527	484	0	
4	0	0	0	0	532	489	0	
5	0	0	0	0	533	491	0	
6	0	0	0	0	524	492	0	
7	0	0	0	0	517	496	0	
8	0	0	0	0	511	498	0	
9	0	0	0	0	508	504	0	
10	0	0	0	0	505	509	0	
11	0	0	0	0	498	513	0	
12	0	0	0	0	496	519	0	
13	0	0	0	0	499	524	0	
14	0	0	0	0	502	528	0	
15	0	0	0	0	503	536	0	
0	0	0	0	0	502	543	0	
1	0	0	0	0	498	547	1	
2	0	0	0	0	499	551	0	
3	0	0	0	0	499	553	1	
4	0	0	0	0	497	552	1	
5	0	0	0	0	492	547	0	
6	0	0	0	0	484	544	0	
7	0	0	0	0	478	538	0	
8	0	0	0	0	472	531	0	
9	0	0	0	0	469	523	1	
10	0	0	0	0	473	518	0	
11	0	0	0	0	481	514	0	
12	0	0	0	0	489	513	0	
13	0	0	0	0	495	515	1	
14	0	0	0	0	504	515	0	
15	0	0	0	0	510	519	0	
0	0	0	0	0	517	523	0	
1	0	0	0	0	525	515	0	
2	0	0	0	0	532	507	0	
3	0	0	0	0	539	498	0	
4	0	0	0	0	537	490	0	
5	0	0	0	0	532	481	0	
6	0	0	0	0	525	478	0	
7	0	0	0	0	520	481	0	
8	0	0	0	0	516	484	0	
9	0	0	0	0	510	487	0	
10	0	0	0	0	506	491	0	
11	0	0	0	0	500	496	0	
12	0	0	0	0	496	500	0	
13	0	0	0	0	497	509	1	
14	0	0	0	0	498	522	0	
15	0	0	0	0	504	534	0	
0	0	0	0	0	509	541	0	
1	0	0	0	0	517	541	0	
2	0	0	0	0	523	533	0	
3	0	0	0	0	519	524	0	
4	0	0	0	0	512	519	0	
5	0	0	0	0	506	516	0	
6	0	0	0	0	497	513	0	
7	0	0	0	0	490	509	0	
8	0	0	0	0	485	502	0	
9	0	0	0	0	487	500	0	
10	0	0	0	0	496	502	0	
11	0	0	0	0	504	499	1	
12	0	0	0	0	511	491	1	
13	0	0	0	0	515	484	0	
14	0	0	0	0	518	483	0	
15	0	0	0	0	520	481	0	
0	0	0	0	0	522	484	0	
1	0	0	0	0	520	484	1	
2	0	0	0	0	516	483	0	
3	0	0	0	0	515	485	0	
4	0	0	0	0	515	484	0	
5	0	0	0	0	511	486	0	
6	0	0	0	0	508	487	0	
7	0	0	0	0	504	493	0	
8	0	0	0	0	500	497	0	
9	0	0	0	0	499	505	0	
10	0	0	0	0	494	511	0	
11	0	0	0	0	484	509	0	
12	0	0	0	0	477	502	0	
13	0	0	0	0	476	497	0	
14	0	0	0	0	480	492	0	
15	0	0	0	0	485	489	0	
0	0	0	0	0	484	486	0	
1	0	0	0	0	484	483	0	
2	0	0	0	0	489	487	0	
3	0	0	0	0	497	496	0	
4	0	0	0	0	504	499	0	
5	0	0	0	0	507	496	0	
6	0	0	0	0	506	493	0	
7	0	0	0	0	512	492	0	
8	0	0	0	0	519	490	0	
9	0	0	0	0	527	495	0	
10	0	0	0	0	531	502	0	
11	0	0	0	0	527	506	0	
12	0	0	0	0	520	510	0	
13	0	0	0	0	515	510	0	
14	0	0	0	0	514	510	0	
15	0	0	0	0	519	512	0	
0	0	0	0	0	527	510	0	
1	0	0	0	0	539	502	0	
2	0	0	0	0	547	492	0	
3	0	0	0	0	550	486	1	
4	0	0	0	0	548	483	0	
5	0	0	0	0	543	483	0	
6	0	0	0	0	538	488	0	
7	0	0	0	0	529	496	0	
8	0	0	0	0	519	508	0	
9	0	0	0	0	512	510	0	
10	0	0	0	0	511	496	0	
11	0	0	0	0	506	486	0	
12	0	0	0	0	502	479	0	
13	0	0	0	0	502	478	0	
14	0	0	0	0	503	483	0	
15	0	0	0	0	502	487	0	
0	0	0	0	0	499	492	0	
1	0	0	0	0	501	496	0	
2	0	0	0	0	504	503	0	
3	0	0	0	0	509	502	0	
4	0	0	0	0	516	497	0	
5	0	0	0	0	518	496	0	
6	0	0	0	0	519	501	0	
7	0	0	0	0	522	506	0	
8	0	0	0	0	523	507	0	
9	0	0	0	0	521	508	0	
10	0	0	0	0	521	509	0	
11	0	0	0	0	519	511	0	
12	0	0	0	0	515	513	0	
13	0	0	0	0	511	512	0	
14	0	0	0	0	509	512	0	
15	0	0	0	0	505	517	0	
0	0	0	0	0	500	523	0	
1	0	0	0	0	492	529	1	
2	0	0	0	0	487	532	0	
3	0	0	0	0	487	543	0	
4	0	0	0	0	493	555	1	
5	0	0	0	0	501	561	1	
6	0	0	0	0	510	566	1	
7	0	0	0	0	515	564	1	
8	0	0	0	0	516	558	1	
9	0	0	0	0	517	550	1	
10	0	0	0	0	521	544	0	
11	0	0	0	0	526	535	0	
12	0	0	0	0	529	528	1	
13	0	0	0	0	531	525	0	
14	0	0	0	0	531	523	0	
15	0	0	0	0	533	525	0	
0	0	0	0	0	533	527	0	
1	0	0	0	0	531	527	0	
2	0	0	0	0	530	528	0	
3	0	0	0	0	524	533	0	
4	0	0	0	0	517	537	0	
5	0	0	0	0	510	541	1	
6	0	0	0	0	504	547	0	
7	0	0	0	0	491	556	0	
8	0	0	0	0	479	569	1	
9	0	0	0	0	474	562	1	
10	0	0	0	0	476	544	0	
11	0	0	0	0	484	528	1	
12	0	0	0	0	495	518	0	
13	0	0	0	0	496	510	0	
14	0	0	0	0	495	509	0	
15	0	0	0	0	492	514	0	
0	0	0	0	0	488	519	1	
1	0	0	0	0	487	519	0	
2	0	0	0	0	485	519	0	
3	0	0	0	0	486	520	0	
4	0	0	0	0	486	524	0	
5	0	0	0	0	489	531	1	
6	0	0	0	0	487	531	0	
7	0	0	0	0	481	527	0	
8	0	0	0	0	476	527	0	
9	0	0	0	0	473	529	0	
10	0	0	0	0	477	532	0	
11	0	0	0	0	481	539	0	
12	0	0	0	0	487	547	1	
13	0	0	0	0	495	555	1	
14	0	0	0	0	502	558	1	
15	0	0	0	0	511	563	1	
0	0	0	0	0	517	560	1	
1	0	0	0	0	519	551	1	
2	0	0	0	0	517	539	0	
3	0	0	0	0	513	534	0	
4	0	0	0	0	512	534	0	
5	0	0	0	0	507	531	0	
6	0	0	0	0	500	528	0	
7	0	0	0	0	496	522	0	
8	0	0	0	0	495	519	0	
9	0	0	0	0	498	519	1	
10	0	0	0	0	500	515	0	
11	0	0	0	0	504	512	0	
12	0	0	0	0	510	512	0	
13	0	0	0	0	516	513	0	
14	0	0	0	0	524	520	0	
15	0	0	0	0	524	526	0	
0	0	0	0	0	527	529	0	
1	0	0	0	0	529	530	0	
2	0	0	0	0	530	536	1	
3	0	0	0	0	527	540	0	
4	0	0	0	0	518	543	0	
5	0	0	0	0	505	541	0	
6	0	0	0	0	497	532	0	
7	0	0	0	0	491	523	1	
8	0	0	0	0	486	518	0	
9	0	0	0	0	481	513	0	
10	0	0	0	0	478	511	0	
11	0	0	0	0	480	512	0	
12	0	0	0	0	485	515	1	
13	0	0	0	0	494	519	0	
14	0	0	0	0	508	524	0	
15	0	0	0	0	525	527	0	
0	0	0	0	0	543	533	0	
1	0	0	0	0	553	534	1	
2	0	0	0	0	556	529	0	
3	0	0	0	0	553	524	0	
4	0	0	0	0	552	523	0	
5	0	0	0	0	556	522	0	
6	0	0	0	0	555	524	1	
7	0	0	0	0	552	521	1	
8	0	0	0	0	541	516	0	
9	0	0	0	0	522	515	0	
10	0	0	0	0	507	518	0	
11	0	0	0	0	494	522	1	
12	0	0	0	0	485	526	0	
13	0	0	0	0	480	527	0	
14	0	0	0	0	479	528	0	
15	0	0	0	0	480	532	0	
0	0	0	0	0	484	537	1	
1	0	0	0	0	492	543	0	
2	0	0	0	0	498	541	0	
3	0	0	0	0	506	534	0	
4	0	0	0	0	515	520	0	
5	0	0	0	0	518	506	1	
6	0	0	0	0	519	500	0	
7	0	0	0	0	518	500	0	
8	0	0	0	0	518	509	0	
9	0	0	0	0	519	527	0	
10	0	0	0	0	525	540	1	
11	0	0	0	0	534	542	0	
12	0	0	0	0	545	543	0	
13	0	0	0	0	555	542	0	
14	0	0	0	0	563	545	0	
15	0	0	0	0	568	547	1	
0	0	0	0	0	564	545	1	
1	0	0	0	0	551	542	0	
2	0	0	0	0	538	540	0	
3	0	0	0	0	531	536	0	
4	0	0	0	0	528	537	0	
5	0	0	0	0	522	539	0	
6	0	0	0	0	511	542	0	
7	0	0	0	0	503	543	0	
8	0	0	0	0	500	539	0	
9	0	0	0	0	497	539	1	
10	0	0	0	0	497	543	1	
11	0	0	0	0	496	540	0	
12	0	0	0	0	493	536	0	
13	0	0	0	0	493	529	0	
14	0	0	0	0	495	522	0	
15	0	0	0	0	499	517	0	
0	0	0	0	0	504	512	0	
1	0	0	0	0	511	511	0	
2	0	0	0	0	514	518	0	
3	0	0	0	0	513	522	1	
4	0	0	0	0	507	527	1	
5	0	0	0	0	500	519	0	
6	0	0	0	0	494	505	0	
7	0	0	0	0	485	494	0	
8	0	0	0	0	479	486	0	
9	0	0	0	0	475	481	0	
10	0	0	0	0	472	483	0	
11	0	0	0	0	473	492	0	
12	0	0	0	0	475	502	0	
13	0	0	0	0	482	507	0	
14	0	0	0	0	489	514	1	
15	0	0	0	0	495	518	0	
0	0	0	0	0	496	520	0	
1	0	0	0	0	497	527	0	
2	0	0	0	0	498	537	0	
3	0	0	0	0	493	540	1	
4	0	0	0	0	495	539	0	
5	0	0	0	0	495	536	1	
6	0	0	0	0	502	540	1	
7	0	0	0	0	507	543	0	
8	0	0	0	0	516	546	1	
9	0	0	0	0	520	547	0	
10	0	0	0	0	524	549	1	
11	0	0	0	0	525	551	1	
12	0	0	0	0	527	545	1	
13	0	0	0	0	529	542	1	
14	0	0	0	0	532	542	0	
15	0	0	0	0	533	540	0	
0	0	0	0	0	536	536	0	
1	0	0	0	0	532	535	1	
2	0	0	0	0	522	531	1	
3	0	0	0	0	517	526	0	
4	0	0	0	0	515	520	0	
5	0	0	0	0	514	522	0	
6	0	0	0	0	513	527	1	
7	0	0	0	0	510	532	1	
8	0	0	0	0	506	532	0	
9	0	0	0	0	504	531	0	
10	0	0	0	0	504	528	0	
11	0	0	0	0	508	531	1	
12	0	0	0	0	513	531	0	
13	0	0	0	0	510	529	0	
14	0	0	0	0	507	531	0	
15	0	0	0	0	510	532	0	
0	0	0	0	0	515	532	0	
1	0	0	0	0	515	533	1	
2	0	0	0	0	513	539	0	
3	0	0	0	0	508	543	1	
4	0	0	0	0	499	551	1	
5	0	0	0	0	489	552	1	
6	0	0	0	0	481	561	1	
7	0	0	0	0	473	572	0	
8	0	0	0	0	468	577	1	
9	0	0	0	0	468	578	1	
10	0	0	0	0	473	568	1	
11	0	0	0	0	483	554	0	
12	0	0	0	0	489	542	0	
13	0	0	0	0	493	535	0	
14	0	0	0	0	496	528	0	
15	0	0	0	0	499	524	1	
0	0	0	0	0	500	526	0	
1	0	0	0	0	496	529	0	
2	0	0	0	0	493	530	0	
3	0	0	0	0	494	530	0	
4	0	0	0	0	493	526	1	
5	0	0	0	0	494	525	0	
6	0	0	0	0	493	531	0	
7	0	0	0	0	493	533	0	
8	0	0	0	0	494	533	0	
9	0	0	0	0	494	538	1	
10	0	0	0	0	496	539	0	
11	0	0	0	0	496	543	0	
12	0	0	0	0	498	548	1	
13	0	0	0	0	499	547	1	
14	0	0	0	0	502	544	1	
15	0	0	0	0	504	537	1	
0	0	0	0	0	505	531	0	
1	0	0	0	0	504	527	0	
2	0	0	0	0	508	526	0	
3	0	0	0	0	507	524	1	
4	0	0	0	0	501	521	0	
5	0	0	0	0	493	518	0	
6	0	0	0	0	486	513	0	
7	0	0	0	0	478	509	0	
8	0	0	0	0	470	510	1	
9	0	0	0	0	468	518	0	
10	0	0	0	0	467	524	0	
11	0	0	0	0	471	529	0	
12	0	0	0	0	476	539	0	
13	0	0	0	0	483	541	1	
14	0	0	0	0	494	535	0	
15	0	0	0	0	504	531	0	
0	0	0	0	0	511	528	0	
1	0	0	0	0	512	524	0	
2	0	0	0	0	509	521	0	
3	0	0	0	0	508	522	0	
4	0	0	0	0	506	522	0	
5	0	0	0	0	511	525	0	
6	0	0	0	0	514	524	0	
7	0	0	0	0	517	531	0	
8	0	0	0	0	515	541	0	
9	0	0	0	0	512	552	0	
10	0	0	0	0	515	560	1	
11	0	0	0	0	521	557	0	
12	0	0	0	0	528	557	1	
13	0	0	0	0	528	560	1	
14	0	0	0	0	521	552	0	
15	0	0	0	0	513	542	0	
0	0	0	0	0	508	536	0	
1	0	0	0	0	503	532	0	
2	0	0	0	0	502	529	1	
3	0	0	0	0	504	531	0	
4	0	0	0	0	506	532	0	
5	0	0	0	0	507	532	0	
6	0	0	0	0	508	527	0	
7	0	0	0	0	506	524	1	
8	0	0	0	0	503	524	0	
9	0	0	0	0	498	524	0	
10	0	0	0	0	498	524	0	
11	0	0	0	0	498	521	0	
12	0	0	0	0	498	519	0	
13	0	0	0	0	501	515	0	
14	0	0	0	0	507	510	0	
15	0	0	0	0	508	501	0	
0	0	0	0	0	508	492	0	
1	0	0	0	0	508	486	1	
2	0	0	0	0	508	484	0	
3	0	0	0	0	508	486	0	
4	0	0	0	0	505	490	0	
5	0	0	0	0	501	501	0	
6	0	0	0	0	500	500	1	
7	0	0	0	0	501	499	0	
8	0	0	0	0	500	505	0	
9	0	0	0	0	498	510	0	
10	0	0	0	0	495	510	0	
11	0	0	0	0	489	511	1	
12	0	0	0	0	484	515	0	
13	0	0	0	0	482	517	0	
14	0	0	0	0	484	519	0	
15	0	0	0	0	489	522	0	
0	0	0	0	0	494	526	1	
1	0	0	0	0	497	527	0	
2	0	0	0	0	501	524	0	
3	0	0	0	0	504	518	0	
4	0	0	0	0	503	514	1	
5	0	0	0	0	498	515	1	
6	0	0	0	0	491	523	0	
7	0	0	0	0	483	529	0	
8	0	0	0	0	478	535	0	
9	0	0	0	0	472	541	1	
10	0	0	0	0	467	547	1	
11	0	0	0	0	463	552	0	
12	0	0	0	0	465	553	1	
13	0	0	0	0	470	554	1	
14	0	0	0	0	478	554	1	
15	0	0	0	0	483	557	1	
0	0	0	0	0	483	558	0	
1	0	0	0	0	485	559	1	
2	0	0	0	0	487	563	1	
3	0	0	0	0	491	569	1	
4	0	0	0	0	497	574	1	
5	0	0	0	0	501	566	0	
6	0	0	0	0	497	559	1	
7	0	0	0	0	493	547	0	
8	0	0	0	0	482	533	1	
9	0	0	0	0	471	523	0	
10	0	0	0	0	460	514	0	
11	0	0	0	0	452	505	0	
12	0	0	0	0	448	498	0	
13	0	0	0	0	441	488	1	
14	0	0	0	0	439	480	0	
15	0	0	0	0	442	477	0	
0	0	0	0	0	445	475	0	
1	0	0	0	0	454	472	0	
2	0	0	0	0	466	470	0	
3	0	0	0	0	478	467	0	
4	0	0	0	0	481	465	0	
5	0	0	0	0	479	456	0	
6	0	0	0	0	478	453	0	
7	0	0	0	0	475	455	0	
8	0	0	0	0	472	458	0	
9	0	0	0	0	468	463	0	
10	0	0	0	0	471	467	0	
11	0	0	0	0	474	475	0	
12	0	0	0	0	478	483	1	
13	0	0	0	0	486	488	0	
14	0	0	0	0	495	493	0	
15	0	0	0	0	508	495	0	
0	0	0	0	0	519	499	0	
1	0	0	0	0	522	502	1	
2	0	0	0	0	524	501	0	
3	0	0	0	0	523	503	0	
4	0	0	0	0	524	504	0	
5	0	0	0	0	524	509	0	
6	0	0	0	0	520	512	0	
7	0	0	0	0	511	517	0	
8	0	0	0	0	505	523	0	
9	0	0	0	0	497	526	0	
10	0	0	0	0	494	531	0	
11	0	0	0	0	493	535	1	
12	0	0	0	0	495	536	0	
13	0	0	0	0	500	540	0	
14	0	0	0	0	511	547	0	
15	0	0	0	0	516	556	1	
0	0	0	0	0	522	566	1	
1	0	0	0	0	527	568	0	
2	0	0	0	0	534	562	0	
3	0	0	0	0	539	549	1	
4	0	0	0	0	546	533	0	
5	0	0	0	0	553	513	1	
6	0	0	0	0	557	503	0	
7	0	0	0	0	558	501	0	
8	0	0	0	0	553	499	0	
9	0	0	0	0	547	497	0	
10	0	0	0	0	536	499	0	
11	0	0	0	0	526	498	0	
12	0	0	0	0	516	495	0	
13	0	0	0	0	511	492	0	
14	0	0	0	0	511	488	0	
15	0	0	0	0	514	488	0	
0	0	0	0	0	519	491	0	
1	0	0	0	0	523	492	0	
2	0	0	0	0	531	494	0	
3	0	0	0	0	537	496	0	
4	0	0	0	0	540	496	1	
5	0	0	0	0	538	494	0	
6	0	0	0	0	535	494	0	
7	0	0	0	0	538	493	0	
8	0	0	0	0	541	492	0	
9	0	0	0	0	544	495	0	
10	0	0	0	0	547	496	0	
11	0	0	0	0	547	496	0	
12	0	0	0	0	544	497	0	
13	0	0	0	0	543	498	0	
14	0	0	0	0	545	502	1	
15	0	0	0	0	545	507	0	
0	0	0	0	0	545	508	0	
1	0	0	0	0	545	505	0	
2	0	0	0	0	551	505	0	
3	0	0	0	0	561	503	1	
4	0	0	0	0	569	503	0	
5	0	0	0	0	571	497	0	
6	0	0	0	0	571	491	0	
7	0	0	0	0	568	486	0	
8	0	0	0	0	568	483	0	
9	0	0	0	0	575	484	0	
10	0	0	0	0	575	482	0	
11	0	0	0	0	574	478	0	
12	0	0	0	0	573	476	0	
13	0	0	0	0	575	480	0	
14	0	0	0	0	579	481	0	
15	0	0	0	0	581	485	0	
0	0	0	0	0	579	489	0	
1	0	0	0	0	568	490	0	
2	0	0	0	0	561	494	0	
3	0	0	0	0	561	497	0	
4	0	0	0	0	563	500	0	
5	0	0	0	0	569	503	0	
6	0	0	0	0	576	502	0	
7	0	0	0	0	583	504	1	
8	0	0	0	0	588	505	0	
9	0	0	0	0	580	510	0	
10	0	0	0	0	567	513	0	
11	0	0	0	0	553	522	0	
12	0	0	0	0	540	532	1	
13	0	0	0	0	528	533	0	
14	0	0	0	0	517	520	0	
15	0	0	0	0	511	516	0	
0	0	0	0	0	505	515	0	
1	0	0	0	0	505	514	0	
2	0	0	0	0	510	518	0	
3	0	0	0	0	511	514	0	
4	0	0	0	0	513	508	0	
5	0	0	0	0	511	499	0	
6	0	0	0	0	514	492	0	
7	0	0	0	0	515	493	0	
8	0	0	0	0	514	493	0	
9	0	0	0	0	516	496	0	
10	0	0	0	0	516	498	0	
11	0	0	0	0	518	497	0	
12	0	0	0	0	527	497	0	
13	0	0	0	0	540	491	0	
14	0	0	0	0	551	491	0	
15	0	0	0	0	551	492	0	
0	0	0	0	0	544	496	0	
1	0	0	0	0	536	498	0	
2	0	0	0	0	525	499	0	
3	0	0	0	0	516	505	0	
4	0	0	0	0	507	509	0	
5	0	0	0	0	504	516	1	
6	0	0	0	0	506	522	0	
7	0	0	0	0	507	524	0	
8	0	0	0	0	504	528	0	
9	0	0	0	0	499	531	0	
10	0	0	0	0	499	532	1	
11	0	0	0	0	504	534	0	
12	0	0	0	0	507	536	0	
13	0	0	0	0	511	535	0	
14	0	0	0	0	509	530	0	
15	0	0	0	0	507	523	1	
0	0	0	0	0	509	515	0	
1	0	0	0	0	513	508	0	
2	0	0	0	0	517	504	0	
3	0	0	0	0	519	499	0	
4	0	0	0	0	519	496	1	
5	0	0	0	0	521	499	0	
6	0	0	0	0	523	506	0	
7	0	0	0	0	522	517	0	
8	0	0	0	0	522	524	0	
9	0	0	0	0	519	523	0	
10	0	0	0	0	515	510	0	
11	0	0	0	0	508	488	0	
12	0	0	0	0	503	470	0	
13	0	0	0	0	497	462	0	
14	0	0	0	0	495	462	0	
15	0	0	0	0	496	463	0	
0	0	0	0	0	497	462	0	
1	0	0	0	0	502	462	0	
2	0	0	0	0	507	467	0	
3	0	0	0	0	510	475	0	
4	0	0	0	0	515	478	0	
5	0	0	0	0	515	478	0	
6	0	0	0	0	515	475	0	
7	0	0	0	0	515	472	0	
8	0	0	0	0	513	470	0	
9	0	0	0	0	508	467	0	
10	0	0	0	0	506	464	0	
11	0	0	0	0	509	465	0	
12	0	0	0	0	512	463	0	
13	0	0	0	0	518	462	0	
14	0	0	0	0	526	461	0	
15	0	0	0	0	530	459	0	
0	0	0	0	0	534	460	0	
1	0	0	0	0	534	461	0	
2	0	0	0	0	535	458	0	
3	0	0	0	0	536	460	0	
4	0	0	0	0	539	465	0	
5	0	0	0	0	546	477	0	
6	0	0	0	0	552	487	0	
7	0	0	0	0	558	496	0	
8	0	0	0	0	563	501	0	
9	0	0	0	0	558	495	0	
10	0	0	0	0	558	490	0	
11	0	0	0	0	558	480	0	
12	0	0	0	0	561	478	0	
13	0	0	0	0	562	473	0	
14	0	0	0	0	558	466	0	
15	0	0	0	0	553	462	0	
0	0	0	0	0	548	455	0	
1	0	0	0	0	544	456	0	
2	0	0	0	0	545	453	1	
3	0	0	0	0	545	451	0	
4	0	0	0	0	543	449	0	
5	0	0	0	0	542	448	0	
6	0	0	0	0	537	451	0	
7	0	0	0	0	534	455	0	
8	0	0	0	0	530	460	0	
9	0	0	0	0	528	462	0	
10	0	0	0	0	528	464	0	
11	0	0	0	0	528	468	0	
12	0	0	0	0	530	468	1	
13	0	0	0	0	531	467	0	
14	0	0	0	0	530	472	0	
15	0	0	0	0	530	480	0	
0	0	0	0	0	531	483	0	
1	0	0	0	0	529	486	1	
2	0	0	0	0	520	492	0	
3	0	0	0	0	510	487	0	
4	0	0	0	0	506	486	0	
5	0	0	0	0	504	485	1	
6	0	0	0	0	503	487	1	
7	0	0	0	0	504	496	0	
8	0	0	0	0	503	503	1	
9	0	0	0	0	499	507	0	
10	0	0	0	0	494	511	0	
11	0	0	0	0	494	514	1	
12	0	0	0	0	492	512	0	
13	0	0	0	0	490	509	0	
14	0	0	0	0	489	502	0	
15	0	0	0	0	486	496	1	
0	0	0	0	0	482	490	1	
1	0	0	0	0	476	485	0	
2	0	0	0	0	469	484	0	
3	0	0	0	0	461	487	0	
4	0	0	0	0	454	485	0	
5	0	0	0	0	448	484	0	
6	0	0	0	0	444	484	0	
7	0	0	0	0	441	484	0	
8	0	0	0	0	445	489	0	
9	0	0	0	0	452	498	0	
10	0	0	0	0	462	507	0	
11	0	0	0	0	471	512	0	
12	0	0	0	0	480	514	0	
13	0	0	0	0	490	514	0	
14	0	0	0	0	496	513	0	
15	0	0	0	0	498	510	0	
0	0	0	0	0	497	508	0	
1	0	0	0	0	499	510	0	
2	0	0	0	0	499	508	0	
3	0	0	0	0	499	510	0	
4	0	0	0	0	493	516	0	
5	0	0	0	0	485	523	0	
6	0	0	0	0	480	527	0	
7	0	0	0	0	475	527	0	
8	0	0	0	0	475	526	0	
9	0	0	0	0	475	524	1	
10	0	0	0	0	478	523	0	
11	0	0	0	0	488	521	0	
12	0	0	0	0	501	523	0	
13	0	0	0	0	512	527	1	
14	0	0	0	0	519	529	0	
15	0	0	0	0	519	530	0	
0	0	0	0	0	519	526	0	
1	0	0	0	0	518	520	0	
2	0	0	0	0	513	513	1	
3	0	0	0	0	510	511	0	
4	0	0	0	0	503	515	0	
5	0	0	0	0	503	520	0	
6	0	0	0	0	507	524	0	
7	0	0	0	0	516	519	1	
8	0	0	0	0	521	511	0	
9	0	0	0	0	522	503	0	
10	0	0	0	0	524	498	0	
11	0	0	0	0	526	502	0	
12	0	0	0	0	525	507	1	
13	0	0	0	0	518	509	0	
14	0	0	0	0	511	506	0	
15	0	0	0	0	504	509	0	
0	0	0	0	0	494	507	0	
1	0	0	0	0	487	503	1	
2	0	0	0	0	487	505	0	
3	0	0	0	0	488	508	0	
4	0	0	0	0	487	512	0	
5	0	0	0	0	488	515	0	
6	0	0	0	0	487	519	1	
7	0	0	0	0	490	523	0	
8	0	0	0	0	490	524	0	
9	0	0	0	0	491	519	0	
10	0	0	0	0	494	509	0	
11	0	0	0	0	496	500	1	
12	0	0	0	0	497	496	0	
13	0	0	0	0	499	495	0	
14	0	0	0	0	499	496	0	
15	0	0	0	0	502	494	0	
0	0	0	0	0	502	495	1	
1	0	0	0	0	502	497	0	
2	0	0	0	0	499	496	0	
3	0	0	0	0	503	496	0	
4	0	0	0	0	505	499	0	
5	0	0	0	0	506	504	1	
6	0	0	0	0	504	508	0	
7	0	0	0	0	496	507	0	
8	0	0	0	0	496	504	0	
9	0	0	0	0	494	501	0	
10	0	0	0	0	493	500	1	
11	0	0	0	0	492	495	0	
12	0	0	0	0	489	490	0	
13	0	0	0	0	494	482	0	
14	0	0	0	0	504	474	0	
15	0	0	0	0	515	467	0	
0	0	0	0	0	524	465	0	
1	0	0	0	0	522	470	0	
2	0	0	0	0	516	476	0	
3	0	0	0	0	507	483	0	
4	0	0	0	0	501	483	0	
5	0	0	0	0	496	478	0	
6	0	0	0	0	500	471	0	
7	0	0	0	0	510	470	0	
8	0	0	0	0	518	470	0	
9	0	0	0	0	525	471	0	
10	0	0	0	0	528	466	0	
11	0	0	0	0	526	460	0	
12	0	0	0	0	524	457	0	
13	0	0	0	0	524	459	0	
14	0	0	0	0	516	458	1	
15	0	0	0	0	509	456	1	
0	0	0	0	0	503	456	0	
1	0	0	0	0	498	452	0	
2	0	0	0	0	496	449	0	
3	0	0	0	0	493	443	0	
4	0	0	0	0	491	439	1	
5	0	0	0	0	486	435	0	
6	0	0	0	0	479	434	0	
7	0	0	0	0	475	438	0	
8	0	0	0	0	476	452	0	
9	0	0	0	0	480	465	0	
10	0	0	0	0	482	475	0	
11	0	0	0	0	485	482	0	
12	0	0	0	0	489	483	0	
13	0	0	0	0	494	483	1	
14	0	0	0	0	497	483	0	
15	0	0	0	0	499	483	0	
0	0	0	0	0	505	483	1	
1	0	0	0	0	510	481	0	
2	0	0	0	0	518	483	0	
3	0	0	0	0	526	485	1	
4	0	0	0	0	533	489	0	
5	0	0	0	0	541	494	0	
6	0	0	0	0	548	508	0	
7	0	0	0	0	553	513	1	
8	0	0	0	0	559	510	0	
9	0	0	0	0	561	505	0	
10	0	0	0	0	558	503	0	
11	0	0	0	0	548	501	0	
12	0	0	0	0	539	500	0	
13	0	0	0	0	534	501	0	
14	0	0	0	0	529	501	0	
15	0	0	0	0	529	503	0	
0	0	0	0	0	533	507	0	
1	0	0	0	0	533	507	1	
2	0	0	0	0	535	507	0	
3	0	0	0	0	536	507	0	
4	0	0	0	0	536	507	0	
5	0	0	0	0	543	508	0	
6	0	0	0	0	550	510	0	
7	0	0	0	0	561	515	1	
8	0	0	0	0	572	517	0	
9	0	0	0	0	583	518	0	
10	0	0	0	0	584	520	0	
11	0	0	0	0	585	519	0	
12	0	0	0	0	587	523	0	
13	0	0	0	0	577	528	0	
14	0	0	0	0	563	540	0	
15	0	0	0	0	551	551	1	
0	0	0	0	0	542	559	1	
1	0	0	0	0	535	558	0	
2	0	0	0	0	529	552	0	
3	0	0	0	0	527	551	1	
4	0	0	0	0	527	554	1	
5	0	0	0	0	526	556	1	
6	0	0	0	0	524	558	0	
7	0	0	0	0	519	556	0	
8	0	0	0	0	516	554	1	
9	0	0	0	0	515	551	1	
10	0	0	0	0	517	550	1	
11	0	0	0	0	518	549	0	
12	0	0	0	0	519	547	0	
13	0	0	0	0	524	547	1	
14	0	0	0	0	525	546	0	
15	0	0	0	0	529	534	1	
0	0	0	0	0	531	516	0	
1	0	0	0	0	534	506	0	
2	0	0	0	0	537	504	0	
3	0	0	0	0	540	513	0	
4	0	0	0	0	545	519	1	
5	0	0	0	0	551	522	0	
6	0	0	0	0	554	521	0	
7	0	0	0	0	561	517	0	
8	0	0	0	0	560	514	1	
9	0	0	0	0	553	519	1	
10	0	0	0	0	544	524	0	
11	0	0	0	0	530	527	0	
12	0	0	0	0	520	531	0	
13	0	0	0	0	514	532	0	
14	0	0	0	0	512	533	1	
15	0	0	0	0	510	535	0	
0	0	0	0	0	504	535	0	
1	0	0	0	0	500	538	0	
2	0	0	0	0	499	544	0	
3	0	0	0	0	496	550	1	
4	0	0	0	0	496	548	0	
5	0	0	0	0	493	543	0	
6	0	0	0	0	495	536	0	
7	0	0	0	0	501	532	0	
8	0	0	0	0	511	531	1	
9	0	0	0	0	522	531	1	
10	0	0	0	0	529	529	0	
11	0	0	0	0	529	525	0	
12	0	0	0	0	528	527	0	
13	0	0	0	0	523	536	1	
14	0	0	0	0	518	551	0	
15	0	0	0	0	517	561	0	
0	0	0	0	0	515	559	1	
1	0	0	0	0	510	559	1	
2	0	0	0	0	502	551	1	
3	0	0	0	0	492	541	0	
4	0	0	0	0	486	535	0	
5	0	0	0	0	483	531	0	
6	0	0	0	0	482	528	0	
7	0	0	0	0	485	528	0	
8	0	0	0	0	491	528	0	
9	0	0	0	0	497	526	0	
10	0	0	0	0	504	527	0	
11	0	0	0	0	510	523	0	
12	0	0	0	0	515	524	0	
13	0	0	0	0	521	527	0	
14	0	0	0	0	523	524	0	
15	0	0	0	0	526	530	0	
0	0	0	0	0	530	537	0	
1	0	0	0	0	536	544	1	
2	0	0	0	0	541	547	0	
3	0	0	0	0	542	549	0	
4	0	0	0	0	543	551	1	
5	0	0	0	0	538	550	1	
6	0	0	0	0	536	551	1	
7	0	0	0	0	534	546	0	
8	0	0	0	0	530	541	0	
9	0	0	0	0	529	533	0	
10	0	0	0	0	529	529	0	
11	0	0	0	0	529	523	0	
12	0	0	0	0	532	520	0	
13	0	0	0	0	538	521	0	
14	0	0	0	0	544	525	0	
15	0	0	0	0	554	532	0	
0	0	0	0	0	567	534	0	
1	0	0	0	0	578	534	0	
2	0	0	0	0	582	529	0	
3	0	0	0	0	581	521	0	
4	0	0	0	0	576	512	0	
5	0	0	0	0	571	508	0	
6	0	0	0	0	567	509	1	
7	0	0	0	0	568	509	0	
8	0	0	0	0	567	509	0	
9	0	0	0	0	568	508	0	
10	0	0	0	0	568	505	0	
11	0	0	0	0	566	506	1	
12	0	0	0	0	563	506	0	
13	0	0	0	0	561	500	0	
14	0	0	0	0	563	493	0	
15	0	0	0	0	562	492	1	
0	0	0	0	0	559	496	1	
1	0	0	0	0	552	500	0	
2	0	0	0	0	549	504	0	
3	0	0	0	0	545	511	0	
4	0	0	0	0	540	518	1	
5	0	0	0	0	533	520	1	
6	0	0	0	0	527	516	0	
7	0	0	0	0	517	506	0	
8	0	0	0	0	511	502	0	
9	0	0	0	0	510	499	0	
10	0	0	0	0	512	502	1	
11	0	0	0	0	515	500	0	
12	0	0	0	0	516	503	0	
13	0	0	0	0	515	504	0	
14	0	0	0	0	519	506	0	
15	0	0	0	0	527	509	0	
0	0	0	0	0	532	510	0	
1	0	0	0	0	532	516	0	
2	0	0	0	0	528	518	0	
3	0	0	0	0	524	516	0	
4	0	0	0	0	518	513	1	
5	0	0	0	0	513	508	0	
6	0	0	0	0	511	507	0	
7	0	0	0	0	510	504	0	
8	0	0	0	0	507	502	1	
9	0	0	0	0	506	507	0	
10	0	0	0	0	501	508	0	
11	0	0	0	0	496	510	0	
12	0	0	0	0	492	514	0	
13	0	0	0	0	487	520	1	
14	0	0	0	0	489	521	0	
15	0	0	0	0	492	522	0	
0	0	0	0	0	494	527	0	
1	0	0	0	0	497	531	0	
2	0	0	0	0	503	536	1	
3	0	0	0	0	507	531	0	
4	0	0	0	0	504	524	0	
5	0	0	0	0	502	518	0	
6	0	0	0	0	499	514	0	
7	0	0	0	0	498	517	1	
8	0	0	0	0	504	524	1	
9	0	0	0	0	510	530	0	
10	0	0	0	0	516	527	0	
11	0	0	0	0	527	521	0	
12	0	0	0	0	537	524	1	
13	0	0	0	0	544	531	0	
14	0	0	0	0	542	544	0	
15	0	0	0	0	539	554	1	
0	0	0	0	0	537	561	1	
1	0	0	0	0	532	563	1	
2	0	0	0	0	527	560	0	
3	0	0	0	0	518	556	0	
4	0	0	0	0	513	548	1	
5	0	0	0	0	509	546	1	
6	0	0	0	0	499	547	1	
7	0	0	0	0	492	551	0	
8	0	0	0	0	484	547	0	
9	0	0	0	0	480	535	0	
10	0	0	0	0	480	527	0	
11	0	0	0	0	480	523	0	
12	0	0	0	0	482	527	0	
13	0	0	0	0	484	535	0	
14	0	0	0	0	491	547	1	
15	0	0	0	0	488	558	1	
0	0	0	0	0	492	564	1	
1	0	0	0	0	499	568	1	
2	0	0	0	0	506	563	0	
3	0	0	0	0	513	562	1	
4	0	0	0	0	513	556	1	
5	0	0	0	0	516	558	1	
6	0	0	0	0	520	566	1	
7	0	0	0	0	519	572	0	
8	0	0	0	0	516	576	1	
9	0	0	0	0	514	572	1	
10	0	0	0	0	514	568	1	
11	0	0	0	0	513	562	1	
12	0	0	0	0	508	551	0	
13	0	0	0	0	506	541	0	
14	0	0	0	0	507	527	0	
15	0	0	0	0	512	519	1	
0	0	0	0	0	519	515	1	
1	0	0	0	0	522	518	0	
2	0	0	0	0	520	522	0	
3	0	0	0	0	523	526	0	
4	0	0	0	0	525	529	1	
5	0	0	0	0	527	528	0	
6	0	0	0	0	523	524	0	
7	0	0	0	0	523	518	0	
8	0	0	0	0	519	512	0	
9	0	0	0	0	513	506	1	
10	0	0	0	0	513	503	0	
11	0	0	0	0	519	501	0	
12	0	0	0	0	528	497	0	
13	0	0	0	0	534	497	0	
14	0	0	0	0	538	501	0	
15	0	0	0	0	540	504	1	
0	0	0	0	0	539	503	0	
1	0	0	0	0	541	497	0	
2	0	0	0	0	545	494	0	
3	0	0	0	0	544	493	0	
4	0	0	0	0	541	499	1	
5	0	0	0	0	533	502	0	
6	0	0	0	0	527	509	0	
7	0	0	0	0	523	518	0	
8	0	0	0	0	515	519	0	
9	0	0	0	0	508	518	0	
10	0	0	0	0	503	515	0	
11	0	0	0	0	503	512	0	
12	0	0	0	0	506	517	0	
13	0	0	0	0	510	526	1	
14	0	0	0	0	510	536	0	
15	0	0	0	0	510	533	0	
0	0	0	0	0	512	526	0	
1	0	0	0	0	510	520	0	
2	0	0	0	0	507	519	0	
3	0	0	0	0	509	518	1	
4	0	0	0	0	511	515	0	
5	0	0	0	0	515	514	0	
6	0	0	0	0	519	516	0	
7	0	0	0	0	522	519	0	
8	0	0	0	0	529	523	0	
9	0	0	0	0	536	521	0	
10	0	0	0	0	543	522	0	
11	0	0	0	0	542	521	0	
12	0	0	0	0	538	519	0	
13	0	0	0	0	534	518	1	
14	0	0	0	0	527	524	0	
15	0	0	0	0	525	530	0	
0	0	0	0	0	524	536	0	
1	0	0	0	0	516	538	1	
2	0	0	0	0	509	538	0	
3	0	0	0	0	507	535	0	
4	0	0	0	0	505	527	0	
5	0	0	0	0	502	520	0	
6	0	0	0	0	500	519	0	
7	0	0	0	0	499	519	0	
8	0	0	0	0	496	519	0	
9	0	0	0	0	497	520	0	
10	0	0	0	0	493	527	0	
11	0	0	0	0	488	536	1	
12	0	0	0	0	481	546	0	
13	0	0	0	0	476	550	0	
14	0	0	0	0	475	550	1	
15	0	0	0	0	472	547	1	
0	0	0	0	0	469	536	1	
1	0	0	0	0	467	525	0	
2	0	0	0	0	465	511	0	
3	0	0	0	0	468	503	0	
4	0	0	0	0	477	494	0	
5	0	0	0	0	485	487	1	
6	0	0	0	0	491	483	0	
7	0	0	0	0	489	478	0	
8	0	0	0	0	485	476	0	
9	0	0	0	0	481	477	0	
10	0	0	0	0	477	479	1	
11	0	0	0	0	474	480	0	
12	0	0	0	0	470	482	0	
13	0	0	0	0	468	485	0	
14	0	0	0	0	472	488	0	
15	0	0	0	0	477	498	1	
0	0	0	0	0	486	513	0	
1	0	0	0	0	490	522	0	
2	0	0	0	0	492	520	0	
3	0	0	0	0	493	518	0	
4	0	0	0	0	497	513	0	
5	0	0	0	0	504	505	0	
6	0	0	0	0	513	497	0	
7	0	0	0	0	520	493	0	
8	0	0	0	0	523	493	0	
9	0	0	0	0	521	494	1	
10	0	0	0	0	525	495	0	
11	0	0	0	0	527	497	0	
12	0	0	0	0	530	499	0	
13	0	0	0	0	530	504	0	
14	0	0	0	0	535	510	1	
15	0	0	0	0	537	511	0	
0	0	0	0	0	539	515	0	
1	0	0	0	0	543	524	0	
2	0	0	0	0	545	534	0	
3	0	0	0	0	548	543	1	
4	0	0	0	0	548	547	0	
5	0	0	0	0	548	543	0	
6	0	0	0	0	553	545	0	
7	0	0	0	0	561	543	0	
8	0	0	0	0	569	539	1	
9	0	0	0	0	571	534	0	
10	0	0	0	0	564	526	0	
11	0	0	0	0	557	516	0	
12	0	0	0	0	552	504	0	
13	0	0	0	0	548	498	1	
14	0	0	0	0	540	493	0	
15	0	0	0	0	533	491	0	
0	0	0	0	0	531	489	0	
1	0	0	0	0	530	487	0	
2	0	0	0	0	533	484	0	
3	0	0	0	0	536	479	0	
4	0	0	0	0	534	480	0	
5	0	0	0	0	535	476	0	
6	0	0	0	0	536	472	0	
7	0	0	0	0	538	472	1	
8	0	0	0	0	539	473	0	
9	0	0	0	0	532	478	0	
10	0	0	0	0	525	489	0	
11	0	0	0	0	521	502	0	
12	0	0	0	0	520	510	1	
13	0	0	0	0	517	515	0	
14	0	0	0	0	511	519	0	
15	0	0	0	0	505	521	0	
0	0	0	0	0	502	516	0	
1	0	0	0	0	498	510	1	
2	0	0	0	0	496	508	0	
3	0	0	0	0	493	504	0	
4	0	0	0	0	494	503	0	
5	0	0	0	0	494	503	0	
6	0	0	0	0	499	508	0	
7	0	0	0	0	506	520	0	
8	0	0	0	0	514	527	0	
9	0	0	0	0	521	531	0	
10	0	0	0	0	523	528	0	
11	0	0	0	0	525	528	0	
12	0	0	0	0	528	523	0	
13	0	0	0	0	527	508	0	
14	0	0	0	0	525	497	0	
15	0	0	0	0	518	492	0	
0	0	0	0	0	517	489	0	
1	0	0	0	0	522	487	0	
2	0	0	0	0	531	486	0	
3	0	0	0	0	541	483	0	
4	0	0	0	0	549	476	0	
5	0	0	0	0	559	472	0	
6	0	0	0	0	562	467	0	
7	0	0	0	0	557	460	0	
8	0	0	0	0	551	453	0	
9	0	0	0	0	546	450	0	
10	0	0	0	0	542	455	0	
11	0	0	0	0	540	457	1	
12	0	0	0	0	534	455	0	
13	0	0	0	0	528	454	0	
14	0	0	0	0	520	455	0	
15	0	0	0	0	516	463	0	
0	0	0	0	0	521	464	1	
1	0	0	0	0	526	463	0	
2	0	0	0	0	529	465	0	
3	0	0	0	0	529	464	0	
4	0	0	0	0	527	458	0	
5	0	0	0	0	527	452	0	
6	0	0	0	0	526	442	0	
7	0	0	0	0	525	435	0	
8	0	0	0	0	523	433	0	
9	0	0	0	0	520	434	0	
10	0	0	0	0	519	436	0	
11	0	0	0	0	517	434	0	
12	0	0	0	0	516	432	0	
13	0	0	0	0	518	435	0	
14	0	0	0	0	523	441	0	
15	0	0	0	0	530	450	0	
0	0	0	0	0	532	451	0	
1	0	0	0	0	533	447	0	
2	0	0	0	0	531	442	0	
3	0	0	0	0	529	435	0	
4	0	0	0	0	527	435	0	
5	0	0	0	0	524	438	0	
6	0	0	0	0	522	441	0	
7	0	0	0	0	521	443	0	
8	0	0	0	0	526	447	0	
9	0	0	0	0	527	452	0	
10	0	0	0	0	527	458	0	
11	0	0	0	0	529	467	0	
12	0	0	0	0	530	483	0	
13	0	0	0	0	527	502	1	
14	0	0	0	0	525	516	1	
15	0	0	0	0	526	520	0	
0	0	0	0	0	526	509	0	
1	0	0	0	0	528	499	0	
2	0	0	0	0	532	487	1	
3	0	0	0	0	540	488	0	
4	0	0	0	0	547	495	0	
5	0	0	0	0	553	499	0	
6	0	0	0	0	555	501	0	
7	0	0	0	0	553	495	1	
8	0	0	0	0	549	494	0	
9	0	0	0	0	543	492	0	
10	0	0	0	0	546	488	0	
11	0	0	0	0	549	488	0	
12	0	0	0	0	551	486	1	
13	0	0	0	0	547	493	0	
14	0	0	0	0	540	502	0	
15	0	0	0	0	531	510	0	
0	0	0	0	0	519	518	0	
1	0	0	0	0	508	524	1	
2	0	0	0	0	494	534	0	
3	0	0	0	0	480	540	0	
4	0	0	0	0	475	537	0	
5	0	0	0	0	473	531	0	
6	0	0	0	0	476	530	1	
7	0	0	0	0	486	527	1	
8	0	0	0	0	491	524	0	
9	0	0	0	0	491	518	0	
10	0	0	0	0	489	515	0	
11	0	0	0	0	489	515	1	
12	0	0	0	0	488	514	0	
13	0	0	0	0	487	512	0	
14	0	0	0	0	493	513	0	
15	0	0	0	0	500	515	0	
0	0	0	0	0	504	523	1	
1	0	0	0	0	502	528	0	
2	0	0	0	0	496	531	0	
3	0	0	0	0	495	534	0	
4	0	0	0	0	497	535	0	
5	0	0	0	0	502	540	1	
6	0	0	0	0	508	539	0	
7	0	0	0	0	510	532	0	
8	0	0	0	0	513	522	0	
9	0	0	0	0	519	517	0	
10	0	0	0	0	527	514	1	
11	0	0	0	0	532	512	1	
12	0	0	0	0	531	510	0	
13	0	0	0	0	530	517	0	
14	0	0	0	0	530	524	0	
15	0	0	0	0	533	529	1	
0	0	0	0	0	540	523	0	
1	0	0	0	0	545	517	0	
2	0	0	0	0	547	512	0	
3	0	0	0	0	545	514	0	
4	0	0	0	0	544	526	1	
5	0	0	0	0	544	528	0	
6	0	0	0	0	542	530	0	
7	0	0	0	0	544	532	0	
8	0	0	0	0	539	532	0	
9	0	0	0	0	536	530	0	
10	0	0	0	0	533	526	0	
11	0	0	0	0	530	521	0	
12	0	0	0	0	527	520	0	
13	0	0	0	0	521	519	0	
14	0	0	0	0	519	519	0	
15	0	0	0	0	518	519	0	
0	0	0	0	0	515	516	0	
1	0	0	0	0	518	518	0	
2	0	0	0	0	517	521	0	
3	0	0	0	0	515	527	0	
4	0	0	0	0	516	534	0	
5	0	0	0	0	515	534	0	
6	0	0	0	0	520	536	0	
7	0	0	0	0	521	536	0	
8	0	0	0	0	518	536	0	
9	0	0	0	0	508	537	1	
10	0	0	0	0	495	535	0	
11	0	0	0	0	488	530	0	
12	0	0	0	0	487	526	0	
13	0	0	0	0	486	524	0	
14	0	0	0	0	486	524	1	
15	0	0	0	0	486	525	0	
0	0	0	0	0	483	527	0	
1	0	0	0	0	480	527	0	
2	0	0	0	0	478	527	0	
3	0	0	0	0	475	529	0	
4	0	0	0	0	475	527	0	
5	0	0	0	0	474	527	0	
6	0	0	0	0	469	523	0	
7	0	0	0	0	468	521	0	
8	0	0	0	0	474	524	1	
9	0	0	0	0	483	525	0	
10	0	0	0	0	492	527	0	
11	0	0	0	0	494	530	0	
12	0	0	0	0	498	528	0	
13	0	0	0	0	506	535	0	
14	0	0	0	0	513	540	0	
15	0	0	0	0	521	545	0	
0	0	0	0	0	520	544	0	
1	0	0	0	0	519	537	0	
2	0	0	0	0	519	530	0	
3	0	0	0	0	520	522	0	
4	0	0	0	0	521	516	0	
5	0	0	0	0	518	511	0	
6	0	0	0	0	517	503	0	
7	0	0	0	0	511	493	1	
8	0	0	0	0	501	489	0	
9	0	0	0	0	491	490	0	
10	0	0	0	0	480	496	0	
11	0	0	0	0	475	504	1	
12	0	0	0	0	483	505	0	
13	0	0	0	0	489	508	0	
14	0	0	0	0	496	515	0	
15	0	0	0	0	497	520	0	
0	0	0	0	0	496	527	1	
1	0	0	0	0	496	533	0	
2	0	0	0	0	494	535	0	
3	0	0	0	0	490	536	0	
4	0	0	0	0	487	532	0	
5	0	0	0	0	481	528	1	
6	0	0	0	0	479	523	0	
7	0	0	0	0	478	514	0	
8	0	0	0	0	479	502	0	
9	0	0	0	0	478	490	0	
10	0	0	0	0	480	481	1	
11	0	0	0	0	482	476	0	
12	0	0	0	0	486	472	0	
13	0	0	0	0	491	473	0	
14	0	0	0	0	496	475	0	
15	0	0	0	0	501	476	0	
0	0	0	0	0	506	479	0	
1	0	0	0	0	510	486	0	
2	0	0	0	0	512	497	0	
3	0	0	0	0	513	507	0	
4	0	0	0	0	515	521	1	
5	0	0	0	0	517	527	0	
6	0	0	0	0	516	519	0	
7	0	0	0	0	513	508	0	
8	0	0	0	0	510	500	0	
9	0	0	0	0	505	495	1	
10	0	0	0	0	499	492	0	
11	0	0	0	0	496	487	0	
12	0	0	0	0	497	480	0	
13	0	0	0	0	499	476	0	
14	0	0	0	0	502	479	1	
15	0	0	0	0	503	481	0	
0	0	0	0	0	500	483	0	
1	0	0	0	0	497	488	0	
2	0	0	0	0	491	492	0	
3	0	0	0	0	486	495	0	
4	0	0	0	0	480	503	0	
5	0	0	0	0	479	509	0	
6	0	0	0	0	486	512	0	
7	0	0	0	0	495	507	0	
8	0	0	0	0	502	508	0	
9	0	0	0	0	505	514	0	
10	0	0	0	0	506	520	0	
11	0	0	0	0	508	530	0	
12	0	0	0	0	508	535	0	
13	0	0	0	0	508	531	0	
14	0	0	0	0	508	520	1	
15	0	0	0	0	506	507	0	
0	0	0	0	0	503	496	0	
1	0	0	0	0	499	486	0	
2	0	0	0	0	496	478	0	
3	0	0	0	0	497	475	1	
4	0	0	0	0	503	476	0	
5	0	0	0	0	513	486	0	
6	0	0	0	0	518	487	0	
7	0	0	0	0	522	482	1	
8	0	0	0	0	521	479	0	
9	0	0	0	0	519	478	0	
10	0	0	0	0	520	475	0	
11	0	0	0	0	518	474	0	
12	0	0	0	0	515	474	1	
13	0	0	0	0	511	473	1	
14	0	0	0	0	508	477	0	
15	0	0	0	0	504	483	0	
0	0	0	0	0	503	492	0	
1	0	0	0	0	508	503	0	
2	0	0	0	0	514	513	0	
3	0	0	0	0	520	523	0	
4	0	0	0	0	525	529	0	
5	0	0	0	0	529	530	0	
6	0	0	0	0	536	527	0	
7	0	0	0	0	545	521	1	
8	0	0	0	0	547	515	0	
9	0	0	0	0	554	510	0	
10	0	0	0	0	558	507	0	
11	0	0	0	0	563	507	0	
12	0	0	0	0	560	508	0	
13	0	0	0	0	555	507	0	
14	0	0	0	0	548	509	0	
15	0	0	0	0	545	512	0	
0	0	0	0	0	544	515	0	
1	0	0	0	0	537	516	0	
2	0	0	0	0	530	512	0	
3	0	0	0	0	528	507	0	
4	0	0	0	0	529	509	0	
5	0	0	0	0	530	517	1	
6	0	0	0	0	532	529	1	
7	0	0	0	0	529	538	0	
8	0	0	0	0	515	532	0	
9	0	0	0	0	502	522	1	
10	0	0	0	0	491	512	0	
11	0	0	0	0	485	505	1	
12	0	0	0	0	476	502	0	
13	0	0	0	0	470	497	0	
14	0	0	0	0	463	493	0	
15	0	0	0	0	457	484	1	
0	0	0	0	0	459	475	1	
1	0	0	0	0	460	468	0	
2	0	0	0	0	467	467	0	
3	0	0	0	0	473	471	0	
4	0	0	0	0	475	474	1	
5	0	0	0	0	472	476	1	
6	0	0	0	0	469	477	0	
7	0	0	0	0	467	479	0	
8	0	0	0	0	468	486	0	
9	0	0	0	0	468	495	0	
10	0	0	0	0	472	504	1	
11	0	0	0	0	476	510	0	
12	0	0	0	0	483	519	0	
13	0	0	0	0	494	527	0	
14	0	0	0	0	504	536	0	
15	0	0	0	0	514	542	0	
0	0	0	0	0	511	544	0	
1	0	0	0	0	504	541	0	
2	0	0	0	0	495	540	0	
3	0	0	0	0	486	540	1	
4	0	0	0	0	479	536	0	
5	0	0	0	0	472	533	0	
6	0	0	0	0	472	530	0	
7	0	0	0	0	477	531	0	
8	0	0	0	0	478	534	1	
9	0	0	0	0	481	531	0	
10	0	0	0	0	487	528	0	
11	0	0	0	0	490	528	0	
12	0	0	0	0	491	535	0	
13	0	0	0	0	489	537	1	
14	0	0	0	0	487	532	0	
15	0	0	0	0	479	524	0	
0	0	0	0	0	475	518	0	
1	0	0	0	0	475	514	0	
2	0	0	0	0	479	509	1	
3	0	0	0	0	484	507	0	
4	0	0	0	0	485	507	0	
5	0	0	0	0	489	512	0	
6	0	0	0	0	489	512	0	
7	0	0	0	0	489	512	1	
8	0	0	0	0	491	510	0	
9	0	0	0	0	490	512	0	
10	0	0	0	0	490	520	0	
11	0	0	0	0	492	531	0	
12	0	0	0	0	492	539	1	
13	0	0	0	0	494	544	0	
14	0	0	0	0	496	544	0	
15	0	0	0	0	499	540	1	
0	0	0	0	0	506	536	0	
1	0	0	0	0	514	528	1	
2	0	0	0	0	520	520	0	
3	0	0	0	0	520	515	0	
4	0	0	0	0	517	516	0	
5	0	0	0	0	518	518	0	
6	0	0	0	0	524	521	1	
7	0	0	0	0	529	525	0	
8	0	0	0	0	529	524	0	
9	0	0	0	0	528	523	0	
10	0	0	0	0	526	521	0	
11	0	0	0	0	521	518	1	
12	0	0	0	0	520	512	0	
13	0	0	0	0	515	511	0	
14	0	0	0	0	513	511	0	
15	0	0	0	0	511	507	0	
0	0	0	0	0	511	510	1	
1	0	0	0	0	508	515	0	
2	0	0	0	0	504	523	0	
3	0	0	0	0	505	531	0	
4	0	0	0	0	508	539	0	
5	0	0	0	0	507	543	1	
6	0	0	0	0	511	544	1	
7	0	0	0	0	511	545	1	
8	0	0	0	0	512	543	0	
9	0	0	0	0	519	537	0	
10	0	0	0	0	524	531	1	
11	0	0	0	0	528	531	1	
12	0	0	0	0	531	534	0	
13	0	0	0	0	537	533	0	
14	0	0	0	0	543	529	0	
15	0	0	0	0	548	534	0	
0	0	0	0	0	552	539	0	
1	0	0	0	0	551	542	0	
2	0	0	0	0	557	540	0	
3	0	0	0	0	565	533	0	
4	0	0	0	0	571	527	0	
5	0	0	0	0	573	523	1	
6	0	0	0	0	563	514	0	
7	0	0	0	0	553	507	0	
8	0	0	0	0	542	504	0	
9	0	0	0	0	536	508	1	
10	0	0	0	0	531	514	1	
11	0	0	0	0	525	519	0	
12	0	0	0	0	520	523	0	
13	0	0	0	0	519	524	0	
14	0	0	0	0	521	527	0	
15	0	0	0	0	518	528	0	
0	0	0	0	0	509	532	0	
1	0	0	0	0	503	535	0	
2	0	0	0	0	504	535	0	
3	0	0	0	0	506	536	0	
4	0	0	0	0	508	543	1	
5	0	0	0	0	512	550	0	
6	0	0	0	0	517	558	1	
7	0	0	0	0	521	551	1	
8	0	0	0	0	519	541	1	
9	0	0	0	0	518	532	0	
10	0	0	0	0	515	524	0	
11	0	0	0	0	511	520	0	
12	0	0	0	0	508	523	0	
13	0	0	0	0	508	528	1	
14	0	0	0	0	512	535	0	
15	0	0	0	0	519	540	0	
0	0	0	0	0	525	544	1	
1	0	0	0	0	525	552	1	
2	0	0	0	0	523	555	1	
3	0	0	0	0	523	553	0	
4	0	0	0	0	523	547	0	
5	0	0	0	0	527	539	1	
6	0	0	0	0	527	532	0	
7	0	0	0	0	525	527	0	
8	0	0	0	0	521	515	1	
9	0	0	0	0	515	511	0	
10	0	0	0	0	505	508	0	
11	0	0	0	0	500	511	0	
12	0	0	0	0	497	515	1	
13	0	0	0	0	496	515	0	
14	0	0	0	0	496	515	0	
15	0	0	0	0	496	517	0	
0	0	0	0	0	502	516	0	
1	0	0	0	0	508	519	0	
2	0	0	0	0	511	524	0	
3	0	0	0	0	509	528	0	
4	0	0	0	0	511	532	0	
5	0	0	0	0	513	534	0	
6	0	0	0	0	519	536	1	
7	0	0	0	0	527	542	0	
8	0	0	0	0	529	554	0	
9	0	0	0	0	530	562	1	
10	0	0	0	0	532	560	1	
11	0	0	0	0	535	556	1	
12	0	0	0	0	536	552	0	
13	0	0	0	0	531	550	0	
14	0	0	0	0	528	551	1	
15	0	0	0	0	525	548	1	
0	0	0	0	0	526	544	1	
1	0	0	0	0	527	542	0	
2	0	0	0	0	527	546	0	
3	0	0	0	0	526	557	0	
4	0	0	0	0	524	559	1	
5	0	0	0	0	522	551	1	
6	0	0	0	0	521	539	0	
7	0	0	0	0	520	527	0	
8	0	0	0	0	516	520	0	
9	0	0	0	0	512	515	0	
10	0	0	0	0	511	512	1	
11	0	0	0	0	513	507	0	
12	0	0	0	0	513	507	0	
13	0	0	0	0	514	507	0	
14	0	0	0	0	515	511	0	
15	0	0	0	0	514	516	1	
0	0	0	0	0	514	518	0	
1	0	0	0	0	516	514	0	
2	0	0	0	0	523	512	0	
3	0	0	0	0	532	507	0	
4	0	0	0	0	545	504	0	
5	0	0	0	0	554	499	0	
6	0	0	0	0	558	495	0	
7	0	0	0	0	560	493	0	
8	0	0	0	0	563	492	0	
9	0	0	0	0	564	497	1	
10	0	0	0	0	560	497	0	
11	0	0	0	0	552	497	0	
12	0	0	0	0	543	495	0	
13	0	0	0	0	539	489	0	
14	0	0	0	0	535	484	1	
15	0	0	0	0	531	483	0	
0	0	0	0	0	530	487	0	
1	0	0	0	0	533	489	0	
2	0	0	0	0	535	488	0	
3	0	0	0	0	537	490	1	
4	0	0	0	0	541	494	0	
5	0	0	0	0	539	501	0	
6	0	0	0	0	537	510	0	
7	0	0	0	0	535	519	0	
8	0	0	0	0	533	526	1	
9	0	0	0	0	532	526	0	
10	0	0	0	0	533	526	0	
11	0	0	0	0	535	525	0	
12	0	0	0	0	535	528	0	
13	0	0	0	0	532	532	0	
14	0	0	0	0	529	537	1	
15	0	0	0	0	528	536	0	
0	0	0	0	0	525	531	0	
1	0	0	0	0	523	528	0	
2	0	0	0	0	523	524	1	
3	0	0	0	0	524	523	1	
4	0	0	0	0	530	521	0	
5	0	0	0	0	534	523	0	
6	0	0	0	0	534	520	0	
7	0	0	0	0	531	519	0	
8	0	0	0	0	527	524	0	
9	0	0	0	0	524	526	0	
10	0	0	0	0	524	531	0	
11	0	0	0	0	521	536	0	
12	0	0	0	0	520	544	1	
13	0	0	0	0	520	540	1	
14	0	0	0	0	520	524	0	
15	0	0	0	0	512	509	0	
0	0	0	0	0	508	500	0	
1	0	0	0	0	500	495	0	
2	0	0	0	0	491	490	0	
3	0	0	0	0	483	491	0	
4	0	0	0	0	478	493	0	
5	0	0	0	0	474	496	0	
6	0	0	0	0	468	502	0	
7	0	0	0	0	465	502	1	
8	0	0	0	0	463	502	0	
9	0	0	0	0	464	504	0	
10	0	0	0	0	470	511	0	
11	0	0	0	0	478	515	1	
12	0	0	0	0	486	518	1	
13	0	0	0	0	495	523	0	
14	0	0	0	0	508	532	0	
15	0	0	0	0	523	543	0	
0	0	0	0	0	539	552	1	
1	0	0	0	0	552	562	1	
2	0	0	0	0	558	568	1	
3	0	0	0	0	557	571	1	
4	0	0	0	0	556	567	1	
5	0	0	0	0	555	556	1	
6	0	0	0	0	551	546	0	
7	0	0	0	0	548	534	0	
8	0	0	0	0	545	522	0	
9	0	0	0	0	535	515	0	
10	0	0	0	0	521	513	0	
11	0	0	0	0	509	516	1	
12	0	0	0	0	497	515	0	
13	0	0	0	0	491	511	0	
14	0	0	0	0	488	500	0	
15	0	0	0	0	490	489	0	
0	0	0	0	0	491	482	0	
1	0	0	0	0	485	483	0	
2	0	0	0	0	483	483	0	
3	0	0	0	0	485	483	0	
4	0	0	0	0	487	486	1	
5	0	0	0	0	491	490	0	
6	0	0	0	0	496	496	0	
7	0	0	0	0	501	499	0	
8	0	0	0	0	503	503	0	
9	0	0	0	0	497	513	1	
10	0	0	0	0	487	523	0	
11	0	0	0	0	478	523	0	
12	0	0	0	0	470	520	0	
13	0	0	0	0	462	520	0	
14	0	0	0	0	455	524	1	
15	0	0	0	0	452	525	0	
0	0	0	0	0	451	527	0	
1	0	0	0	0	455	535	1	
2	0	0	0	0	463	551	0	
3	0	0	0	0	470	557	1	
4	0	0	0	0	475	556	0	
5	0	0	0	0	477	553	0	
6	0	0	0	0	473	550	0	
7	0	0	0	0	469	541	0	
8	0	0	0	0	468	531	1	
9	0	0	0	0	471	518	0	
10	0	0	0	0	470	511	0	
11	0	0	0	0	471	503	0	
12	0	0	0	0	472	495	0	
13	0	0	0	0	475	493	1	
14	0	0	0	0	481	493	0	
15	0	0	0	0	487	492	0	
0	0	0	0	0	495	493	0	
1	0	0	0	0	501	494	0	
2	0	0	0	0	504	499	0	
3	0	0	0	0	505	502	0	
4	0	0	0	0	500	505	0	
5	0	0	0	0	494	506	0	
6	0	0	0	0	490	505	0	
7	0	0	0	0	483	502	1	
8	0	0	0	0	478	496	0	
9	0	0	0	0	475	487	0	
10	0	0	0	0	476	480	0	
11	0	0	0	0	477	480	0	
12	0	0	0	0	479	490	1	
13	0	0	0	0	483	497	0	
14	0	0	0	0	487	502	0	
15	0	0	0	0	491	499	0	
0	0	0	0	0	493	495	0	
1	0	0	0	0	499	496	1	
2	0	0	0	0	505	491	0	
3	0	0	0	0	505	483	0	
4	0	0	0	0	507	480	0	
5	0	0	0	0	505	487	0	
6	0	0	0	0	502	493	1	
7	0	0	0	0	497	496	0	
8	0	0	0	0	492	494	0	
9	0	0	0	0	487	489	0	
10	0	0	0	0	484	487	0	
11	0	0	0	0	482	486	1	
12	0	0	0	0	479	484	0	
13	0	0	0	0	478	482	0	
14	0	0	0	0	476	482	0	
15	0	0	0	0	478	487	0	
0	0	0	0	0	479	490	1	
1	0	0	0	0	477	484	0	
2	0	0	0	0	475	476	0	
3	0	0	0	0	483	464	0	
4	0	0	0	0	489	455	0	
5	0	0	0	0	498	448	1	
6	0	0	0	0	508	441	0	
7	0	0	0	0	511	439	0	
8	0	0	0	0	513	448	0	
9	0	0	0	0	512	464	0	
10	0	0	0	0	509	478	1	
11	0	0	0	0	507	481	0	
12	0	0	0	0	500	476	0	
13	0	0	0	0	497	476	0	
14	0	0	0	0	494	475	0	
15	0	0	0	0	495	480	1	
0	0	0	0	0	500	489	1	
1	0	0	0	0	508	498	0	
2	0	0	0	0	514	504	0	
3	0	0	0	0	520	515	0	
4	0	0	0	0	523	523	1	
5	0	0	0	0	526	521	1	
6	0	0	0	0	527	515	0	
7	0	0	0	0	524	509	0	
8	0	0	0	0	524	507	0	
9	0	0	0	0	525	504	1	
10	0	0	0	0	521	501	0	
11	0	0	0	0	518	503	0	
12	0	0	0	0	513	505	0	
13	0	0	0	0	513	511	0	
14	0	0	0	0	514	518	1	
15	0	0	0	0	519	521	0	
0	0	0	0	0	521	515	0	
1	0	0	0	0	524	511	0	
2	0	0	0	0	522	506	0	
3	0	0	0	0	516	506	0	
4	0	0	0	0	508	507	0	
5	0	0	0	0	499	508	0	
6	0	0	0	0	497	511	0	
7	0	0	0	0	496	516	0	
8	0	0	0	0	498	518	0	
9	0	0	0	0	500	515	0	
10	0	0	0	0	502	512	0	
11	0	0	0	0	500	518	0	
12	0	0	0	0	499	524	0	
13	0	0	0	0	502	527	1	
14	0	0	0	0	504	525	1	
15	0	0	0	0	505	528	0	
0	0	0	0	0	503	529	0	
1	0	0	0	0	500	532	0	
2	0	0	0	0	496	536	0	
3	0	0	0	0	495	542	0	
4	0	0	0	0	490	542	0	
5	0	0	0	0	490	543	0	
6	0	0	0	0	488	550	0	
7	0	0	0	0	487	556	1	
8	0	0	0	0	488	553	1	
9	0	0	0	0	487	546	0	
10	0	0	0	0	493	539	0	
11	0	0	0	0	499	537	0	
12	0	0	0	0	510	540	0	
13	0	0	0	0	518	540	0	
14	0	0	0	0	522	538	0	
15	0	0	0	0	526	540	0	
0	0	0	0	0	528	543	0	
1	0	0	0	0	530	545	1	
2	0	0	0	0	535	543	0	
3	0	0	0	0	535	531	0	
4	0	0	0	0	526	521	0	
5	0	0	0	0	512	517	0	
6	0	0	0	0	500	520	1	
7	0	0	0	0	490	527	0	
8	0	0	0	0	480	529	0	
9	0	0	0	0	470	527	0	
10	0	0	0	0	465	521	0	
11	0	0	0	0	466	515	1	
12	0	0	0	0	472	516	1	
13	0	0	0	0	479	518	0	
14	0	0	0	0	486	525	0	
15	0	0	0	0	496	532	0	
0	0	0	0	0	504	534	1	
1	0	0	0	0	512	527	0	
2	0	0	0	0	512	518	0	
3	0	0	0	0	511	512	0	
4	0	0	0	0	508	509	0	
5	0	0	0	0	504	507	1	
6	0	0	0	0	499	504	0	
7	0	0	0	0	492	502	0	
8	0	0	0	0	489	501	0	
9	0	0	0	0	494	505	0	
10	0	0	0	0	499	515	1	
11	0	0	0	0	505	526	0	
12	0	0	0	0	504	536	0	
13	0	0	0	0	512	533	0	
14	0	0	0	0	523	526	0	
15	0	0	0	0	535	518	1	
0	0	0	0	0	545	511	0	
1	0	0	0	0	551	507	0	
2	0	0	0	0	551	499	0	
3	0	0	0	0	546	486	0	
4	0	0	0	0	540	486	0	
5	0	0	0	0	532	493	0	
6	0	0	0	0	523	498	0	
7	0	0	0	0	515	499	0	
8	0	0	0	0	515	499	0	
9	0	0	0	0	514	498	1	
10	0	0	0	0	514	495	0	
11	0	0	0	0	511	494	0	
12	0	0	0	0	507	496	0	
13	0	0	0	0	503	501	0	
14	0	0	0	0	500	508	1	
15	0	0	0	0	496	517	0	
0	0	0	0	0	492	521	0	
1	0	0	0	0	491	519	0	
2	0	0	0	0	492	514	0	
3	0	0	0	0	493	514	1	
4	0	0	0	0	496	517	0	
5	0	0	0	0	491	519	0	
6	0	0	0	0	491	520	0	
7	0	0	0	0	491	524	0	
8	0	0	0	0	494	527	1	
9	0	0	0	0	497	523	0	
10	0	0	0	0	499	507	0	
11	0	0	0	0	500	497	0	
12	0	0	0	0	502	493	0	
13	0	0	0	0	503	497	1	
14	0	0	0	0	506	499	0	
15	0	0	0	0	511	498	0	
0	0	0	0	0	516	499	0	
1	0	0	0	0	515	507	0	
2	0	0	0	0	514	511	1	
3	0	0	0	0	513	505	0	
4	0	0	0	0	510	502	0	
5	0	0	0	0	504	507	0	
6	0	0	0	0	497	510	0	
7	0	0	0	0	493	513	1	
8	0	0	0	0	490	521	0	
9	0	0	0	0	488	523	0	
10	0	0	0	0	488	521	0	
11	0	0	0	0	490	518	0	
12	0	0	0	0	493	516	1	
13	0	0	0	0	497	516	0	
14	0	0	0	0	495	515	0	
15	0	0	0	0	496	513	0	
0	0	0	0	0	502	513	0	
1	0	0	0	0	508	513	0	
2	0	0	0	0	512	515	0	
3	0	0	0	0	511	512	0	
4	0	0	0	0	510	509	0	
5	0	0	0	0	512	501	0	
6	0	0	0	0	517	493	0	
7	0	0	0	0	519	487	0	
8	0	0	0	0	515	483	0	
9	0	0	0	0	513	480	0	
10	0	0	0	0	508	479	0	
11	0	0	0	0	502	481	0	
12	0	0	0	0	496	485	0	
13	0	0	0	0	491	483	0	
14	0	0	0	0	489	479	0	
15	0	0	0	0	484	478	0	
0	0	0	0	0	480	481	0	
1	0	0	0	0	483	490	0	
2	0	0	0	0	482	501	0	
3	0	0	0	0	489	513	0	
4	0	0	0	0	495	515	0	
5	0	0	0	0	504	516	0	
6	0	0	0	0	512	523	0	
7	0	0	0	0	518	526	0	
8	0	0	0	0	520	529	1	
9	0	0	0	0	515	528	0	
10	0	0	0	0	511	526	0	
11	0	0	0	0	511	521	1	
12	0	0	0	0	510	513	0	
13	0	0	0	0	512	507	0	
14	0	0	0	0	513	507	0	
15	0	0	0	0	517	509	1	
0	0	0	0	0	522	517	1	
1	0	0	0	0	526	531	0	
2	0	0	0	0	531	548	0	
3	0	0	0	0	531	551	1	
4	0	0	0	0	532	543	1	
5	0	0	0	0	531	534	1	
6	0	0	0	0	520	526	0	
7	0	0	0	0	511	516	0	
8	0	0	0	0	503	508	0	
9	0	0	0	0	497	504	1	
10	0	0	0	0	495	508	0	
11	0	0	0	0	492	513	0	
12	0	0	0	0	492	516	0	
13	0	0	0	0	492	519	0	
14	0	0	0	0	493	524	1	
15	0	0	0	0	497	525	0	
0	0	0	0	0	503	527	0	
1	0	0	0	0	514	528	0	
2	0	0	0	0	521	531	0	
3	0	0	0	0	524	533	1	
4	0	0	0	0	527	530	0	
5	0	0	0	0	525	527	0	
6	0	0	0	0	521	525	0	
7	0	0	0	0	515	523	0	
8	0	0	0	0	509	519	1	
9	0	0	0	0	504	519	0	
10	0	0	0	0	496	519	0	
11	0	0	0	0	492	527	0	
12	0	0	0	0	489	535	0	
13	0	0	0	0	485	539	1	
14	0	0	0	0	483	540	1	
15	0	0	0	0	484	541	0	
0	0	0	0	0	489	534	1	
1	0	0	0	0	495	527	0	
2	0	0	0	0	497	522	1	
3	0	0	0	0	497	516	0	
4	0	0	0	0	495	509	0	
5	0	0	0	0	492	504	0	
6	0	0	0	0	491	508	0	
7	0	0	0	0	491	513	1	
8	0	0	0	0	493	519	0	
9	0	0	0	0	495	523	0	
10	0	0	0	0	500	521	0	
11	0	0	0	0	505	516	0	
12	0	0	0	0	507	512	1	
13	0	0	0	0	509	503	0	
14	0	0	0	0	508	491	0	
15	0	0	0	0	508	479	0	
0	0	0	0	0	508	476	0	
1	0	0	0	0	505	480	1	
2	0	0	0	0	499	489	0	
3	0	0	0	0	489	497	0	
4	0	0	0	0	483	501	0	
5	0	0	0	0	481	504	0	
6	0	0	0	0	486	502	1	
7	0	0	0	0	491	505	1	
8	0	0	0	0	493	512	0	
9	0	0	0	0	491	522	0	
10	0	0	0	0	492	522	0	
11	0	0	0	0	489	519	1	
12	0	0	0	0	490	520	0	
13	0	0	0	0	488	516	0	
14	0	0	0	0	483	515	0	
15	0	0	0	0	477	517	0	
0	0	0	0	0	472	524	1	
1	0	0	0	0	468	532	0	
2	0	0	0	0	468	538	0	
3	0	0	0	0	473	541	0	
4	0	0	0	0	474	535	0	
5	0	0	0	0	478	529	0	
6	0	0	0	0	483	524	0	
7	0	0	0	0	480	515	0	
8	0	0	0	0	473	507	0	
9	0	0	0	0	469	494	0	
10	0	0	0	0	464	480	0	
11	0	0	0	0	457	472	0	
12	0	0	0	0	449	467	0	
13	0	0	0	0	448	470	0	
14	0	0	0	0	451	476	0	
15	0	0	0	0	455	485	1	
0	0	0	0	0	457	491	0	
1	0	0	0	0	460	497	0	
2	0	0	0	0	462	499	0	
3	0	0	0	0	464	501	0	
4	0	0	0	0	464	504	0	
5	0	0	0	0	463	499	1	
6	0	0	0	0	461	497	0	
7	0	0	0	0	460	496	0	
8	0	0	0	0	462	502	0	
9	0	0	0	0	465	507	0	
10	0	0	0	0	467	509	1	
11	0	0	0	0	472	512	0	
12	0	0	0	0	478	517	0	
13	0	0	0	0	478	517	0	
14	0	0	0	0	476	513	0	
15	0	0	0	0	472	506	1	
0	0	0	0	0	475	500	0	
1	0	0	0	0	483	496	0	
2	0	0	0	0	492	498	0	
3	0	0	0	0	503	501	1	
4	0	0	0	0	506	507	1	
5	0	0	0	0	507	516	0	
6	0	0	0	0	506	517	0	
7	0	0	0	0	505	519	0	
8	0	0	0	0	507	519	0	
9	0	0	0	0	512	522	1	
10	0	0	0	0	517	516	0	
11	0	0	0	0	523	511	0	
12	0	0	0	0	526	508	0	
13	0	0	0	0	526	505	1	
14	0	0	0	0	529	512	1	
15	0	0	0	0	532	520	0	
0	0	0	0	0	533	528	0	
1	0	0	0	0	530	536	0	
2	0	0	0	0	524	537	0	
3	0	0	0	0	521	536	1	
4	0	0	0	0	520	531	0	
5	0	0	0	0	522	526	0	
6	0	0	0	0	520	519	0	
7	0	0	0	0	519	519	0	
8	0	0	0	0	518	526	1	
9	0	0	0	0	511	532	0	
10	0	0	0	0	504	539	0	
11	0	0	0	0	499	545	0	
12	0	0	0	0	496	550	1	
13	0	0	0	0	491	545	0	
14	0	0	0	0	484	536	0	
15	0	0	0	0	480	527	0	
0	0	0	0	0	483	518	0	
1	0	0	0	0	486	512	1	
2	0	0	0	0	489	508	0	
3	0	0	0	0	489	505	0	
4	0	0	0	0	493	507	0	
5	0	0	0	0	500	504	0	
6	0	0	0	0	505	502	1	
7	0	0	0	0	508	503	0	
8	0	0	0	0	508	505	0	
9	0	0	0	0	507	509	0	
10	0	0	0	0	501	515	0	
11	0	0	0	0	492	524	1	
12	0	0	0	0	483	528	0	
13	0	0	0	0	478	528	0	
14	0	0	0	0	476	524	0	
15	0	0	0	0	474	519	0	
0	0	0	0	0	475	518	1	
1	0	0	0	0	482	522	0	
2	0	0	0	0	489	524	0	
3	0	0	0	0	494	532	0	
4	0	0	0	0	496	541	0	
5	0	0	0	0	499	545	1	
6	0	0	0	0	504	545	0	
7	0	0	0	0	509	546	0	
8	0	0	0	0	515	548	1	
9	0	0	0	0	519	548	1	
10	0	0	0	0	526	548	1	
11	0	0	0	0	537	551	0	
12	0	0	0	0	545	553	0	
13	0	0	0	0	546	551	0	
14	0	0	0	0	546	552	1	
15	0	0	0	0	546	551	1	
0	0	0	0	0	548	553	0	
1	0	0	0	0	546	559	0	
2	0	0	0	0	541	561	1	
3	0	0	0	0	537	562	1	
4	0	0	0	0	528	551	1	
5	0	0	0	0	519	540	0	
6	0	0	0	0	509	531	0	
7	0	0	0	0	503	528	0	
8	0	0	0	0	504	526	0	
9	0	0	0	0	508	528	1	
10	0	0	0	0	512	533	0	
11	0	0	0	0	510	540	0	
12	0	0	0	0	510	549	1	
13	0	0	0	0	518	558	1	
14	0	0	0	0	528	556	1	
15	0	0	0	0	540	554	0	
0	0	0	0	0	547	548	0	
1	0	0	0	0	554	543	0	
2	0	0	0	0	558	535	0	
3	0	0	0	0	563	530	1	
4	0	0	0	0	569	527	0	
5	0	0	0	0	573	527	0	
6	0	0	0	0	571	527	0	
7	0	0	0	0	566	529	0	
8	0	0	0	0	559	533	1	
9	0	0	0	0	553	533	0	
10	0	0	0	0	548	529	0	
11	0	0	0	0	547	529	0	
12	0	0	0	0	541	530	0	
13	0	0	0	0	537	535	0	
14	0	0	0	0	535	535	0	
15	0	0	0	0	531	529	0	
0	0	0	0	0	528	522	0	
1	0	0	0	0	524	516	0	
2	0	0	0	0	521	515	0	
3	0	0	0	0	522	515	0	
4	0	0	0	0	526	513	0	
5	0	0	0	0	533	510	1	
6	0	0	0	0	536	502	0	
7	0	0	0	0	532	497	0	
8	0	0	0	0	527	492	0	
9	0	0	0	0	516	481	0	
10	0	0	0	0	507	476	0	
11	0	0	0	0	496	471	0	
12	0	0	0	0	489	468	1	
13	0	0	0	0	487	461	1	
14	0	0	0	0	483	450	0	
15	0	0	0	0	480	441	0	
0	0	0	0	0	485	439	0	
1	0	0	0	0	488	441	0	
2	0	0	0	0	492	445	0	
3	0	0	0	0	492	453	0	
4	0	0	0	0	487	459	0	
5	0	0	0	0	483	464	0	
6	0	0	0	0	486	472	1	
7	0	0	0	0	492	473	0	
8	0	0	0	0	503	468	0	
9	0	0	0	0	512	460	0	
10	0	0	0	0	519	455	0	
11	0	0	0	0	525	457	0	
12	0	0	0	0	526	461	1	
13	0	0	0	0	523	467	0	
14	0	0	0	0	524	471	0	
15	0	0	0	0	523	472	0	
0	0	0	0	0	521	468	1	
1	0	0	0	0	521	468	0	
2	0	0	0	0	519	469	0	
3	0	0	0	0	521	472	0	
4	0	0	0	0	527	475	0	
5	0	0	0	0	533	477	0	
6	0	0	0	0	535	478	1	
7	0	0	0	0	537	477	0	
8	0	0	0	0	536	475	1	
9	0	0	0	0	533	475	0	
10	0	0	0	0	532	475	0	
11	0	0	0	0	533	476	1	
12	0	0	0	0	536	476	0	
13	0	0	0	0	536	478	0	
14	0	0	0	0	537	486	0	
15	0	0	0	0	534	496	1	
0	0	0	0	0	535	505	0	
1	0	0	0	0	540	508	0	
2	0	0	0	0	548	507	0	
3	0	0	0	0	551	508	0	
4	0	0	0	0	551	509	1	
5	0	0	0	0	548	505	0	
6	0	0	0	0	543	499	0	
7	0	0	0	0	536	492	0	
8	0	0	0	0	531	490	0	
9	0	0	0	0	529	492	1	
10	0	0	0	0	527	494	0	
11	0	0	0	0	517	497	0	
12	0	0	0	0	508	494	0	
13	0	0	0	0	498	489	0	
14	0	0	0	0	489	484	1	
15	0	0	0	0	480	483	0	
0	0	0	0	0	480	486	0	
1	0	0	0	0	486	490	0	
2	0	0	0	0	492	497	0	
3	0	0	0	0	499	508	1	
4	0	0	0	0	508	514	0	
5	0	0	0	0	522	516	0	
6	0	0	0	0	533	521	0	
7	0	0	0	0	539	524	0	
8	0	0	0	0	539	525	1	
9	0	0	0	0	542	523	0	
10	0	0	0	0	542	524	0	
11	0	0	0	0	546	529	0	
12	0	0	0	0	547	527	0	
13	0	0	0	0	547	519	1	
14	0	0	0	0	548	519	0	
15	0	0	0	0	547	521	0	
0	0	0	0	0	548	524	0	
1	0	0	0	0	547	526	0	
2	0	0	0	0	548	531	1	
3	0	0	0	0	554	543	0	
4	0	0	0	0	553	555	0	
5	0	0	0	0	548	559	1	
6	0	0	0	0	542	559	1	
7	0	0	0	0	535	555	1	
8	0	0	0	0	532	554	0	
9	0	0	0	0	525	552	0	
10	0	0	0	0	520	554	1	
11	0	0	0	0	515	555	1	
12	0	0	0	0	508	555	1	
13	0	0	0	0	509	553	0	
14	0	0	0	0	510	553	0	
15	0	0	0	0	511	552	0	
0	0	0	0	0	515	551	1	
1	0	0	0	0	514	554	1	
2	0	0	0	0	508	554	0	
3	0	0	0	0	504	553	0	
4	0	0	0	0	500	546	0	
5	0	0	0	0	498	540	0	
6	0	0	0	0	497	538	1	
7	0	0	0	0	495	538	0	
8	0	0	0	0	487	537	0	
9	0	0	0	0	481	543	1	
10	0	0	0	0	473	547	1	
11	0	0	0	0	464	547	1	
12	0	0	0	0	461	543	0	
13	0	0	0	0	461	537	0	
14	0	0	0	0	467	533	0	
15	0	0	0	0	472	529	0	
0	0	0	0	0	475	523	1	
1	0	0	0	0	476	521	0	
2	0	0	0	0	476	526	0	
3	0	0	0	0	473	534	0	
4	0	0	0	0	475	542	0	
5	0	0	0	0	477	548	1	
6	0	0	0	0	488	548	0	
7	0	0	0	0	494	543	0	
8	0	0	0	0	501	538	0	
9	0	0	0	0	512	533	0	
10	0	0	0	0	517	531	1	
11	0	0	0	0	521	530	0	
12	0	0	0	0	521	532	0	
13	0	0	0	0	519	542	1	
14	0	0	0	0	517	551	1	
15	0	0	0	0	514	559	1	
0	0	0	0	0	513	562	0	
1	0	0	0	0	514	553	0	
2	0	0	0	0	519	550	0	
3	0	0	0	0	520	548	0	
4	0	0	0	0	516	548	0	
5	0	0	0	0	512	537	0	
6	0	0	0	0	503	528	0	
7	0	0	0	0	494	527	0	
8	0	0	0	0	483	527	0	
9	0	0	0	0	477	530	1	
10	0	0	0	0	469	534	0	
11	0	0	0	0	461	539	0	
12	0	0	0	0	455	541	0	
13	0	0	0	0	452	542	0	
14	0	0	0	0	451	540	1	
15	0	0	0	0	451	537	0	
0	0	0	0	0	454	532	0	
1	0	0	0	0	463	525	0	
2	0	0	0	0	472	515	0	
3	0	0	0	0	484	511	1	
4	0	0	0	0	496	513	0	
5	0	0	0	0	502	516	0	
6	0	0	0	0	507	516	0	
7	0	0	0	0	512	520	0	
8	0	0	0	0	517	525	0	
9	0	0	0	0	524	529	0	
10	0	0	0	0	525	531	0	
11	0	0	0	0	524	530	0	
12	0	0	0	0	520	526	0	
13	0	0	0	0	524	522	0	
14	0	0	0	0	528	523	0	
15	0	0	0	0	531	526	0	
0	0	0	0	0	531	536	0	
1	0	0	0	0	531	545	1	
2	0	0	0	0	531	548	1	
3	0	0	0	0	533	541	0	
4	0	0	0	0	537	533	0	
5	0	0	0	0	544	528	0	
6	0	0	0	0	550	527	0	
7	0	0	0	0	551	535	0	
8	0	0	0	0	554	546	0	
9	0	0	0	0	555	553	0	
10	0	0	0	0	552	560	1	
11	0	0	0	0	544	563	1	
12	0	0	0	0	536	560	1	
13	0	0	0	0	534	552	0	
14	0	0	0	0	527	538	0	
15	0	0	0	0	521	526	0	
0	0	0	0	0	518	516	0	
1	0	0	0	0	516	510	1	
2	0	0	0	0	518	505	0	
3	0	0	0	0	519	503	0	
4	0	0	0	0	522	502	0	
5	0	0	0	0	521	502	0	
6	0	0	0	0	519	502	1	
7	0	0	0	0	516	499	0	
8	0	0	0	0	512	495	0	
9	0	0	0	0	507	493	0	
10	0	0	0	0	504	491	0	
11	0	0	0	0	504	491	1	
12	0	0	0	0	504	496	0	
13	0	0	0	0	502	500	0	
14	0	0	0	0	497	496	0	
15	0	0	0	0	496	492	0	
0	0	0	0	0	493	491	0	
1	0	0	0	0	492	489	0	
2	0	0	0	0	493	482	0	
3	0	0	0	0	496	475	0	
4	0	0	0	0	499	471	0	
5	0	0	0	0	499	467	1	
6	0	0	0	0	499	464	0	
7	0	0	0	0	502	462	0	
8	0	0	0	0	500	465	0	
9	0	0	0	0	498	471	0	
10	0	0	0	0	494	472	1	
11	0	0	0	0	487	470	0	
12	0	0	0	0	478	472	0	
13	0	0	0	0	474	480	0	
14	0	0	0	0	471	487	0	
15	0	0	0	0	472	496	1	
0	0	0	0	0	472	506	0	
1	0	0	0	0	467	510	0	
2	0	0	0	0	463	513	0	
3	0	0	0	0	455	515	0	
4	0	0	0	0	448	516	1	
5	0	0	0	0	447	518	0	
6	0	0	0	0	446	517	0	
7	0	0	0	0	448	513	0	
8	0	0	0	0	455	512	0	
9	0	0	0	0	460	510	0	
10	0	0	0	0	466	513	0	
11	0	0	0	0	471	519	0	
12	0	0	0	0	479	520	0	
13	0	0	0	0	488	522	0	
14	0	0	0	0	499	518	0	
15	0	0	0	0	508	512	0	
0	0	0	0	0	514	506	0	
1	0	0	0	0	516	502	0	
2	0	0	0	0	510	496	0	
3	0	0	0	0	504	496	0	
4	0	0	0	0	504	499	0	
5	0	0	0	0	502	501	0	
6	0	0	0	0	504	507	0	
7	0	0	0	0	505	507	0	
8	0	0	0	0	504	508	0	
9	0	0	0	0	499	511	0	
10	0	0	0	0	497	515	0	
11	0	0	0	0	499	516	0	
12	0	0	0	0	497	512	0	
13	0	0	0	0	495	508	0	
14	0	0	0	0	494	508	0	
15	0	0	0	0	489	509	0	
0	0	0	0	0	489	515	0	
1	0	0	0	0	487	521	0	
2	0	0	0	0	486	520	0	
3	0	0	0	0	486	512	0	
4	0	0	0	0	483	504	0	
5	0	0	0	0	480	499	0	
6	0	0	0	0	481	499	0	
7	0	0	0	0	487	501	0	
8	0	0	0	0	488	504	1	
9	0	0	0	0	488	509	0	
10	0	0	0	0	492	511	0	
11	0	0	0	0	497	509	0	
12	0	0	0	0	499	504	0	
13	0	0	0	0	501	501	1	
14	0	0	0	0	501	497	0	
15	0	0	0	0	504	495	0	
0	0	0	0	0	505	497	0	
1	0	0	0	0	503	501	1	
2	0	0	0	0	501	507	0	
3	0	0	0	0	497	508	0	
4	0	0	0	0	494	506	0	
5	0	0	0	0	496	507	0	
6	0	0	0	0	497	514	0	
7	0	0	0	0	494	518	1	
8	0	0	0	0	491	516	0	
9	0	0	0	0	485	512	0	
10	0	0	0	0	487	511	0	
11	0	0	0	0	492	515	0	
12	0	0	0	0	498	521	1	
13	0	0	0	0	505	531	0	
14	0	0	0	0	510	542	0	
15	0	0	0	0	521	547	1	
0	0	0	0	0	536	542	0	
1	0	0	0	0	543	540	1	
2	0	0	0	0	543	541	0	
3	0	0	0	0	542	544	1	
4	0	0	0	0	542	543	0	
5	0	0	0	0	540	541	1	
6	0	0	0	0	539	544	1	
7	0	0	0	0	536	546	0	
8	0	0	0	0	528	545	0	
9	0	0	0	0	521	545	1	
10	0	0	0	0	514	545	1	
11	0	0	0	0	508	543	1	
12	0	0	0	0	511	542	0	
13	0	0	0	0	512	537	0	
14	0	0	0	0	517	537	0	
15	0	0	0	0	523	535	0	
0	0	0	0	0	532	530	0	
1	0	0	0	0	541	528	0	
2	0	0	0	0	547	525	0	
3	0	0	0	0	549	525	0	
4	0	0	0	0	547	526	1	
5	0	0	0	0	545	526	0	
6	0	0	0	0	544	531	0	
7	0	0	0	0	542	538	0	
8	0	0	0	0	538	549	1	
9	0	0	0	0	531	551	1	
10	0	0	0	0	528	543	0	
11	0	0	0	0	526	534	0	
12	0	0	0	0	522	527	0	
13	0	0	0	0	518	523	0	
14	0	0	0	0	519	520	1	
15	0	0	0	0	523	515	0	
0	0	0	0	0	526	511	0	
1	0	0	0	0	527	508	0	
2	0	0	0	0	531	505	0	
3	0	0	0	0	531	505	1	
4	0	0	0	0	525	506	0	
5	0	0	0	0	518	503	0	
6	0	0	0	0	512	500	0	
7	0	0	0	0	508	501	0	
8	0	0	0	0	508	500	1	
9	0	0	0	0	506	497	0	
10	0	0	0	0	503	487	0	
11	0	0	0	0	502	478	0	
12	0	0	0	0	507	473	0	
13	0	0	0	0	517	480	1	
14	0	0	0	0	529	487	0	
15	0	0	0	0	535	491	0	
0	0	0	0	0	543	495	0	
1	0	0	0	0	552	505	0	
2	0	0	0	0	559	519	1	
3	0	0	0	0	563	533	0	
4	0	0	0	0	561	537	0	
5	0	0	0	0	557	536	0	
6	0	0	0	0	549	537	0	
7	0	0	0	0	536	536	1	
8	0	0	0	0	523	532	0	
9	0	0	0	0	512	531	0	
10	0	0	0	0	509	529	0	
11	0	0	0	0	513	529	0	
12	0	0	0	0	516	530	1	
13	0	0	0	0	517	531	0	
14	0	0	0	0	517	533	0	
15	0	0	0	0	516	531	0	
0	0	0	0	0	513	526	0	
1	0	0	0	0	508	523	1	
2	0	0	0	0	503	524	0	
3	0	0	0	0	495	522	0	
4	0	0	0	0	492	519	0	
5	0	0	0	0	491	515	0	
6	0	0	0	0	487	513	1	
7	0	0	0	0	484	512	0	
8	0	0	0	0	484	514	0	
9	0	0	0	0	491	515	0	
10	0	0	0	0	500	513	0	
11	0	0	0	0	509	516	0	
12	0	0	0	0	513	519	0	
13	0	0	0	0	514	524	0	
14	0	0	0	0	513	534	0	
15	0	0	0	0	511	540	0	
0	0	0	0	0	511	547	0	
1	0	0	0	0	515	544	1	
2	0	0	0	0	519	534	0	
3	0	0	0	0	519	526	0	
4	0	0	0	0	514	520	0	
5	0	0	0	0	505	521	0	
6	0	0	0	0	503	519	0	
7	0	0	0	0	503	511	0	
8	0	0	0	0	504	508	0	
9	0	0	0	0	508	507	0	
10	0	0	0	0	511	501	0	
11	0	0	0	0	516	497	1	
12	0	0	0	0	518	496	0	
13	0	0	0	0	520	498	0	
14	0	0	0	0	527	501	0	
15	0	0	0	0	533	508	0	
0	0	0	0	0	536	516	1	
1	0	0	0	0	535	520	0	
2	0	0	0	0	531	519	0	
3	0	0	0	0	524	517	0	
4	0	0	0	0	515	514	1	
5	0	0	0	0	504	512	0	
6	0	0	0	0	494	509	0	
7	0	0	0	0	486	504	0	
8	0	0	0	0	480	502	0	
9	0	0	0	0	479	499	1	
10	0	0	0	0	480	501	0	
11	0	0	0	0	483	504	0	
12	0	0	0	0	488	505	0	
13	0	0	0	0	493	506	0	
14	0	0	0	0	494	510	1	
15	0	0	0	0	497	516	0	
0	0	0	0	0	496	524	0	
1	0	0	0	0	496	527	1	
2	0	0	0	0	498	522	0	
3	0	0	0	0	500	518	1	
4	0	0	0	0	502	519	0	
5	0	0	0	0	500	520	0	
6	0	0	0	0	498	521	0	
7	0	0	0	0	498	525	0	
8	0	0	0	0	499	527	1	
9	0	0	0	0	496	526	0	
10	0	0	0	0	491	521	0	
11	0	0	0	0	489	518	0	
12	0	0	0	0	487	516	0	
13	0	0	0	0	484	518	1	
14	0	0	0	0	486	519	0	
15	0	0	0	0	486	519	0	
0	0	0	0	0	493	521	0	
1	0	0	0	0	497	519	0	
2	0	0	0	0	499	514	1	
3	0	0	0	0	503	510	0	
4	0	0	0	0	500	503	0	
5	0	0	0	0	497	495	0	
6	0	0	0	0	496	491	0	
7	0	0	0	0	497	492	1	
8	0	0	0	0	500	495	0	
9	0	0	0	0	503	499	0	
10	0	0	0	0	506	492	0	
11	0	0	0	0	505	486	0	
12	0	0	0	0	501	483	1	
13	0	0	0	0	499	487	0	
14	0	0	0	0	495	486	0	
15	0	0	0	0	488	474	0	
0	0	0	0	0	483	460	0	
1	0	0	0	0	479	457	1	
2	0	0	0	0	474	462	0	
3	0	0	0	0	470	469	0	
4	0	0	0	0	473	474	0	
5	0	0	0	0	468	482	0	
6	0	0	0	0	462	486	1	
7	0	0	0	0	466	489	0	
8	0	0	0	0	471	489	0	
9	0	0	0	0	481	485	0	
10	0	0	0	0	487	477	0	
11	0	0	0	0	495	475	1	
12	0	0	0	0	499	478	0	
13	0	0	0	0	499	482	0	
14	0	0	0	0	497	487	0	
15	0	0	0	0	492	493	0	
0	0	0	0	0	486	497	1	
1	0	0	0	0	483	501	0	
2	0	0	0	0	483	502	0	
3	0	0	0	0	483	501	0	
4	0	0	0	0	481	500	0	
5	0	0	0	0	479	503	0	
6	0	0	0	0	478	510	0	
7	0	0	0	0	476	516	0	
8	0	0	0	0	476	523	0	
9	0	0	0	0	473	524	0	
10	0	0	0	0	470	524	1	
11	0	0	0	0	470	527	0	
12	0	0	0	0	471	530	0	
13	0	0	0	0	477	533	0	
14	0	0	0	0	484	536	0	
15	0	0	0	0	487	542	1	
0	0	0	0	0	486	544	0	
1	0	0	0	0	477	545	0	
2	0	0	0	0	470	544	0	
3	0	0	0	0	463	542	1	
4	0	0	0	0	460	540	1	
5	0	0	0	0	463	540	0	
6	0	0	0	0	465	538	0	
7	0	0	0	0	473	536	0	
8	0	0	0	0	480	525	0	
9	0	0	0	0	482	510	1	
10	0	0	0	0	487	500	0	
11	0	0	0	0	486	495	0	
12	0	0	0	0	482	497	0	
13	0	0	0	0	478	497	0	
14	0	0	0	0	476	487	1	
15	0	0	0	0	477	476	0	
0	0	0	0	0	482	466	0	
1	0	0	0	0	484	459	0	
2	0	0	0	0	488	463	0	
3	0	0	0	0	494	476	0	
4	0	0	0	0	496	487	1	
5	0	0	0	0	499	496	0	
6	0	0	0	0	502	498	0	
7	0	0	0	0	508	499	0	
8	0	0	0	0	508	497	0	
9	0	0	0	0	502	492	0	
10	0	0	0	0	500	492	0	
11	0	0	0	0	497	493	0	
12	0	0	0	0	502	494	0	
13	0	0	0	0	505	497	0	
14	0	0	0	0	506	502	1	
15	0	0	0	0	509	508	0	
0	0	0	0	0	513	510	0	
1	0	0	0	0	519	513	0	
2	0	0	0	0	521	513	1	
3	0	0	0	0	511	514	1	
4	0	0	0	0	501	511	0	
5	0	0	0	0	489	506	0	
6	0	0	0	0	478	508	0	
7	0	0	0	0	472	509	0	
8	0	0	0	0	475	510	0	
9	0	0	0	0	477	504	0	
10	0	0	0	0	478	499	0	
11	0	0	0	0	478	495	0	
12	0	0	0	0	480	494	0	
13	0	0	0	0	484	495	1	
14	0	0	0	0	491	498	0	
15	0	0	0	0	493	506	0	
0	0	0	0	0	496	504	0	
1	0	0	0	0	497	501	0	
2	0	0	0	0	496	497	0	
3	0	0	0	0	496	495	0	
4	0	0	0	0	500	498	0	
5	0	0	0	0	511	502	1	
6	0	0	0	0	523	505	0	
7	0	0	0	0	530	509	0	
8	0	0	0	0	534	512	0	
9	0	0	0	0	533	516	0	
10	0	0	0	0	531	522	0	
11	0	0	0	0	528	527	0	
12	0	0	0	0	525	531	1	
13	0	0	0	0	523	531	0	
14	0	0	0	0	522	535	0	
15	0	0	0	0	524	535	0	
0	0	0	0	0	528	527	0	
1	0	0	0	0	531	524	0	
2	0	0	0	0	526	524	0	
3	0	0	0	0	518	531	0	
4	0	0	0	0	517	541	0	
5	0	0	0	0	515	540	1	
6	0	0	0	0	516	532	0	
7	0	0	0	0	519	527	0	
8	0	0	0	0	528	523	0	
9	0	0	0	0	539	520	0	
10	0	0	0	0	546	523	0	
11	0	0	0	0	545	523	0	
12	0	0	0	0	550	524	0	
13	0	0	0	0	550	519	0	
14	0	0	0	0	549	520	0	
15	0	0	0	0	548	522	1	
0	0	0	0	0	551	532	0	
1	0	0	0	0	555	536	0	
2	0	0	0	0	561	531	0	
3	0	0	0	0	568	526	0	
4	0	0	0	0	570	518	1	
5	0	0	0	0	567	510	0	
6	0	0	0	0	555	505	0	
7	0	0	0	0	543	498	0	
8	0	0	0	0	536	495	0	
9	0	0	0	0	535	490	1	
10	0	0	0	0	531	483	0	
11	0	0	0	0	523	472	0	
12	0	0	0	0	519	463	0	
13	0	0	0	0	518	452	0	
14	0	0	0	0	514	448	0	
15	0	0	0	0	513	450	0	
0	0	0	0	0	506	451	0	
1	0	0	0	0	500	454	0	
2	0	0	0	0	495	455	0	
3	0	0	0	0	488	460	0	
4	0	0	0	0	481	468	0	
5	0	0	0	0	479	476	0	
6	0	0	0	0	478	479	0	
7	0	0	0	0	481	483	0	
8	0	0	0	0	485	491	1	
9	0	0	0	0	489	494	0	
10	0	0	0	0	490	494	0	
11	0	0	0	0	491	490	0	
12	0	0	0	0	492	488	0	
13	0	0	0	0	493	484	1	
14	0	0	0	0	496	483	0	
15	0	0	0	0	496	487	0	
0	0	0	0	0	497	496	0	
1	0	0	0	0	499	497	0	
2	0	0	0	0	507	490	1	
3	0	0	0	0	514	487	0	
4	0	0	0	0	517	489	0	
5	0	0	0	0	521	491	0	
6	0	0	0	0	523	492	0	
7	0	0	0	0	524	493	1	
8	0	0	0	0	527	493	0	
9	0	0	0	0	523	498	0	
10	0	0	0	0	522	498	0	
11	0	0	0	0	524	492	0	
12	0	0	0	0	523	488	0	
13	0	0	0	0	519	483	0	
14	0	0	0	0	515	482	0	
15	0	0	0	0	512	480	0	
0	0	0	0	0	513	480	0	
1	0	0	0	0	511	483	0	
2	0	0	0	0	513	480	0	
3	0	0	0	0	515	479	0	
4	0	0	0	0	520	476	0	
5	0	0	0	0	526	474	0	
6	0	0	0	0	526	473	0	
7	0	0	0	0	525	472	0	
8	0	0	0	0	520	471	0	
9	0	0	0	0	516	475	0	
10	0	0	0	0	512	473	0	
11	0	0	0	0	504	473	0	
12	0	0	0	0	494	471	1	
13	0	0	0	0	485	467	0	
14	0	0	0	0	481	468	0	
15	0	0	0	0	480	471	0	
0	0	0	0	0	480	475	0	
1	0	0	0	0	477	480	0	
2	0	0	0	0	476	483	0	
3	0	0	0	0	478	492	0	
4	0	0	0	0	480	506	0	
5	0	0	0	0	481	520	0	
6	0	0	0	0	485	524	1	
7	0	0	0	0	490	518	0	
8	0	0	0	0	496	510	0	
9	0	0	0	0	499	505	1	
10	0	0	0	0	499	501	0	
11	0	0	0	0	500	497	0	
12	0	0	0	0	499	492	0	
13	0	0	0	0	500	487	0	
14	0	0	0	0	504	481	0	
15	0	0	0	0	505	477	1	
0	0	0	0	0	508	475	0	
1	0	0	0	0	508	473	0	
2	0	0	0	0	512	476	0	
3	0	0	0	0	512	473	0	
4	0	0	0	0	512	472	0	
5	0	0	0	0	512	472	0	
6	0	0	0	0	510	469	0	
7	0	0	0	0	504	468	0	
8	0	0	0	0	504	471	0	
9	0	0	0	0	502	475	1	
10	0	0	0	0	502	478	0	
11	0	0	0	0	499	483	0	
12	0	0	0	0	500	491	0	
13	0	0	0	0	507	500	0	
14	0	0	0	0	514	508	0	
15	0	0	0	0	521	518	1	
0	0	0	0	0	523	524	0	
1	0	0	0	0	521	521	0	
2	0	0	0	0	522	512	0	
3	0	0	0	0	525	508	0	
4	0	0	0	0	534	508	1	
5	0	0	0	0	537	505	0	
6	0	0	0	0	538	503	0	
7	0	0	0	0	535	503	0	
8	0	0	0	0	536	502	0	
9	0	0	0	0	542	504	0	
10	0	0	0	0	543	506	0	
11	0	0	0	0	541	512	0	
12	0	0	0	0	536	515	0	
13	0	0	0	0	532	519	0	
14	0	0	0	0	532	521	1	
15	0	0	0	0	532	523	0	
0	0	0	0	0	535	524	0	
1	0	0	0	0	536	525	0	
2	0	0	0	0	534	523	0	
3	0	0	0	0	529	511	0	
4	0	0	0	0	520	498	0	
5	0	0	0	0	514	490	0	
6	0	0	0	0	513	484	0	
7	0	0	0	0	513	484	1	
8	0	0	0	0	508	484	0	
9	0	0	0	0	503	484	0	
10	0	0	0	0	503	492	0	
11	0	0	0	0	505	503	0	
12	0	0	0	0	509	508	1	
13	0	0	0	0	511	507	0	
14	0	0	0	0	506	509	0	
15	0	0	0	0	501	512	0	
0	0	0	0	0	498	515	0	
1	0	0	0	0	496	518	1	
2	0	0	0	0	497	520	0	
3	0	0	0	0	498	513	0	
4	0	0	0	0	498	510	0	
5	0	0	0	0	495	509	0	
6	0	0	0	0	491	511	1	
7	0	0	0	0	488	511	0	
8	0	0	0	0	484	508	0	
9	0	0	0	0	483	508	0	
10	0	0	0	0	482	521	0	
11	0	0	0	0	483	532	0	
12	0	0	0	0	487	542	0	
13	0	0	0	0	488	553	0	
14	0	0	0	0	493	564	1	
15	0	0	0	0	500	565	1	
0	0	0	0	0	510	556	1	
1	0	0	0	0	519	549	0	
2	0	0	0	0	524	541	0	
3	0	0	0	0	527	534	0	
4	0	0	0	0	524	529	0	
5	0	0	0	0	522	531	1	
6	0	0	0	0	527	531	0	
7	0	0	0	0	528	531	0	
8	0	0	0	0	524	528	0	
9	0	0	0	0	513	523	0	
10	0	0	0	0	503	517	1	
11	0	0	0	0	495	513	0	
12	0	0	0	0	480	510	0	
13	0	0	0	0	473	510	0	
14	0	0	0	0	472	508	0	
15	0	0	0	0	473	508	1	
0	0	0	0	0	481	511	0	
1	0	0	0	0	483	519	0	
2	0	0	0	0	491	527	0	
3	0	0	0	0	500	535	0	
4	0	0	0	0	512	542	1	
5	0	0	0	0	516	540	0	
6	0	0	0	0	520	535	0	
7	0	0	0	0	524	527	0	
8	0	0	0	0	526	524	0	
9	0	0	0	0	524	521	1	
10	0	0	0	0	524	519	0	
11	0	0	0	0	525	519	0	
12	0	0	0	0	528	520	0	
13	0	0	0	0	533	517	0	
14	0	0	0	0	542	517	0	
15	0	0	0	0	556	517	0	
0	0	0	0	0	568	516	0	
1	0	0	0	0	575	516	0	
2	0	0	0	0	575	513	0	
3	0	0	0	0	574	506	0	
4	0	0	0	0	568	499	0	
5	0	0	0	0	563	496	0	
6	0	0	0	0	560	495	0	
7	0	0	0	0	560	499	0	
8	0	0	0	0	560	510	0	
9	0	0	0	0	551	515	0	
10	0	0	0	0	542	516	0	
11	0	0	0	0	532	519	0	
12	0	0	0	0	529	520	0	
13	0	0	0	0	528	521	0	
14	0	0	0	0	530	522	0	
15	0	0	0	0	533	521	0	
0	0	0	0	0	541	522	0	
1	0	0	0	0	543	524	0	
2	0	0	0	0	545	523	1	
3	0	0	0	0	545	516	0	
4	0	0	0	0	536	508	0	
5	0	0	0	0	534	500	0	
6	0	0	0	0	530	497	0	
7	0	0	0	0	523	498	1	
8	0	0	0	0	513	499	0	
9	0	0	0	0	511	502	0	
10	0	0	0	0	513	506	0	
11	0	0	0	0	518	512	0	
12	0	0	0	0	524	524	0	
13	0	0	0	0	528	537	1	
14	0	0	0	0	528	542	0	
15	0	0	0	0	534	542	0	
0	0	0	0	0	541	541	0	
1	0	0	0	0	546	542	1	
2	0	0	0	0	544	543	1	
3	0	0	0	0	536	540	0	
4	0	0	0	0	529	535	0	
5	0	0	0	0	528	532	0	
6	0	0	0	0	531	530	0	
7	0	0	0	0	537	530	1	
8	0	0	0	0	543	530	0	
9	0	0	0	0	543	532	0	
10	0	0	0	0	543	539	0	
11	0	0	0	0	543	544	0	
12	0	0	0	0	542	552	1	
13	0	0	0	0	539	559	0	
14	0	0	0	0	538	554	1	
15	0	0	0	0	536	547	1	
0	0	0	0	0	531	542	0	
1	0	0	0	0	528	535	1	
2	0	0	0	0	524	523	0	
3	0	0	0	0	521	513	0	
4	0	0	0	0	515	500	0	
5	0	0	0	0	512	492	1	
6	0	0	0	0	507	488	1	
7	0	0	0	0	500	484	0	
8	0	0	0	0	497	482	0	
9	0	0	0	0	487	477	0	
10	0	0	0	0	480	470	0	
11	0	0	0	0	480	463	0	
12	0	0	0	0	480	459	0	
13	0	0	0	0	487	460	0	
14	0	0	0	0	495	458	0	
15	0	0	0	0	503	463	0	
0	0	0	0	0	510	474	0	
1	0	0	0	0	515	484	0	
2	0	0	0	0	519	492	0	
3	0	0	0	0	522	498	0	
4	0	0	0	0	527	498	1	
5	0	0	0	0	527	496	0	
6	0	0	0	0	528	486	0	
7	0	0	0	0	529	477	0	
8	0	0	0	0	532	475	0	
9	0	0	0	0	531	479	1	
10	0	0	0	0	534	488	0	
11	0	0	0	0	534	498	0	
12	0	0	0	0	532	506	0	
13	0	0	0	0	531	511	0	
14	0	0	0	0	524	517	1	
15	0	0	0	0	515	525	0	
0	0	0	0	0	506	527	0	
1	0	0	0	0	506	525	0	
2	0	0	0	0	502	529	0	
3	0	0	0	0	496	541	1	
4	0	0	0	0	496	551	0	
5	0	0	0	0	496	549	0	
6	0	0	0	0	500	542	0	
7	0	0	0	0	502	536	0	
8	0	0	0	0	501	535	1	
9	0	0	0	0	499	536	1	
10	0	0	0	0	499	535	0	
11	0	0	0	0	501	532	0	
12	0	0	0	0	503	530	0	
13	0	0	0	0	502	527	1	
14	0	0	0	0	505	524	0	
15	0	0	0	0	505	520	0	
0	0	0	0	0	504	516	0	
1	0	0	0	0	503	516	0	
2	0	0	0	0	501	515	1	
3	0	0	0	0	504	515	0	
4	0	0	0	0	509	513	0	
5	0	0	0	0	517	509	0	
6	0	0	0	0	527	503	0	
7	0	0	0	0	534	494	1	
8	0	0	0	0	540	492	0	
9	0	0	0	0	540	488	0	
10	0	0	0	0	542	489	0	
11	0	0	0	0	537	487	0	
12	0	0	0	0	534	486	0	
13	0	0	0	0	531	491	0	
14	0	0	0	0	527	493	0	
15	0	0	0	0	529	498	0	
0	0	0	0	0	530	504	0	
1	0	0	0	0	536	508	0	
2	0	0	0	0	542	511	0	
3	0	0	0	0	535	509	0	
4	0	0	0	0	532	510	1	
5	0	0	0	0	531	511	0	
6	0	0	0	0	533	516	1	
7	0	0	0	0	539	523	0	
8	0	0	0	0	540	529	0	
9	0	0	0	0	536	525	0	
10	0	0	0	0	536	514	0	
11	0	0	0	0	536	505	1	
12	0	0	0	0	540	502	0	
13	0	0	0	0	543	498	0	
14	0	0	0	0	546	499	0	
15	0	0	0	0	542	503	0	
0	0	0	0	0	547	508	0	
1	0	0	0	0	551	510	1	
2	0	0	0	0	545	510	0	
3	0	0	0	0	528	506	0	
4	0	0	0	0	513	502	1	
5	0	0	0	0	501	497	0	
6	0	0	0	0	495	493	0	
7	0	0	0	0	489	494	0	
8	0	0	0	0	487	501	0	
9	0	0	0	0	488	509	0	
10	0	0	0	0	489	506	0	
11	0	0	0	0	491	494	1	
12	0	0	0	0	490	483	0	
13	0	0	0	0	496	473	0	
14	0	0	0	0	499	470	0	
15	0	0	0	0	503	475	0	
0	0	0	0	0	511	483	0	
1	0	0	0	0	517	492	0	
2	0	0	0	0	524	502	0	
3	0	0	0	0	527	509	0	
4	0	0	0	0	531	505	1	
5	0	0	0	0	534	499	1	
6	0	0	0	0	534	501	0	
7	0	0	0	0	528	497	0	
8	0	0	0	0	527	494	0	
9	0	0	0	0	524	487	1	
10	0	0	0	0	521	480	0	
11	0	0	0	0	518	471	0	
12	0	0	0	0	515	467	0	
13	0	0	0	0	511	467	0	
14	0	0	0	0	510	475	0	
15	0	0	0	0	514	480	0	
0	0	0	0	0	513	480	0	
1	0	0	0	0	515	480	0	
2	0	0	0	0	521	479	0	
3	0	0	0	0	527	475	1	
4	0	0	0	0	530	469	0	
5	0	0	0	0	531	465	0	
6	0	0	0	0	531	464	0	
7	0	0	0	0	527	472	0	
8	0	0	0	0	516	474	0	
9	0	0	0	0	509	480	0	
10	0	0	0	0	500	487	0	
11	0	0	0	0	492	494	0	
12	0	0	0	0	487	496	0	
13	0	0	0	0	484	497	0	
14	0	0	0	0	482	496	0	
15	0	0	0	0	477	497	0	
0	0	0	0	0	474	499	0	
1	0	0	0	0	474	499	0	
2	0	0	0	0	478	499	0	
3	0	0	0	0	477	497	0	
4	0	0	0	0	474	495	0	
5	0	0	0	0	478	492	0	
6	0	0	0	0	488	495	0	
7	0	0	0	0	496	502	1	
8	0	0	0	0	499	515	0	
9	0	0	0	0	499	533	0	
10	0	0	0	0	500	548	0	
11	0	0	0	0	499	556	1	
12	0	0	0	0	500	546	1	
13	0	0	0	0	504	534	0	
14	0	0	0	0	506	523	0	
15	0	0	0	0	514	513	0	
0	0	0	0	0	529	507	0	
1	0	0	0	0	536	506	0	
2	0	0	0	0	534	506	0	
3	0	0	0	0	527	498	0	
4	0	0	0	0	520	489	0	
5	0	0	0	0	515	484	0	
6	0	0	0	0	508	480	0	
7	0	0	0	0	502	478	0	
8	0	0	0	0	495	478	0	
9	0	0	0	0	494	481	0	
10	0	0	0	0	497	481	0	
11	0	0	0	0	501	481	0	
12	0	0	0	0	501	481	0	
13	0	0	0	0	501	483	0	
14	0	0	0	0	502	489	0	
15	0	0	0	0	505	497	0	
0	0	0	0	0	508	504	1	
1	0	0	0	0	509	512	0	
2	0	0	0	0	511	519	0	
3	0	0	0	0	518	526	0	
4	0	0	0	0	521	535	0	
5	0	0	0	0	524	547	1	
6	0	0	0	0	527	555	0	
7	0	0	0	0	529	550	0	
8	0	0	0	0	529	542	0	
9	0	0	0	0	526	535	0	
10	0	0	0	0	521	526	0	
11	0	0	0	0	517	519	0	
12	0	0	0	0	517	507	0	
13	0	0	0	0	520	499	0	
14	0	0	0	0	524	497	0	
15	0	0	0	0	527	497	1	
0	0	0	0	0	526	494	0	
1	0	0	0	0	525	485	0	
2	0	0	0	0	523	476	0	
3	0	0	0	0	517	470	0	
4	0	0	0	0	511	466	0	
5	0	0	0	0	509	467	0	
6	0	0	0	0	510	470	0	
7	0	0	0	0	510	474	0	
8	0	0	0	0	511	480	0	
9	0	0	0	0	516	489	0	
10	0	0	0	0	518	505	0	
11	0	0	0	0	519	514	0	
12	0	0	0	0	517	512	0	
13	0	0	0	0	517	514	0	
14	0	0	0	0	519	516	1	
15	0	0	0	0	523	519	1	
0	0	0	0	0	528	523	0	
1	0	0	0	0	533	529	0	
2	0	0	0	0	537	536	0	
3	0	0	0	0	542	539	0	
4	0	0	0	0	537	536	0	
5	0	0	0	0	534	531	0	
6	0	0	0	0	531	515	0	
7	0	0	0	0	529	500	0	
8	0	0	0	0	526	489	0	
9	0	0	0	0	515	474	0	
10	0	0	0	0	509	467	0	
11	0	0	0	0	504	463	0	
12	0	0	0	0	502	465	0	
13	0	0	0	0	499	467	0	
14	0	0	0	0	497	471	0	
15	0	0	0	0	493	477	0	
0	0	0	0	0	487	484	0	
1	0	0	0	0	483	489	0	
2	0	0	0	0	481	497	0	
3	0	0	0	0	485	499	0	
4	0	0	0	0	488	495	0	
5	0	0	0	0	485	487	0	
6	0	0	0	0	480	479	0	
7	0	0	0	0	478	472	0	
8	0	0	0	0	479	470	0	
9	0	0	0	0	481	471	0	
10	0	0	0	0	486	467	0	
11	0	0	0	0	493	460	0	
12	0	0	0	0	499	450	0	
13	0	0	0	0	508	447	0	
14	0	0	0	0	510	441	0	
15	0	0	0	0	514	441	0	
0	0	0	0	0	521	449	0	
1	0	0	0	0	528	461	0	
2	0	0	0	0	532	472	0	
3	0	0	0	0	530	486	0	
4	0	0	0	0	526	499	0	
5	0	0	0	0	521	508	0	
6	0	0	0	0	518	516	1	
7	0	0	0	0	515	518	0	
8	0	0	0	0	512	518	0	
9	0	0	0	0	507	513	0	
10	0	0	0	0	511	508	1	
11	0	0	0	0	515	500	0	
12	0	0	0	0	521	493	1	
13	0	0	0	0	520	483	0	
14	0	0	0	0	520	479	0	
15	0	0	0	0	517	482	0	
0	0	0	0	0	510	487	0	
1	0	0	0	0	509	489	1	
2	0	0	0	0	510	495	0	
3	0	0	0	0	507	495	0	
4	0	0	0	0	503	489	1	
5	0	0	0	0	500	490	0	
6	0	0	0	0	500	494	0	
7	0	0	0	0	499	496	0	
8	0	0	0	0	497	491	0	
9	0	0	0	0	488	484	0	
10	0	0	0	0	481	476	0	
11	0	0	0	0	478	475	0	
12	0	0	0	0	473	473	0	
13	0	0	0	0	471	473	0	
14	0	0	0	0	470	472	0	
15	0	0	0	0	475	470	0	
0	0	0	0	0	480	467	0	
1	0	0	0	0	484	465	0	
2	0	0	0	0	489	467	0	
3	0	0	0	0	494	477	0	
4	0	0	0	0	495	488	0	
5	0	0	0	0	495	498	0	
6	0	0	0	0	490	500	0	
7	0	0	0	0	484	502	0	
8	0	0	0	0	479	503	0	
9	0	0	0	0	470	502	1	
10	0	0	0	0	467	494	0	
11	0	0	0	0	471	481	0	
12	0	0	0	0	473	468	0	
13	0	0	0	0	473	458	0	
14	0	0	0	0	475	456	0	
15	0	0	0	0	480	461	0	
0	0	0	0	0	483	468	0	
1	0	0	0	0	484	476	0	
2	0	0	0	0	488	484	0	
3	0	0	0	0	492	489	0	
4	0	0	0	0	495	495	0	
5	0	0	0	0	492	498	0	
6	0	0	0	0	492	495	0	
7	0	0	0	0	488	490	0	
8	0	0	0	0	480	485	0	
9	0	0	0	0	477	484	0	
10	0	0	0	0	481	487	0	
11	0	0	0	0	487	494	0	
12	0	0	0	0	490	499	0	
13	0	0	0	0	492	507	1	
14	0	0	0	0	496	513	0	
15	0	0	0	0	502	521	0	
0	0	0	0	0	511	523	0	
1	0	0	0	0	519	523	0	
2	0	0	0	0	529	528	1	
3	0	0	0	0	532	541	1	
4	0	0	0	0	529	542	0	
5	0	0	0	0	528	535	0	
6	0	0	0	0	520	522	0	
7	0	0	0	0	511	513	1	
8	0	0	0	0	504	506	0	
9	0	0	0	0	495	499	0	
10	0	0	0	0	489	491	0	
11	0	0	0	0	481	483	0	
12	0	0	0	0	478	479	0	
13	0	0	0	0	476	479	0	
14	0	0	0	0	477	479	0	
15	0	0	0	0	482	480	0	
0	0	0	0	0	485	484	0	
1	0	0	0	0	487	489	0	
2	0	0	0	0	492	490	0	
3	0	0	0	0	495	492	0	
4	0	0	0	0	496	494	0	
5	0	0	0	0	499	493	0	
6	0	0	0	0	499	498	0	
7	0	0	0	0	501	502	0	
8	0	0	0	0	503	498	0	
9	0	0	0	0	504	497	0	
10	0	0	0	0	509	499	0	
11	0	0	0	0	514	502	1	
12	0	0	0	0	517	500	0	
13	0	0	0	0	516	500	0	
14	0	0	0	0	521	505	0	
15	0	0	0	0	523	505	0	
0	0	0	0	0	521	507	1	
1	0	0	0	0	521	510	0	
2	0	0	0	0	521	515	0	
3	0	0	0	0	519	516	0	
4	0	0	0	0	518	521	0	
5	0	0	0	0	521	527	1	
6	0	0	0	0	526	532	0	
7	0	0	0	0	527	539	0	
8	0	0	0	0	526	546	0	
9	0	0	0	0	521	550	0	
10	0	0	0	0	518	550	1	
11	0	0	0	0	515	548	0	
12	0	0	0	0	510	543	0	
13	0	0	0	0	510	538	0	
14	0	0	0	0	512	537	0	
15	0	0	0	0	512	540	1	
0	0	0	0	0	511	539	1	
1	0	0	0	0	507	534	0	
2	0	0	0	0	506	529	0	
3	0	0	0	0	508	520	0	
4	0	0	0	0	510	515	0	
5	0	0	0	0	511	518	0	
6	0	0	0	0	507	518	0	
7	0	0	0	0	503	515	0	
8	0	0	0	0	495	511	0	
9	0	0	0	0	490	513	0	
10	0	0	0	0	491	519	0	
11	0	0	0	0	487	520	0	
12	0	0	0	0	482	515	0	
13	0	0	0	0	471	508	0	
14	0	0	0	0	462	507	0	
15	0	0	0	0	456	507	1	
0	0	0	0	0	455	509	0	
1	0	0	0	0	448	510	0	
2	0	0	0	0	446	511	0	
3	0	0	0	0	446	510	0	
4	0	0	0	0	446	503	1	
5	0	0	0	0	443	494	0	
6	0	0	0	0	443	486	0	
7	0	0	0	0	443	480	0	
8	0	0	0	0	443	475	0	
9	0	0	0	0	448	481	0	
10	0	0	0	0	453	487	0	
11	0	0	0	0	456	491	0	
12	0	0	0	0	459	497	0	
13	0	0	0	0	455	510	1	
14	0	0	0	0	450	527	0	
15	0	0	0	0	444	536	0	
0	0	0	0	0	437	540	0	
1	0	0	0	0	431	538	0	
2	0	0	0	0	425	536	1	
3	0	0	0	0	424	532	0	
4	0	0	0	0	428	525	0	
5	0	0	0	0	436	524	0	
6	0	0	0	0	445	519	0	
7	0	0	0	0	451	515	1	
8	0	0	0	0	455	513	0	
9	0	0	0	0	460	508	0	
10	0	0	0	0	467	502	0	
11	0	0	0	0	471	500	0	
12	0	0	0	0	479	501	1	
13	0	0	0	0	483	504	0	
14	0	0	0	0	477	505	0	
15	0	0	0	0	475	510	0	
0	0	0	0	0	475	516	0	
1	0	0	0	0	479	521	1	
2	0	0	0	0	485	524	1	
3	0	0	0	0	489	524	0	
4	0	0	0	0	488	514	0	
5	0	0	0	0	487	511	0	
6	0	0	0	0	481	510	0	
7	0	0	0	0	473	514	0	
8	0	0	0	0	463	509	0	
9	0	0	0	0	460	507	0	
10	0	0	0	0	463	510	0	
11	0	0	0	0	462	516	1	
12	0	0	0	0	465	518	0	
13	0	0	0	0	472	519	0	
14	0	0	0	0	480	520	0	
15	0	0	0	0	486	520	0	
0	0	0	0	0	491	525	0	
1	0	0	0	0	495	532	1	
2	0	0	0	0	494	545	0	
3	0	0	0	0	493	556	1	
4	0	0	0	0	494	557	1	
5	0	0	0	0	495	548	1	
6	0	0	0	0	493	534	0	
7	0	0	0	0	489	519	0	
8	0	0	0	0	487	511	0	
9	0	0	0	0	484	502	0	
10	0	0	0	0	483	498	0	
11	0	0	0	0	486	496	0	
12	0	0	0	0	488	496	0	
13	0	0	0	0	486	499	0	
14	0	0	0	0	487	504	0	
15	0	0	0	0	492	508	0	
0	0	0	0	0	494	511	0	
1	0	0	0	0	497	510	0	
2	0	0	0	0	495	509	0	
3	0	0	0	0	494	513	0	
4	0	0	0	0	495	513	0	
5	0	0	0	0	494	517	1	
6	0	0	0	0	489	520	0	
7	0	0	0	0	485	521	0	
8	0	0	0	0	486	514	0	
9	0	0	0	0	485	503	0	
10	0	0	0	0	484	494	0	
11	0	0	0	0	484	489	0	
12	0	0	0	0	487	484	0	
13	0	0	0	0	498	481	0	
14	0	0	0	0	514	481	0	
15	0	0	0	0	528	480	0	
0	0	0	0	0	536	480	0	
1	0	0	0	0	534	478	0	
2	0	0	0	0	534	479	0	
3	0	0	0	0	529	483	0	
4	0	0	0	0	527	486	0	
5	0	0	0	0	516	482	0	
6	0	0	0	0	508	480	0	
7	0	0	0	0	500	474	0	
8	0	0	0	0	496	470	0	
9	0	0	0	0	493	472	0	
10	0	0	0	0	491	474	0	
11	0	0	0	0	491	478	0	
12	0	0	0	0	492	478	0	
13	0	0	0	0	493	476	0	
14	0	0	0	0	495	473	0	
15	0	0	0	0	494	469	0	
0	0	0	0	0	494	458	0	
1	0	0	0	0	495	449	0	
2	0	0	0	0	492	444	0	
3	0	0	0	0	492	446	0	
4	0	0	0	0	488	455	0	
5	0	0	0	0	482	462	0	
6	0	0	0	0	478	469	0	
7	0	0	0	0	476	477	0	
8	0	0	0	0	481	488	0	
9	0	0	0	0	489	492	0	
10	0	0	0	0	500	487	0	
11	0	0	0	0	511	481	0	
12	0	0	0	0	520	480	0	
13	0	0	0	0	528	480	0	
14	0	0	0	0	533	482	0	
15	0	0	0	0	536	485	0	
0	0	0	0	0	537	486	0	
1	0	0	0	0	535	487	0	
2	0	0	0	0	532	490	0	
3	0	0	0	0	526	488	0	
4	0	0	0	0	516	482	0	
5	0	0	0	0	512	479	0	
6	0	0	0	0	509	485	0	
7	0	0	0	0	504	489	0	
8	0	0	0	0	503	494	0	
9	0	0	0	0	504	496	0	
10	0	0	0	0	512	499	0	
11	0	0	0	0	516	501	0	
12	0	0	0	0	519	505	0	
13	0	0	0	0	523	508	0	
14	0	0	0	0	521	513	0	
15	0	0	0	0	521	516	0	
0	0	0	0	0	520	519	0	
1	0	0	0	0	519	519	0	
2	0	0	0	0	512	519	0	
3	0	0	0	0	510	516	0	
4	0	0	0	0	512	511	0	
5	0	0	0	0	508	503	1	
6	0	0	0	0	501	501	0	
7	0	0	0	0	491	500	0	
8	0	0	0	0	481	505	0	
9	0	0	0	0	472	511	0	
10	0	0	0	0	468	516	0	
11	0	0	0	0	469	519	0	
12	0	0	0	0	465	516	0	
13	0	0	0	0	460	513	0	
14	0	0	0	0	455	513	0	
15	0	0	0	0	454	516	0	
0	0	0	0	0	454	515	1	
1	0	0	0	0	452	512	0	
2	0	0	0	0	453	513	0	
3	0	0	0	0	459	515	0	
4	0	0	0	0	462	521	1	
5	0	0	0	0	464	526	0	
6	0	0	0	0	467	531	0	
7	0	0	0	0	471	535	0	
8	0	0	0	0	472	537	0	
9	0	0	0	0	470	541	1	
10	0	0	0	0	471	543	1	
11	0	0	0	0	472	545	0	
12	0	0	0	0	475	553	1	
13	0	0	0	0	478	563	1	
14	0	0	0	0	479	577	1	
15	0	0	0	0	477	582	1	
0	0	0	0	0	477	577	1	
1	0	0	0	0	476	567	1	
2	0	0	0	0	474	558	1	
3	0	0	0	0	473	556	1	
4	0	0	0	0	476	555	1	
5	0	0	0	0	481	556	1	
6	0	0	0	0	486	561	1	
7	0	0	0	0	489	568	1	
8	0	0	0	0	494	568	1	
9	0	0	0	0	502	567	1	
10	0	0	0	0	504	558	1	
11	0	0	0	0	506	547	0	
12	0	0	0	0	507	543	0	
13	0	0	0	0	508	539	1	
14	0	0	0	0	505	537	0	
15	0	0	0	0	504	533	0	
0	0	0	0	0	504	529	0	
1	0	0	0	0	501	520	1	
2	0	0	0	0	500	519	0	
3	0	0	0	0	496	523	0	
4	0	0	0	0	488	522	0	
5	0	0	0	0	483	523	0	
6	0	0	0	0	475	520	0	
7	0	0	0	0	464	521	0	
8	0	0	0	0	457	515	0	
9	0	0	0	0	452	502	0	
10	0	0	0	0	453	494	0	
11	0	0	0	0	457	486	0	
12	0	0	0	0	460	476	0	
13	0	0	0	0	458	472	0	
14	0	0	0	0	451	474	0	
15	0	0	0	0	442	474	0	
0	0	0	0	0	441	479	1	
1	0	0	0	0	441	476	0	
2	0	0	0	0	447	476	0	
3	0	0	0	0	449	476	0	
4	0	0	0	0	453	477	0	
5	0	0	0	0	458	479	0	
6	0	0	0	0	463	479	0	
7	0	0	0	0	465	478	0	
8	0	0	0	0	464	476	0	
9	0	0	0	0	467	469	0	
10	0	0	0	0	474	467	0	
11	0	0	0	0	479	468	0	
12	0	0	0	0	482	471	0	
13	0	0	0	0	483	471	0	
14	0	0	0	0	482	469	0	
15	0	0	0	0	479	470	0	
0	0	0	0	0	475	472	0	
1	0	0	0	0	476	478	0	
2	0	0	0	0	476	488	0	
3	0	0	0	0	479	495	0	
4	0	0	0	0	481	494	1	
5	0	0	0	0	481	487	0	
6	0	0	0	0	483	488	0	
7	0	0	0	0	487	484	0	
8	0	0	0	0	491	480	0	
9	0	0	0	0	495	478	0	
10	0	0	0	0	498	480	0	
11	0	0	0	0	501	485	0	
12	0	0	0	0	503	486	0	
13	0	0	0	0	508	479	0	
14	0	0	0	0	515	470	0	
15	0	0	0	0	520	466	0	
0	0	0	0	0	522	464	0	
1	0	0	0	0	519	464	0	
2	0	0	0	0	516	462	0	
3	0	0	0	0	512	465	0	
4	0	0	0	0	505	468	0	
5	0	0	0	0	500	474	0	
6	0	0	0	0	497	477	0	
7	0	0	0	0	499	477	0	
8	0	0	0	0	506	475	0	
9	0	0	0	0	514	473	0	
10	0	0	0	0	516	472	0	
11	0	0	0	0	517	474	0	
12	0	0	0	0	516	472	0	
13	0	0	0	0	517	466	0	
14	0	0	0	0	517	463	0	
15	0	0	0	0	518	469	0	
0	0	0	0	0	518	476	0	
1	0	0	0	0	524	487	0	
2	0	0	0	0	524	496	0	
3	0	0	0	0	523	504	0	
4	0	0	0	0	522	506	0	
5	0	0	0	0	519	505	0	
6	0	0	0	0	519	496	0	
7	0	0	0	0	522	483	0	
8	0	0	0	0	529	480	0	
9	0	0	0	0	540	481	0	
10	0	0	0	0	549	485	0	
11	0	0	0	0	555	493	0	
12	0	0	0	0	558	503	0	
13	0	0	0	0	555	514	1	
14	0	0	0	0	550	519	0	
15	0	0	0	0	541	521	0	
0	0	0	0	0	537	518	0	
1	0	0	0	0	538	509	0	
2	0	0	0	0	541	508	0	
3	0	0	0	0	543	512	0	
4	0	0	0	0	540	516	0	
5	0	0	0	0	533	515	0	
6	0	0	0	0	524	509	0	
7	0	0	0	0	512	501	0	
8	0	0	0	0	503	499	0	
9	0	0	0	0	492	498	0	
10	0	0	0	0	484	497	0	
11	0	0	0	0	479	498	0	
12	0	0	0	0	475	504	0	
13	0	0	0	0	479	514	0	
14	0	0	0	0	485	524	0	
15	0	0	0	0	495	540	0	
0	0	0	0	0	496	555	1	
1	0	0	0	0	498	569	1	
2	0	0	0	0	504	580	1	
3	0	0	0	0	509	584	1	
4	0	0	0	0	514	583	1	
5	0	0	0	0	514	584	1	
6	0	0	0	0	513	580	1	
7	0	0	0	0	515	579	1	
8	0	0	0	0	515	575	1	
9	0	0	0	0	512	573	1	
10	0	0	0	0	503	568	1	
11	0	0	0	0	492	562	1	
12	0	0	0	0	483	558	1	
13	0	0	0	0	472	550	1	
14	0	0	0	0	466	544	0	
15	0	0	0	0	463	543	0	
0	0	0	0	0	462	543	1	
1	0	0	0	0	462	547	1	
2	0	0	0	0	463	547	0	
3	0	0	0	0	464	544	0	
4	0	0	0	0	467	542	0	
5	0	0	0	0	477	542	1	
6	0	0	0	0	492	544	1	
7	0	0	0	0	501	546	0	
8	0	0	0	0	511	544	0	
9	0	0	0	0	514	534	1	
10	0	0	0	0	517	527	1	
11	0	0	0	0	524	527	1	
12	0	0	0	0	531	529	0	
13	0	0	0	0	540	529	0	
14	0	0	0	0	551	528	0	
15	0	0	0	0	559	527	0	
0	0	0	0	0	563	530	1	
1	0	0	0	0	560	529	0	
2	0	0	0	0	558	525	0	
3	0	0	0	0	555	520	0	
4	0	0	0	0	548	512	0	
5	0	0	0	0	539	504	0	
6	0	0	0	0	531	498	0	
7	0	0	0	0	525	494	0	
8	0	0	0	0	522	492	0	
9	0	0	0	0	519	495	0	
10	0	0	0	0	515	503	0	
11	0	0	0	0	508	515	0	
12	0	0	0	0	506	521	0	
13	0	0	0	0	506	522	0	
14	0	0	0	0	505	525	1	
15	0	0	0	0	510	528	1	
0	0	0	0	0	509	534	0	
1	0	0	0	0	514	540	1	
2	0	0	0	0	513	543	0	
3	0	0	0	0	512	545	1	
4	0	0	0	0	512	546	1	
5	0	0	0	0	509	543	0	
6	0	0	0	0	509	543	0	
7	0	0	0	0	513	543	0	
8	0	0	0	0	519	541	1	
9	0	0	0	0	527	541	1	
10	0	0	0	0	533	539	0	
11	0	0	0	0	542	537	0	
12	0	0	0	0	551	543	0	
13	0	0	0	0	560	546	1	
14	0	0	0	0	568	546	1	
15	0	0	0	0	570	546	0	
0	0	0	0	0	574	544	0	
1	0	0	0	0	575	540	1	
2	0	0	0	0	572	533	0	
3	0	0	0	0	565	528	0	
4	0	0	0	0	555	521	0	
5	0	0	0	0	547	519	0	
6	0	0	0	0	540	516	0	
7	0	0	0	0	538	518	0	
8	0	0	0	0	537	525	0	
9	0	0	0	0	535	531	0	
10	0	0	0	0	536	542	0	
11	0	0	0	0	534	545	0	
12	0	0	0	0	532	543	1	
13	0	0	0	0	531	539	0	
14	0	0	0	0	526	532	0	
15	0	0	0	0	522	527	0	
0	0	0	0	0	516	519	0	
1	0	0	0	0	519	512	0	
2	0	0	0	0	527	509	0	
3	0	0	0	0	536	508	0	
4	0	0	0	0	540	512	0	
5	0	0	0	0	542	513	0	
6	0	0	0	0	542	510	0	
7	0	0	0	0	548	505	0	
8	0	0	0	0	547	499	0	
9	0	0	0	0	541	496	0	
10	0	0	0	0	531	499	0	
11	0	0	0	0	519	502	0	
12	0	0	0	0	511	501	0	
13	0	0	0	0	511	504	0	
14	0	0	0	0	511	502	0	
15	0	0	0	0	514	505	0	
0	0	0	0	0	509	510	0	
1	0	0	0	0	503	523	1	
2	0	0	0	0	493	545	0	
3	0	0	0	0	487	561	1	
4	0	0	0	0	484	564	1	
5	0	0	0	0	483	557	1	
6	0	0	0	0	484	546	1	
7	0	0	0	0	481	537	0	
8	0	0	0	0	476	534	0	
9	0	0	0	0	472	531	0	
10	0	0	0	0	472	527	0	
11	0	0	0	0	478	529	1	
12	0	0	0	0	483	527	0	
13	0	0	0	0	488	524	0	
14	0	0	0	0	495	528	0	
15	0	0	0	0	497	531	1	
0	0	0	0	0	497	536	1	
1	0	0	0	0	490	543	0	
2	0	0	0	0	484	549	0	
3	0	0	0	0	476	552	1	
4	0	0	0	0	470	554	1	
5	0	0	0	0	473	556	1	
6	0	0	0	0	483	556	1	
7	0	0	0	0	492	550	0	
8	0	0	0	0	498	542	0	
9	0	0	0	0	499	536	1	
10	0	0	0	0	503	532	1	
11	0	0	0	0	503	531	0	
12	0	0	0	0	504	524	0	
13	0	0	0	0	503	517	0	
14	0	0	0	0	501	515	0	
15	0	0	0	0	493	513	1	
0	0	0	0	0	481	512	0	
1	0	0	0	0	475	518	0	
2	0	0	0	0	474	529	0	
3	0	0	0	0	477	533	1	
4	0	0	0	0	487	532	1	
5	0	0	0	0	495	529	0	
6	0	0	0	0	506	530	0	
7	0	0	0	0	520	524	0	
8	0	0	0	0	536	515	0	
9	0	0	0	0	547	507	1	
10	0	0	0	0	556	497	0	
11	0	0	0	0	564	493	0	
12	0	0	0	0	565	491	0	
13	0	0	0	0	565	487	0	
14	0	0	0	0	563	490	0	
15	0	0	0	0	559	493	0	
0	0	0	0	0	553	500	0	
1	0	0	0	0	542	512	0	
2	0	0	0	0	533	524	0	
3	0	0	0	0	532	528	0	
4	0	0	0	0	531	526	0	
5	0	0	0	0	536	527	0	
6	0	0	0	0	537	525	0	
7	0	0	0	0	534	528	0	
8	0	0	0	0	530	524	1	
9	0	0	0	0	524	508	0	
10	0	0	0	0	521	494	0	
11	0	0	0	0	519	488	0	
12	0	0	0	0	517	487	0	
13	0	0	0	0	517	487	0	
14	0	0	0	0	522	484	0	
15	0	0	0	0	533	483	0	
0	0	0	0	0	542	488	0	
1	0	0	0	0	552	497	0	
2	0	0	0	0	560	505	0	
3	0	0	0	0	562	511	0	
4	0	0	0	0	563	519	0	
5	0	0	0	0	563	529	0	
6	0	0	0	0	558	539	0	
7	0	0	0	0	556	548	1	
8	0	0	0	0	551	556	1	
9	0	0	0	0	545	557	1	
10	0	0	0	0	542	551	1	
11	0	0	0	0	539	543	0	
12	0	0	0	0	534	535	1	
13	0	0	0	0	532	522	0	
14	0	0	0	0	532	511	0	
15	0	0	0	0	531	501	0	
0	0	0	0	0	532	494	0	
1	0	0	0	0	532	491	1	
2	0	0	0	0	531	491	0	
3	0	0	0	0	535	498	0	
4	0	0	0	0	540	508	0	
5	0	0	0	0	546	513	0	
6	0	0	0	0	551	522	1	
7	0	0	0	0	554	527	0	
8	0	0	0	0	555	529	0	
9	0	0	0	0	553	531	0	
10	0	0	0	0	551	531	0	
11	0	0	0	0	548	528	1	
12	0	0	0	0	545	526	0	
13	0	0	0	0	545	527	0	
14	0	0	0	0	541	530	0	
15	0	0	0	0	547	529	0	
0	0	0	0	0	551	525	1	
1	0	0	0	0	551	523	0	
2	0	0	0	0	550	518	0	
3	0	0	0	0	546	521	0	
4	0	0	0	0	545	533	1	
5	0	0	0	0	544	542	1	
6	0	0	0	0	543	548	0	
7	0	0	0	0	546	551	1	
8	0	0	0	0	545	550	0	
9	0	0	0	0	543	543	1	
10	0	0	0	0	543	541	1	
11	0	0	0	0	536	533	0	
12	0	0	0	0	531	528	0	
13	0	0	0	0	529	536	0	
14	0	0	0	0	530	544	0	
15	0	0	0	0	533	551	1	
0	0	0	0	0	537	545	0	
1	0	0	0	0	545	535	0	
2	0	0	0	0	548	525	1	
3	0	0	0	0	550	520	0	
4	0	0	0	0	555	522	1	
5	0	0	0	0	552	527	0	
6	0	0	0	0	547	525	0	
7	0	0	0	0	541	525	0	
8	0	0	0	0	531	528	0	
9	0	0	0	0	527	530	1	
10	0	0	0	0	529	532	0	
11	0	0	0	0	536	533	0	
12	0	0	0	0	542	531	0	
13	0	0	0	0	546	532	0	
14	0	0	0	0	550	533	1	
15	0	0	0	0	553	532	0	
0	0	0	0	0	560	528	0	
1	0	0	0	0	563	527	0	
2	0	0	0	0	565	531	1	
3	0	0	0	0	563	538	0	
4	0	0	0	0	555	539	1	
5	0	0	0	0	552	533	0	
6	0	0	0	0	553	524	0	
7	0	0	0	0	560	514	0	
8	0	0	0	0	568	506	1	
9	0	0	0	0	573	501	0	
10	0	0	0	0	576	498	0	
11	0	0	0	0	574	497	0	
12	0	0	0	0	572	499	0	
13	0	0	0	0	570	504	0	
14	0	0	0	0	564	508	0	
15	0	0	0	0	559	510	0	
0	0	0	0	0	556	517	0	
1	0	0	0	0	553	518	0	
2	0	0	0	0	555	515	1	
3	0	0	0	0	556	513	0	
4	0	0	0	0	557	511	0	
5	0	0	0	0	556	508	0	
6	0	0	0	0	558	505	0	
7	0	0	0	0	563	505	1	
8	0	0	0	0	560	508	0	
9	0	0	0	0	552	510	0	
10	0	0	0	0	548	509	0	
11	0	0	0	0	541	506	0	
12	0	0	0	0	533	507	1	
13	0	0	0	0	527	511	0	
14	0	0	0	0	526	511	0	
15	0	0	0	0	524	511	0	
0	0	0	0	0	519	513	0	
1	0	0	0	0	516	514	1	
2	0	0	0	0	514	511	0	
3	0	0	0	0	515	511	0	
4	0	0	0	0	518	513	0	
5	0	0	0	0	519	520	0	
6	0	0	0	0	521	525	1	
7	0	0	0	0	526	518	0	
8	0	0	0	0	531	510	0	
9	0	0	0	0	537	505	0	
10	0	0	0	0	536	504	0	
11	0	0	0	0	531	506	0	
12	0	0	0	0	530	507	0	
13	0	0	0	0	528	504	0	
14	0	0	0	0	532	506	0	
15	0	0	0	0	536	510	1	
0	0	0	0	0	542	513	1	
1	0	0	0	0	549	519	0	
2	0	0	0	0	556	528	0	
3	0	0	0	0	561	530	0	
4	0	0	0	0	564	530	0	
5	0	0	0	0	559	529	1	
6	0	0	0	0	551	531	0	
7	0	0	0	0	547	540	0	
8	0	0	0	0	545	541	0	
9	0	0	0	0	547	537	1	
10	0	0	0	0	552	533	1	
11	0	0	0	0	552	531	0	
12	0	0	0	0	552	530	0	
13	0	0	0	0	554	531	0	
14	0	0	0	0	558	531	0	
15	0	0	0	0	564	528	1	
0	0	0	0	0	569	524	0	
1	0	0	0	0	571	519	0	
2	0	0	0	0	572	511	0	
3	0	0	0	0	570	503	0	
4	0	0	0	0	566	494	0	
5	0	0	0	0	561	489	0	
6	0	0	0	0	559	491	0	
7	0	0	0	0	553	497	0	
8	0	0	0	0	546	502	0	
9	0	0	0	0	542	511	1	
10	0	0	0	0	536	514	0	
11	0	0	0	0	527	515	0	
12	0	0	0	0	515	515	0	
13	0	0	0	0	506	508	0	
14	0	0	0	0	503	502	1	
15	0	0	0	0	498	495	0	
0	0	0	0	0	495	491	0	
1	0	0	0	0	495	490	0	
2	0	0	0	0	496	490	0	
3	0	0	0	0	503	492	1	
4	0	0	0	0	503	494	0	
5	0	0	0	0	502	495	0	
6	0	0	0	0	496	502	0	
7	0	0	0	0	490	507	0	
8	0	0	0	0	492	512	1	
9	0	0	0	0	495	515	0	
10	0	0	0	0	501	521	0	
11	0	0	0	0	504	530	0	
12	0	0	0	0	508	539	1	
13	0	0	0	0	515	540	1	
14	0	0	0	0	515	540	0	
15	0	0	0	0	511	547	1	
0	0	0	0	0	501	551	1	
1	0	0	0	0	495	553	1	
2	0	0	0	0	491	542	0	
3	0	0	0	0	487	526	0	
4	0	0	0	0	489	511	0	
5	0	0	0	0	494	496	0	
6	0	0	0	0	502	487	0	
7	0	0	0	0	506	482	0	
8	0	0	0	0	502	483	0	
9	0	0	0	0	499	483	0	
10	0	0	0	0	497	484	0	
11	0	0	0	0	493	486	0	
12	0	0	0	0	494	489	0	
13	0	0	0	0	494	492	0	
14	0	0	0	0	498	496	0	
15	0	0	0	0	499	499	0	
0	0	0	0	0	496	504	0	
1	0	0	0	0	494	512	1	
2	0	0	0	0	492	513	0	
3	0	0	0	0	494	512	0	
4	0	0	0	0	493	512	0	
5	0	0	0	0	494	508	0	
6	0	0	0	0	498	504	1	
7	0	0	0	0	504	500	0	
8	0	0	0	0	512	498	0	
9	0	0	0	0	515	496	0	
10	0	0	0	0	515	493	0	
11	0	0	0	0	514	492	0	
12	0	0	0	0	509	497	0	
13	0	0	0	0	506	499	0	
14	0	0	0	0	500	495	0	
15	0	0	0	0	498	494	0	
0	0	0	0	0	497	488	1	
1	0	0	0	0	494	479	0	
2	0	0	0	0	488	476	0	
3	0	0	0	0	481	476	0	
4	0	0	0	0	476	475	0	
5	0	0	0	0	470	476	0	
6	0	0	0	0	462	473	0	
7	0	0	0	0	456	472	0	
8	0	0	0	0	455	469	0	
9	0	0	0	0	457	470	0	
10	0	0	0	0	463	472	0	
11	0	0	0	0	471	472	0	
12	0	0	0	0	483	476	0	
13	0	0	0	0	494	483	0	
14	0	0	0	0	497	495	0	
15	0	0	0	0	496	508	1	
0	0	0	0	0	494	519	0	
1	0	0	0	0	496	527	0	
2	0	0	0	0	493	528	0	
3	0	0	0	0	487	517	0	
4	0	0	0	0	483	508	1	
5	0	0	0	0	483	499	0	
6	0	0	0	0	488	494	0	
7	0	0	0	0	489	492	0	
8	0	0	0	0	488	491	0	
9	0	0	0	0	488	487	0	
10	0	0	0	0	480	485	0	
11	0	0	0	0	479	482	0	
12	0	0	0	0	473	479	0	
13	0	0	0	0	469	471	0	
14	0	0	0	0	464	468	0	
15	0	0	0	0	459	472	0	
0	0	0	0	0	455	471	0	
1	0	0	0	0	455	468	0	
2	0	0	0	0	456	471	0	
3	0	0	0	0	457	478	0	
4	0	0	0	0	457	479	0	
5	0	0	0	0	460	483	0	
6	0	0	0	0	467	489	0	
7	0	0	0	0	477	495	0	
8	0	0	0	0	494	495	0	
9	0	0	0	0	510	497	0	
10	0	0	0	0	519	496	0	
11	0	0	0	0	524	498	0	
12	0	0	0	0	525	507	0	
13	0	0	0	0	529	513	0	
14	0	0	0	0	533	517	0	
15	0	0	0	0	536	515	0	
0	0	0	0	0	539	511	1	
1	0	0	0	0	545	503	0	
2	0	0	0	0	551	494	1	
3	0	0	0	0	555	486	0	
4	0	0	0	0	555	482	0	
5	0	0	0	0	550	475	0	
6	0	0	0	0	539	471	0	
7	0	0	0	0	527	474	0	
8	0	0	0	0	515	483	0	
9	0	0	0	0	504	493	0	
10	0	0	0	0	495	496	0	
11	0	0	0	0	492	499	0	
12	0	0	0	0	495	504	0	
13	0	0	0	0	499	505	0	
14	0	0	0	0	502	508	0	
15	0	0	0	0	504	509	0	
0	0	0	0	0	510	509	0	
1	0	0	0	0	517	507	0	
2	0	0	0	0	520	504	0	
3	0	0	0	0	524	502	0	
4	0	0	0	0	526	502	0	
5	0	0	0	0	524	508	0	
6	0	0	0	0	525	520	1	
7	0	0	0	0	529	532	0	
8	0	0	0	0	535	538	0	
9	0	0	0	0	540	539	0	
10	0	0	0	0	545	529	0	
11	0	0	0	0	551	511	1	
12	0	0	0	0	552	492	0	
13	0	0	0	0	559	476	0	
14	0	0	0	0	560	472	0	
15	0	0	0	0	559	472	0	
0	0	0	0	0	551	472	0	
1	0	0	0	0	541	470	0	
2	0	0	0	0	536	471	0	
3	0	0	0	0	534	473	0	
4	0	0	0	0	530	478	0	
5	0	0	0	0	533	479	0	
6	0	0	0	0	542	477	0	
7	0	0	0	0	556	478	0	
8	0	0	0	0	567	479	0	
9	0	0	0	0	579	473	0	
10	0	0	0	0	588	465	0	
11	0	0	0	0	593	465	0	
12	0	0	0	0	585	471	0	
13	0	0	0	0	568	475	0	
14	0	0	0	0	549	480	0	
15	0	0	0	0	536	486	0	
0	0	0	0	0	523	489	0	
1	0	0	0	0	510	490	0	
2	0	0	0	0	500	495	0	
3	0	0	0	0	493	500	0	
4	0	0	0	0	492	508	1	
5	0	0	0	0	489	512	0	
6	0	0	0	0	491	517	0	
7	0	0	0	0	488	525	0	
8	0	0	0	0	490	527	0	
9	0	0	0	0	495	522	1	
10	0	0	0	0	496	514	0	
11	0	0	0	0	490	507	0	
12	0	0	0	0	482	500	0	
13	0	0	0	0	475	494	0	
14	0	0	0	0	471	493	0	
15	0	0	0	0	472	491	0	
0	0	0	0	0	476	496	0	
1	0	0	0	0	484	508	0	
2	0	0	0	0	493	523	0	
3	0	0	0	0	499	539	1	
4	0	0	0	0	500	544	0	
5	0	0	0	0	499	544	0	
6	0	0	0	0	500	544	0	
7	0	0	0	0	502	540	1	
8	0	0	0	0	500	532	1	
9	0	0	0	0	495	531	0	
10	0	0	0	0	489	533	0	
11	0	0	0	0	489	533	0	
12	0	0	0	0	488	534	0	
13	0	0	0	0	486	538	1	
14	0	0	0	0	487	539	0	
15	0	0	0	0	491	540	0	
0	0	0	0	0	492	537	0	
1	0	0	0	0	492	537	0	
2	0	0	0	0	495	538	1	
3	0	0	0	0	494	537	0	
4	0	0	0	0	488	539	0	
5	0	0	0	0	482	538	0	
6	0	0	0	0	472	535	0	
7	0	0	0	0	463	531	1	
8	0	0	0	0	456	529	0	
9	0	0	0	0	454	527	0	
10	0	0	0	0	454	527	0	
11	0	0	0	0	456	535	0	
12	0	0	0	0	462	543	1	
13	0	0	0	0	462	540	0	
14	0	0	0	0	460	533	0	
15	0	0	0	0	461	526	0	
0	0	0	0	0	462	518	0	
1	0	0	0	0	463	507	1	
2	0	0	0	0	462	498	0	
3	0	0	0	0	464	490	0	
4	0	0	0	0	465	483	0	
5	0	0	0	0	470	478	0	
6	0	0	0	0	473	475	0	
7	0	0	0	0	478	471	0	
8	0	0	0	0	483	462	0	
9	0	0	0	0	491	456	0	
10	0	0	0	0	500	449	0	
11	0	0	0	0	504	443	0	
12	0	0	0	0	508	437	0	
13	0	0	0	0	513	430	0	
14	0	0	0	0	521	429	0	
15	0	0	0	0	526	436	0	
0	0	0	0	0	530	443	0	
1	0	0	0	0	533	451	0	
2	0	0	0	0	531	453	0	
3	0	0	0	0	531	455	0	
4	0	0	0	0	535	461	0	
5	0	0	0	0	535	462	0	
6	0	0	0	0	534	462	0	
7	0	0	0	0	528	464	0	
8	0	0	0	0	529	472	0	
9	0	0	0	0	531	478	0	
10	0	0	0	0	536	472	1	
11	0	0	0	0	539	459	0	
12	0	0	0	0	541	457	0	
13	0	0	0	0	539	459	0	
14	0	0	0	0	540	465	0	
15	0	0	0	0	544	476	0	
0	0	0	0	0	544	483	0	
1	0	0	0	0	547	484	0	
2	0	0	0	0	545	491	0	
3	0	0	0	0	540	488	0	
4	0	0	0	0	537	479	1	
5	0	0	0	0	534	471	0	
6	0	0	0	0	527	463	0	
7	0	0	0	0	523	456	0	
8	0	0	0	0	519	452	0	
9	0	0	0	0	513	454	0	
10	0	0	0	0	508	451	0	
11	0	0	0	0	510	453	0	
12	0	0	0	0	512	452	0	
13	0	0	0	0	516	452	0	
14	0	0	0	0	522	454	0	
15	0	0	0	0	524	460	0	
0	0	0	0	0	526	468	0	
1	0	0	0	0	531	474	0	
2	0	0	0	0	535	477	0	
3	0	0	0	0	538	472	0	
4	0	0	0	0	541	468	0	
5	0	0	0	0	543	470	0	
6	0	0	0	0	544	468	0	
7	0	0	0	0	542	468	0	
8	0	0	0	0	540	473	0	
9	0	0	0	0	540	480	0	
10	0	0	0	0	541	488	0	
11	0	0	0	0	542	495	0	
12	0	0	0	0	543	502	0	
13	0	0	0	0	544	509	1	
14	0	0	0	0	542	514	0	
15	0	0	0	0	539	519	0	
0	0	0	0	0	539	522	0	
1	0	0	0	0	539	521	0	
2	0	0	0	0	535	519	1	
3	0	0	0	0	531	515	0	
4	0	0	0	0	527	511	0	
5	0	0	0	0	525	509	0	
6	0	0	0	0	520	508	0	
7	0	0	0	0	515	510	1	
8	0	0	0	0	511	515	0	
9	0	0	0	0	509	516	0	
10	0	0	0	0	507	511	0	
11	0	0	0	0	507	507	0	
12	0	0	0	0	508	508	1	
13	0	0	0	0	508	507	0	
14	0	0	0	0	504	495	0	
15	0	0	0	0	501	486	0	
0	0	0	0	0	498	478	0	
1	0	0	0	0	497	470	0	
2	0	0	0	0	492	464	0	
3	0	0	0	0	487	460	0	
4	0	0	0	0	483	460	0	
5	0	0	0	0	481	461	0	
6	0	0	0	0	484	464	1	
7	0	0	0	0	487	469	0	
8	0	0	0	0	490	476	0	
9	0	0	0	0	491	482	0	
10	0	0	0	0	492	492	0	
11	0	0	0	0	499	497	1	
12	0	0	0	0	503	498	0	
13	0	0	0	0	508	499	0	
14	0	0	0	0	515	497	0	
15	0	0	0	0	515	500	0	
0	0	0	0	0	510	500	1	
1	0	0	0	0	507	499	0	
2	0	0	0	0	505	498	0	
3	0	0	0	0	507	496	0	
4	0	0	0	0	508	500	0	
5	0	0	0	0	510	508	1	
6	0	0	0	0	511	513	0	
7	0	0	0	0	507	515	0	
8	0	0	0	0	499	517	0	
9	0	0	0	0	493	518	0	
10	0	0	0	0	489	518	1	
11	0	0	0	0	487	521	0	
12	0	0	0	0	485	520	0	
13	0	0	0	0	480	509	0	
14	0	0	0	0	477	498	0	
15	0	0	0	0	476	493	0	
0	0	0	0	0	479	489	0	
1	0	0	0	0	484	482	0	
2	0	0	0	0	496	478	0	
3	0	0	0	0	506	479	0	
4	0	0	0	0	516	481	1	
5	0	0	0	0	524	481	0	
6	0	0	0	0	530	480	0	
7	0	0	0	0	534	476	0	
8	0	0	0	0	540	473	0	
9	0	0	0	0	548	476	0	
10	0	0	0	0	552	479	0	
11	0	0	0	0	558	486	0	
12	0	0	0	0	557	490	0	
13	0	0	0	0	552	494	0	
14	0	0	0	0	553	498	1	
15	0	0	0	0	548	499	0	
0	0	0	0	0	540	499	0	
1	0	0	0	0	533	502	0	
2	0	0	0	0	531	504	1	
3	0	0	0	0	528	507	0	
4	0	0	0	0	527	515	0	
5	0	0	0	0	529	513	0	
6	0	0	0	0	534	509	0	
7	0	0	0	0	541	504	0	
8	0	0	0	0	548	496	0	
9	0	0	0	0	553	491	0	
10	0	0	0	0	558	482	0	
11	0	0	0	0	561	475	0	
12	0	0	0	0	560	472	0	
13	0	0	0	0	558	472	0	
14	0	0	0	0	558	475	0	
15	0	0	0	0	557	487	0	
0	0	0	0	0	555	501	0	
1	0	0	0	0	555	509	0	
2	0	0	0	0	560	515	1	
3	0	0	0	0	559	519	0	
4	0	0	0	0	556	519	0	
5	0	0	0	0	555	516	0	
6	0	0	0	0	554	516	0	
7	0	0	0	0	554	519	0	
8	0	0	0	0	553	517	0	
9	0	0	0	0	549	514	0	
10	0	0	0	0	542	514	0	
11	0	0	0	0	535	515	0	
12	0	0	0	0	529	513	0	
13	0	0	0	0	525	508	0	
14	0	0	0	0	524	503	0	
15	0	0	0	0	524	497	0	
0	0	0	0	0	521	496	0	
1	0	0	0	0	522	498	0	
2	0	0	0	0	526	496	0	
3	0	0	0	0	531	498	0	
4	0	0	0	0	533	502	0	
5	0	0	0	0	527	508	0	
6	0	0	0	0	522	514	1	
7	0	0	0	0	519	518	0	
8	0	0	0	0	516	523	0	
9	0	0	0	0	511	528	0	
10	0	0	0	0	502	531	0	
11	0	0	0	0	493	528	0	
12	0	0	0	0	483	524	0	
13	0	0	0	0	476	527	0	
14	0	0	0	0	466	532	1	
15	0	0	0	0	459	538	0	
0	0	0	0	0	456	539	1	
1	0	0	0	0	455	537	1	
2	0	0	0	0	457	536	0	
3	0	0	0	0	459	536	0	
4	0	0	0	0	463	537	0	
5	0	0	0	0	467	542	1	
6	0	0	0	0	471	550	1	
7	0	0	0	0	475	560	1	
8	0	0	0	0	478	561	1	
9	0	0	0	0	481	558	1	
10	0	0	0	0	491	552	0	
11	0	0	0	0	495	541	0	
12	0	0	0	0	493	534	0	
13	0	0	0	0	487	528	0	
14	0	0	0	0	481	527	0	
15	0	0	0	0	475	527	1	
0	0	0	0	0	464	530	0	
1	0	0	0	0	456	536	0	
2	0	0	0	0	453	547	1	
3	0	0	0	0	454	559	1	
4	0	0	0	0	457	566	1	
5	0	0	0	0	462	563	1	
6	0	0	0	0	463	557	0	
7	0	0	0	0	464	549	1	
8	0	0	0	0	467	541	0	
9	0	0	0	0	476	536	1	
10	0	0	0	0	482	530	0	
11	0	0	0	0	487	530	0	
12	0	0	0	0	493	528	0	
13	0	0	0	0	500	528	0	
14	0	0	0	0	507	526	1	
15	0	0	0	0	506	521	0	
0	0	0	0	0	501	518	1	
1	0	0	0	0	496	518	0	
2	0	0	0	0	489	524	0	
3	0	0	0	0	487	537	1	
4	0	0	0	0	485	550	1	
5	0	0	0	0	481	563	1	
6	0	0	0	0	476	562	1	
7	0	0	0	0	469	551	0	
8	0	0	0	0	463	542	1	
9	0	0	0	0	459	535	0	
10	0	0	0	0	460	531	0	
11	0	0	0	0	460	530	0	
12	0	0	0	0	465	530	0	
13	0	0	0	0	468	531	1	
14	0	0	0	0	471	529	0	
15	0	0	0	0	477	526	0	
0	0	0	0	0	481	520	0	
1	0	0	0	0	483	516	0	
2	0	0	0	0	485	515	1	
3	0	0	0	0	486	512	0	
4	0	0	0	0	486	512	0	
5	0	0	0	0	494	516	0	
6	0	0	0	0	499	520	0	
7	0	0	0	0	502	522	1	
8	0	0	0	0	502	523	0	
9	0	0	0	0	498	516	0	
10	0	0	0	0	491	506	0	
11	0	0	0	0	483	497	0	
12	0	0	0	0	476	487	0	
13	0	0	0	0	471	485	0	
14	0	0	0	0	470	484	0	
15	0	0	0	0	475	485	0	
0	0	0	0	0	479	482	0	
1	0	0	0	0	480	476	0	
2	0	0	0	0	480	468	0	
3	0	0	0	0	481	463	0	
4	0	0	0	0	484	458	0	
5	0	0	0	0	487	460	0	
6	0	0	0	0	488	470	0	
7	0	0	0	0	488	481	0	
8	0	0	0	0	488	481	0	
9	0	0	0	0	496	475	0	
10	0	0	0	0	504	464	0	
11	0	0	0	0	512	458	0	
12	0	0	0	0	516	460	0	
13	0	0	0	0	521	467	0	
14	0	0	0	0	527	472	0	
15	0	0	0	0	536	479	1	
0	0	0	0	0	534	486	0	
1	0	0	0	0	532	487	0	
2	0	0	0	0	532	492	0	
3	0	0	0	0	530	494	0	
4	0	0	0	0	527	494	0	
5	0	0	0	0	519	496	0	
6	0	0	0	0	511	499	0	
7	0	0	0	0	507	505	0	
8	0	0	0	0	507	514	0	
9	0	0	0	0	511	519	0	
10	0	0	0	0	519	527	1	
11	0	0	0	0	523	528	0	
12	0	0	0	0	524	529	0	
13	0	0	0	0	527	531	0	
14	0	0	0	0	526	535	0	
15	0	0	0	0	525	536	1	
0	0	0	0	0	523	536	1	
1	0	0	0	0	515	527	0	
2	0	0	0	0	511	518	0	
3	0	0	0	0	504	512	0	
4	0	0	0	0	498	504	0	
5	0	0	0	0	496	496	0	
6	0	0	0	0	496	487	0	
7	0	0	0	0	498	481	0	
8	0	0	0	0	501	483	0	
9	0	0	0	0	504	490	1	
10	0	0	0	0	510	509	0	
11	0	0	0	0	513	524	0	
12	0	0	0	0	516	529	1	
13	0	0	0	0	520	522	0	
14	0	0	0	0	522	518	1	
15	0	0	0	0	520	519	0	
0	0	0	0	0	517	519	0	
1	0	0	0	0	519	521	0	
2	0	0	0	0	521	524	0	
3	0	0	0	0	520	521	0	
4	0	0	0	0	512	520	0	
5	0	0	0	0	505	522	0	
6	0	0	0	0	498	524	0	
7	0	0	0	0	492	529	0	
8	0	0	0	0	498	536	1	
9	0	0	0	0	504	540	0	
10	0	0	0	0	511	543	0	
11	0	0	0	0	514	547	0	
12	0	0	0	0	514	547	1	
13	0	0	0	0	509	546	1	
14	0	0	0	0	501	543	0	
15	0	0	0	0	490	538	0	
0	0	0	0	0	481	532	0	
1	0	0	0	0	478	527	0	
2	0	0	0	0	478	527	1	
3	0	0	0	0	476	526	0	
4	0	0	0	0	477	525	0	
5	0	0	0	0	479	519	0	
6	0	0	0	0	479	515	0	
7	0	0	0	0	474	511	1	
8	0	0	0	0	463	509	0	
9	0	0	0	0	455	511	0	
10	0	0	0	0	453	510	0	
11	0	0	0	0	452	514	0	
12	0	0	0	0	451	515	1	
13	0	0	0	0	444	517	0	
14	0	0	0	0	440	524	1	
15	0	0	0	0	430	528	1	
0	0	0	0	0	420	531	0	
1	0	0	0	0	413	536	1	
2	0	0	0	0	407	531	0	
3	0	0	0	0	412	524	0	
4	0	0	0	0	422	521	0	
5	0	0	0	0	432	521	0	
6	0	0	0	0	440	526	1	
7	0	0	0	0	441	532	0	
8	0	0	0	0	445	538	0	
9	0	0	0	0	448	542	1	
10	0	0	0	0	454	539	0	
11	0	0	0	0	462	528	1	
12	0	0	0	0	464	516	0	
13	0	0	0	0	460	502	0	
14	0	0	0	0	455	491	0	
15	0	0	0	0	452	480	0	
0	0	0	0	0	453	474	1	
1	0	0	0	0	457	466	0	
2	0	0	0	0	463	463	0	
3	0	0	0	0	472	462	0	
4	0	0	0	0	480	465	0	
5	0	0	0	0	488	470	1	
6	0	0	0	0	493	473	0	
7	0	0	0	0	500	478	0	
8	0	0	0	0	503	476	0	
9	0	0	0	0	505	476	0	
10	0	0	0	0	511	478	1	
11	0	0	0	0	514	472	0	
12	0	0	0	0	519	469	0	
13	0	0	0	0	522	473	0	
14	0	0	0	0	523	482	0	
15	0	0	0	0	520	488	1	
0	0	0	0	0	515	496	0	
1	0	0	0	0	512	515	0	
2	0	0	0	0	511	534	0	
3	0	0	0	0	509	543	0	
4	0	0	0	0	504	541	1	
5	0	0	0	0	498	531	0	
6	0	0	0	0	493	525	0	
7	0	0	0	0	492	518	0	
8	0	0	0	0	492	515	0	
9	0	0	0	0	494	512	1	
10	0	0	0	0	493	509	0	
11	0	0	0	0	492	506	0	
12	0	0	0	0	490	502	0	
13	0	0	0	0	492	500	0	
14	0	0	0	0	491	497	1	
15	0	0	0	0	487	496	0	
0	0	0	0	0	492	496	0	
1	0	0	0	0	496	496	1	
2	0	0	0	0	502	491	0	
3	0	0	0	0	514	487	1	
4	0	0	0	0	531	481	0	
5	0	0	0	0	547	470	0	
6	0	0	0	0	557	462	0	
7	0	0	0	0	564	463	0	
8	0	0	0	0	569	470	0	
9	0	0	0	0	573	479	0	
10	0	0	0	0	575	489	0	
11	0	0	0	0	580	500	0	
12	0	0	0	0	580	507	0	
13	0	0	0	0	577	509	0	
14	0	0	0	0	574	508	0	
15	0	0	0	0	568	496	0	
0	0	0	0	0	565	495	0	
1	0	0	0	0	560	498	0	
2	0	0	0	0	556	502	0	
3	0	0	0	0	558	504	0	
4	0	0	0	0	558	504	0	
5	0	0	0	0	557	507	0	
6	0	0	0	0	551	511	0	
7	0	0	0	0	542	511	0	
8	0	0	0	0	536	508	0	
9	0	0	0	0	526	496	0	
10	0	0	0	0	525	489	1	
11	0	0	0	0	525	484	0	
12	0	0	0	0	524	483	1	
13	0	0	0	0	525	486	0	
14	0	0	0	0	531	487	0	
15	0	0	0	0	531	487	0	
0	0	0	0	0	531	484	0	
1	0	0	0	0	528	483	0	
2	0	0	0	0	520	478	0	
3	0	0	0	0	514	476	0	
4	0	0	0	0	508	479	0	
5	0	0	0	0	504	482	0	
6	0	0	0	0	499	484	0	
7	0	0	0	0	495	487	0	
8	0	0	0	0	497	488	0	
9	0	0	0	0	501	483	0	
10	0	0	0	0	507	475	0	
11	0	0	0	0	510	475	0	
12	0	0	0	0	509	477	0	
13	0	0	0	0	509	481	0	
14	0	0	0	0	515	487	0	
15	0	0	0	0	521	495	0	
0	0	0	0	0	524	502	0	
1	0	0	0	0	527	507	0	
2	0	0	0	0	531	509	0	
3	0	0	0	0	530	509	0	
4	0	0	0	0	525	510	0	
5	0	0	0	0	513	506	1	
6	0	0	0	0	500	500	0	
7	0	0	0	0	487	501	0	
8	0	0	0	0	482	500	0	
9	0	0	0	0	484	501	0	
10	0	0	0	0	485	511	1	
11	0	0	0	0	482	512	0	
12	0	0	0	0	484	513	0	
13	0	0	0	0	484	510	0	
14	0	0	0	0	482	512	0	
15	0	0	0	0	482	512	1	
0	0	0	0	0	484	511	0	
1	0	0	0	0	489	514	0	
2	0	0	0	0	498	518	0	
3	0	0	0	0	502	515	0	
4	0	0	0	0	502	516	1	
5	0	0	0	0	495	523	0	
6	0	0	0	0	491	532	0	
7	0	0	0	0	487	540	0	
8	0	0	0	0	487	545	0	
9	0	0	0	0	492	551	1	
10	0	0	0	0	503	551	0	
11	0	0	0	0	511	548	0	
12	0	0	0	0	519	540	0	
13	0	0	0	0	523	532	0	
14	0	0	0	0	527	525	1	
15	0	0	0	0	523	518	0	
0	0	0	0	0	516	512	0	
1	0	0	0	0	508	511	0	
2	0	0	0	0	500	509	0	
3	0	0	0	0	493	510	1	
4	0	0	0	0	486	508	0	
5	0	0	0	0	481	504	0	
6	0	0	0	0	486	500	0	
7	0	0	0	0	494	499	0	
8	0	0	0	0	500	502	1	
9	0	0	0	0	504	503	0	
10	0	0	0	0	505	507	0	
11	0	0	0	0	505	515	0	
12	0	0	0	0	503	522	0	
13	0	0	0	0	500	532	1	
14	0	0	0	0	493	541	1	
15	0	0	0	0	490	538	0	
0	0	0	0	0	490	529	0	
1	0	0	0	0	488	521	0	
2	0	0	0	0	483	513	1	
3	0	0	0	0	481	508	0	
4	0	0	0	0	480	505	0	
5	0	0	0	0	483	502	0	
6	0	0	0	0	487	496	0	
7	0	0	0	0	490	492	1	
8	0	0	0	0	491	484	0	
9	0	0	0	0	490	478	0	
10	0	0	0	0	494	475	0	
11	0	0	0	0	499	476	0	
12	0	0	0	0	509	476	1	
13	0	0	0	0	519	481	0	
14	0	0	0	0	527	487	0	
15	0	0	0	0	532	495	0	
0	0	0	0	0	535	505	0	
1	0	0	0	0	536	510	1	
2	0	0	0	0	533	509	0	
3	0	0	0	0	531	508	0	
4	0	0	0	0	530	507	0	
5	0	0	0	0	533	506	0	
6	0	0	0	0	539	508	1	
7	0	0	0	0	540	510	0	
8	0	0	0	0	544	517	0	
9	0	0	0	0	548	526	0	
10	0	0	0	0	548	530	0	
11	0	0	0	0	543	528	1	
12	0	0	0	0	538	524	0	
13	0	0	0	0	534	520	0	
14	0	0	0	0	532	517	0	
15	0	0	0	0	533	516	0	
0	0	0	0	0	536	516	1	
1	0	0	0	0	537	515	0	
2	0	0	0	0	539	510	0	
3	0	0	0	0	540	509	0	
4	0	0	0	0	543	509	0	
5	0	0	0	0	543	510	1	
6	0	0	0	0	541	510	0	
7	0	0	0	0	538	513	0	
8	0	0	0	0	534	512	0	
9	0	0	0	0	529	508	0	
10	0	0	0	0	525	503	1	
11	0	0	0	0	518	496	0	
12	0	0	0	0	513	493	0	
13	0	0	0	0	509	492	0	
14	0	0	0	0	501	493	0	
15	0	0	0	0	494	496	0	
0	0	0	0	0	489	500	0	
1	0	0	0	0	482	496	0	
2	0	0	0	0	481	496	0	
3	0	0	0	0	480	499	0	
4	0	0	0	0	480	499	0	
5	0	0	0	0	482	496	0	
6	0	0	0	0	491	492	0	
7	0	0	0	0	502	492	0	
8	0	0	0	0	510	493	0	
9	0	0	0	0	511	494	0	
10	0	0	0	0	513	489	0	
11	0	0	0	0	508	485	0	
12	0	0	0	0	505	489	0	
13	0	0	0	0	504	496	0	
14	0	0	0	0	503	504	0	
15	0	0	0	0	501	513	0	
0	0	0	0	0	500	521	0	
1	0	0	0	0	503	529	0	
2	0	0	0	0	504	533	0	
3	0	0	0	0	504	535	0	
4	0	0	0	0	503	536	0	
5	0	0	0	0	499	528	0	
6	0	0	0	0	499	523	0	
7	0	0	0	0	499	515	0	
8	0	0	0	0	497	509	0	
9	0	0	0	0	499	512	0	
10	0	0	0	0	496	519	0	
11	0	0	0	0	493	531	0	
12	0	0	0	0	489	537	0	
13	0	0	0	0	487	540	1	
14	0	0	0	0	486	542	1	
15	0	0	0	0	491	541	0	
0	0	0	0	0	504	535	0	
1	0	0	0	0	520	531	0	
2	0	0	0	0	533	535	1	
3	0	0	0	0	534	535	0	
4	0	0	0	0	533	532	0	
5	0	0	0	0	530	525	0	
6	0	0	0	0	528	519	0	
7	0	0	0	0	527	516	1	
8	0	0	0	0	519	514	0	
9	0	0	0	0	514	512	0	
10	0	0	0	0	510	515	0	
11	0	0	0	0	506	519	0	
12	0	0	0	0	505	527	1	
13	0	0	0	0	502	530	0	
14	0	0	0	0	499	527	0	
15	0	0	0	0	499	522	0	
0	0	0	0	0	504	523	0	
1	0	0	0	0	513	524	1	
2	0	0	0	0	520	522	0	
3	0	0	0	0	526	525	0	
4	0	0	0	0	528	533	0	
5	0	0	0	0	528	541	0	
6	0	0	0	0	523	550	0	
7	0	0	0	0	516	553	1	
8	0	0	0	0	509	555	1	
9	0	0	0	0	504	554	1	
10	0	0	0	0	503	552	1	
11	0	0	0	0	506	550	1	
12	0	0	0	0	507	555	1	
13	0	0	0	0	509	555	1	
14	0	0	0	0	516	551	0	
15	0	0	0	0	523	551	0	
0	0	0	0	0	528	556	1	
1	0	0	0	0	530	561	1	
2	0	0	0	0	534	560	1	
3	0	0	0	0	536	554	1	
4	0	0	0	0	537	551	0	
5	0	0	0	0	542	546	1	
6	0	0	0	0	542	539	0	
7	0	0	0	0	540	533	0	
8	0	0	0	0	532	532	0	
9	0	0	0	0	523	534	0	
10	0	0	0	0	517	536	0	
11	0	0	0	0	515	531	0	
12	0	0	0	0	515	531	0	
13	0	0	0	0	512	529	0	
14	0	0	0	0	513	531	0	
15	0	0	0	0	514	533	0	
0	0	0	0	0	515	528	0	
1	0	0	0	0	516	525	0	
2	0	0	0	0	515	527	0	
3	0	0	0	0	511	529	0	
4	0	0	0	0	503	532	0	
5	0	0	0	0	495	542	1	
6	0	0	0	0	485	554	1	
7	0	0	0	0	482	563	0	
8	0	0	0	0	480	563	1	
9	0	0	0	0	475	554	1	
10	0	0	0	0	475	546	1	
11	0	0	0	0	474	533	0	
12	0	0	0	0	483	528	0	
13	0	0	0	0	496	523	1	
14	0	0	0	0	502	519	0	
15	0	0	0	0	504	516	0	
0	0	0	0	0	509	514	0	
1	0	0	0	0	514	512	0	
2	0	0	0	0	519	516	0	
3	0	0	0	0	523	521	0	
4	0	0	0	0	525	521	0	
5	0	0	0	0	526	521	0	
6	0	0	0	0	527	523	0	
7	0	0	0	0	528	517	0	
8	0	0	0	0	532	507	1	
9	0	0	0	0	534	496	0	
10	0	0	0	0	537	488	0	
11	0	0	0	0	542	483	0	
12	0	0	0	0	547	480	0	
13	0	0	0	0	553	480	0	
14	0	0	0	0	556	478	0	
15	0	0	0	0	553	477	0	
0	0	0	0	0	541	476	0	
1	0	0	0	0	532	476	0	
2	0	0	0	0	526	480	0	
3	0	0	0	0	523	487	0	
4	0	0	0	0	522	499	0	
5	0	0	0	0	524	515	0	
6	0	0	0	0	526	527	0	
7	0	0	0	0	527	523	1	
8	0	0	0	0	524	507	0	
9	0	0	0	0	521	494	0	
10	0	0	0	0	522	485	0	
11	0	0	0	0	527	486	0	
12	0	0	0	0	530	488	0	
13	0	0	0	0	531	492	0	
14	0	0	0	0	528	499	0	
15	0	0	0	0	520	502	0	
0	0	0	0	0	508	505	0	
1	0	0	0	0	496	513	0	
2	0	0	0	0	483	519	0	
3	0	0	0	0	476	515	0	
4	0	0	0	0	471	508	0	
5	0	0	0	0	468	505	0	
6	0	0	0	0	467	504	1	
7	0	0	0	0	465	501	0	
8	0	0	0	0	466	501	0	
9	0	0	0	0	463	501	1	
10	0	0	0	0	465	504	0	
11	0	0	0	0	470	508	0	
12	0	0	0	0	473	513	0	
13	0	0	0	0	476	519	0	
14	0	0	0	0	476	521	0	
15	0	0	0	0	477	524	0	
0	0	0	0	0	480	524	1	
1	0	0	0	0	483	519	0	
2	0	0	0	0	489	515	0	
3	0	0	0	0	497	508	0	
4	0	0	0	0	501	513	0	
5	0	0	0	0	504	521	1	
6	0	0	0	0	507	524	0	
7	0	0	0	0	510	531	0	
8	0	0	0	0	509	536	0	
9	0	0	0	0	507	540	0	
10	0	0	0	0	507	543	1	
11	0	0	0	0	507	544	0	
12	0	0	0	0	504	542	0	
13	0	0	0	0	502	540	0	
14	0	0	0	0	502	543	0	
15	0	0	0	0	500	544	1	
0	0	0	0	0	493	545	0	
1	0	0	0	0	487	545	0	
2	0	0	0	0	484	536	0	
3	0	0	0	0	486	525	0	
4	0	0	0	0	490	515	1	
5	0	0	0	0	491	509	0	
6	0	0	0	0	494	505	0	
7	0	0	0	0	495	502	0	
8	0	0	0	0	492	498	0	
9	0	0	0	0	492	498	1	
10	0	0	0	0	492	497	0	
11	0	0	0	0	496	500	0	
12	0	0	0	0	497	503	0	
13	0	0	0	0	499	503	0	
14	0	0	0	0	502	507	1	
15	0	0	0	0	498	516	0	
0	0	0	0	0	498	530	0	
1	0	0	0	0	499	536	1	
2	0	0	0	0	499	529	0	
3	0	0	0	0	504	525	1	
4	0	0	0	0	512	525	0	
5	0	0	0	0	519	528	0	
6	0	0	0	0	529	527	0	
7	0	0	0	0	538	527	0	
8	0	0	0	0	542	531	1	
9	0	0	0	0	543	531	0	
10	0	0	0	0	546	532	0	
11	0	0	0	0	545	536	0	
12	0	0	0	0	543	540	0	
13	0	0	0	0	541	550	1	
14	0	0	0	0	536	560	0	
15	0	0	0	0	534	572	1	
0	0	0	0	0	531	581	1	
1	0	0	0	0	527	587	1	
2	0	0	0	0	521	595	1	
3	0	0	0	0	518	597	1	
4	0	0	0	0	518	598	1	
5	0	0	0	0	514	599	1	
6	0	0	0	0	510	596	1	
7	0	0	0	0	508	588	1	
8	0	0	0	0	505	574	1	
9	0	0	0	0	503	564	1	
10	0	0	0	0	499	552	1	
11	0	0	0	0	492	543	0	
12	0	0	0	0	490	536	0	
13	0	0	0	0	492	527	0	
14	0	0	0	0	494	519	0	
15	0	0	0	0	497	511	0	
0	0	0	0	0	502	506	0	
1	0	0	0	0	507	499	1	
2	0	0	0	0	511	491	0	
3	0	0	0	0	520	487	0	
4	0	0	0	0	526	481	0	
5	0	0	0	0	536	477	0	
6	0	0	0	0	545	481	0	
7	0	0	0	0	550	486	0	
8	0	0	0	0	547	491	0	
9	0	0	0	0	539	496	0	
10	0	0	0	0	534	502	0	
11	0	0	0	0	531	506	1	
12	0	0	0	0	530	513	0	
13	0	0	0	0	533	524	0	
14	0	0	0	0	532	534	1	
15	0	0	0	0	527	543	0	
0	0	0	0	0	520	548	1	
1	0	0	0	0	513	556	0	
2	0	0	0	0	512	568	1	
3	0	0	0	0	515	570	1	
4	0	0	0	0	521	568	1	
5	0	0	0	0	527	565	1	
6	0	0	0	0	534	560	1	
7	0	0	0	0	539	561	1	
8	0	0	0	0	546	569	1	
9	0	0	0	0	555	584	1	
10	0	0	0	0	561	596	1	
11	0	0	0	0	561	590	1	
12	0	0	0	0	559	575	1	
13	0	0	0	0	555	560	1	
14	0	0	0	0	548	547	0	
15	0	0	0	0	544	543	1	
0	0	0	0	0	541	539	0	
1	0	0	0	0	542	534	0	
2	0	0	0	0	543	532	0	
3	0	0	0	0	540	529	0	
4	0	0	0	0	535	525	0	
5	0	0	0	0	537	522	0	
6	0	0	0	0	543	521	0	
7	0	0	0	0	547	520	0	
8	0	0	0	0	553	519	0	
9	0	0	0	0	557	519	0	
10	0	0	0	0	559	517	0	
11	0	0	0	0	557	512	0	
12	0	0	0	0	552	509	0	
13	0	0	0	0	547	513	0	
14	0	0	0	0	539	518	1	
15	0	0	0	0	531	519	0	
0	0	0	0	0	529	524	0	
1	0	0	0	0	526	532	0	
2	0	0	0	0	519	542	0	
3	0	0	0	0	516	547	1	
4	0	0	0	0	512	546	0	
5	0	0	0	0	511	545	0	
6	0	0	0	0	508	546	1	
7	0	0	0	0	504	539	0	
8	0	0	0	0	503	534	1	
9	0	0	0	0	503	529	0	
10	0	0	0	0	505	527	0	
11	0	0	0	0	508	531	0	
12	0	0	0	0	513	540	0	
13	0	0	0	0	522	543	1	
14	0	0	0	0	531	539	0	
15	0	0	0	0	543	536	0	
0	0	0	0	0	551	536	0	
1	0	0	0	0	555	538	0	
2	0	0	0	0	556	546	0	
3	0	0	0	0	551	552	1	
4	0	0	0	0	549	559	1	
5	0	0	0	0	543	563	1	
6	0	0	0	0	538	564	0	
7	0	0	0	0	533	563	1	
8	0	0	0	0	524	561	1	
9	0	0	0	0	523	559	1	
10	0	0	0	0	521	555	1	
11	0	0	0	0	522	556	0	
12	0	0	0	0	524	561	1	
13	0	0	0	0	528	564	1	
14	0	0	0	0	540	564	1	
15	0	0	0	0	547	568	1	
0	0	0	0	0	547	572	1	
1	0	0	0	0	547	574	1	
2	0	0	0	0	550	560	1	
3	0	0	0	0	553	545	1	
4	0	0	0	0	558	538	0	
5	0	0	0	0	557	537	0	
6	0	0	0	0	556	541	1	
7	0	0	0	0	543	546	1	
8	0	0	0	0	534	550	1	
9	0	0	0	0	529	550	1	
10	0	0	0	0	523	550	0	
11	0	0	0	0	516	547	1	
12	0	0	0	0	515	546	0	
13	0	0	0	0	516	544	1	
14	0	0	0	0	514	543	0	
15	0	0	0	0	511	540	0	
0	0	0	0	0	511	539	1	
1	0	0	0	0	507	536	0	
2	0	0	0	0	505	531	0	
3	0	0	0	0	504	531	0	
4	0	0	0	0	510	529	0	
5	0	0	0	0	515	528	1	
6	0	0	0	0	518	528	0	
7	0	0	0	0	520	533	0	
8	0	0	0	0	518	538	0	
9	0	0	0	0	515	548	1	
10	0	0	0	0	512	551	1	
11	0	0	0	0	513	543	0	
12	0	0	0	0	513	536	0	
13	0	0	0	0	519	528	0	
14	0	0	0	0	527	518	0	
15	0	0	0	0	534	507	0	
0	0	0	0	0	542	502	0	
1	0	0	0	0	545	500	0	
2	0	0	0	0	549	504	0	
3	0	0	0	0	553	507	0	
4	0	0	0	0	554	508	0	
5	0	0	0	0	555	503	0	
6	0	0	0	0	555	493	0	
7	0	0	0	0	556	488	0	
8	0	0	0	0	556	483	0	
9	0	0	0	0	558	483	1	
10	0	0	0	0	558	482	0	
11	0	0	0	0	552	481	0	
12	0	0	0	0	546	484	0	
13	0	0	0	0	543	489	0	
14	0	0	0	0	536	493	0	
15	0	0	0	0	526	495	0	
0	0	0	0	0	519	496	0	
1	0	0	0	0	511	491	0	
2	0	0	0	0	504	485	0	
3	0	0	0	0	506	481	0	
4	0	0	0	0	506	476	0	
5	0	0	0	0	505	480	0	
6	0	0	0	0	504	493	0	
7	0	0	0	0	509	509	0	
8	0	0	0	0	516	529	1	
9	0	0	0	0	520	530	0	
10	0	0	0	0	526	517	0	
11	0	0	0	0	527	504	0	
12	0	0	0	0	524	493	0	
13	0	0	0	0	525	484	0	
14	0	0	0	0	524	476	0	
15	0	0	0	0	528	475	0	
0	0	0	0	0	534	471	0	
1	0	0	0	0	539	467	0	
2	0	0	0	0	542	469	0	
3	0	0	0	0	547	469	0	
4	0	0	0	0	551	472	0	
5	0	0	0	0	553	480	0	
6	0	0	0	0	560	487	0	
7	0	0	0	0	570	489	1	
8	0	0	0	0	581	484	0	
9	0	0	0	0	589	480	0	
10	0	0	0	0	590	477	0	
11	0	0	0	0	592	478	0	
12	0	0	0	0	593	479	0	
13	0	0	0	0	593	480	0	
14	0	0	0	0	593	481	0	
15	0	0	0	0	593	484	0	
0	0	0	0	0	595	491	0	
1	0	0	0	0	596	500	1	
2	0	0	0	0	597	507	0	
3	0	0	0	0	598	514	0	
4	0	0	0	0	592	513	0	
5	0	0	0	0	586	515	0	
6	0	0	0	0	574	524	0	
7	0	0	0	0	559	532	0	
8	0	0	0	0	545	537	0	
9	0	0	0	0	537	537	1	
10	0	0	0	0	538	536	0	
11	0	0	0	0	542	535	1	
12	0	0	0	0	545	534	0	
13	0	0	0	0	548	540	1	
14	0	0	0	0	541	549	1	
15	0	0	0	0	532	551	1	
0	0	0	0	0	525	547	1	
1	0	0	0	0	519	545	1	
2	0	0	0	0	517	543	0	
3	0	0	0	0	514	538	0	
4	0	0	0	0	511	536	0	
5	0	0	0	0	512	536	1	
6	0	0	0	0	508	538	0	
7	0	0	0	0	504	543	0	
8	0	0	0	0	503	546	0	
9	0	0	0	0	499	544	0	
10	0	0	0	0	498	537	1	
11	0	0	0	0	492	529	0	
12	0	0	0	0	485	519	0	
13	0	0	0	0	481	510	0	
14	0	0	0	0	484	501	0	
15	0	0	0	0	489	502	1	
0	0	0	0	0	491	501	0	
1	0	0	0	0	497	497	0	
2	0	0	0	0	502	493	0	
3	0	0	0	0	508	492	0	
4	0	0	0	0	512	495	1	
5	0	0	0	0	515	500	0	
6	0	0	0	0	515	507	0	
7	0	0	0	0	514	513	0	
8	0	0	0	0	516	515	0	
9	0	0	0	0	518	511	1	
10	0	0	0	0	518	508	0	
11	0	0	0	0	515	509	0	
12	0	0	0	0	511	513	0	
13	0	0	0	0	506	519	0	
14	0	0	0	0	505	524	1	
15	0	0	0	0	504	517	0	
0	0	0	0	0	502	509	0	
1	0	0	0	0	505	502	0	
2	0	0	0	0	514	497	0	
3	0	0	0	0	525	494	1	
4	0	0	0	0	531	495	0	
5	0	0	0	0	536	502	0	
6	0	0	0	0	539	510	0	
7	0	0	0	0	537	518	0	
8	0	0	0	0	530	519	1	
9	0	0	0	0	516	519	0	
10	0	0	0	0	506	520	0	
11	0	0	0	0	500	524	0	
12	0	0	0	0	494	527	1	
13	0	0	0	0	484	529	0	
14	0	0	0	0	481	539	1	
15	0	0	0	0	485	540	0	
0	0	0	0	0	495	540	0	
1	0	0	0	0	504	533	1	
2	0	0	0	0	507	524	1	
3	0	0	0	0	505	514	0	
4	0	0	0	0	504	504	0	
5	0	0	0	0	509	500	0	
6	0	0	0	0	511	494	0	
7	0	0	0	0	511	490	0	
8	0	0	0	0	507	491	0	
9	0	0	0	0	500	493	0	
10	0	0	0	0	491	495	0	
11	0	0	0	0	487	499	0	
12	0	0	0	0	484	502	0	
13	0	0	0	0	485	504	0	
14	0	0	0	0	492	499	0	
15	0	0	0	0	499	502	1	
0	0	0	0	0	504	510	0	
1	0	0	0	0	510	519	1	
2	0	0	0	0	517	518	0	
3	0	0	0	0	526	517	0	
4	0	0	0	0	536	519	0	
5	0	0	0	0	545	521	0	
6	0	0	0	0	552	517	1	
7	0	0	0	0	551	508	0	
8	0	0	0	0	543	503	0	
9	0	0	0	0	536	496	0	
10	0	0	0	0	533	491	0	
11	0	0	0	0	531	486	1	
12	0	0	0	0	526	474	0	
13	0	0	0	0	526	467	0	
14	0	0	0	0	519	457	0	
15	0	0	0	0	514	447	0	
0	0	0	0	0	513	441	0	
1	0	0	0	0	512	439	0	
2	0	0	0	0	509	439	0	
3	0	0	0	0	511	444	0	
4	0	0	0	0	511	449	0	
5	0	0	0	0	512	454	0	
6	0	0	0	0	509	458	0	
7	0	0	0	0	504	459	0	
8	0	0	0	0	497	461	0	
9	0	0	0	0	488	464	0	
10	0	0	0	0	483	472	0	
11	0	0	0	0	475	477	0	
12	0	0	0	0	472	485	0	
13	0	0	0	0	472	496	0	
14	0	0	0	0	470	509	0	
15	0	0	0	0	469	515	0	
0	0	0	0	0	470	520	0	
1	0	0	0	0	470	519	0	
2	0	0	0	0	471	511	1	
3	0	0	0	0	469	504	0	
4	0	0	0	0	469	500	0	
5	0	0	0	0	469	496	0	
6	0	0	0	0	472	493	0	
7	0	0	0	0	470	492	0	
8	0	0	0	0	472	496	0	
9	0	0	0	0	474	497	0	
10	0	0	0	0	477	496	0	
11	0	0	0	0	479	492	0	
12	0	0	0	0	476	489	0	
13	0	0	0	0	475	486	0	
14	0	0	0	0	474	487	0	
15	0	0	0	0	477	487	0	
0	0	0	0	0	484	488	0	
1	0	0	0	0	492	487	0	
2	0	0	0	0	496	486	0	
3	0	0	0	0	496	484	1	
4	0	0	0	0	490	486	0	
5	0	0	0	0	483	491	0	
6	0	0	0	0	472	501	0	
7	0	0	0	0	462	513	0	
8	0	0	0	0	456	525	1	
9	0	0	0	0	454	531	0	
10	0	0	0	0	459	528	0	
11	0	0	0	0	469	521	0	
12	0	0	0	0	478	520	0	
13	0	0	0	0	484	517	1	
14	0	0	0	0	491	516	0	
15	0	0	0	0	495	514	0	
0	0	0	0	0	499	513	0	
1	0	0	0	0	499	515	0	
2	0	0	0	0	497	520	1	
3	0	0	0	0	494	526	0	
4	0	0	0	0	492	530	0	
5	0	0	0	0	491	527	0	
6	0	0	0	0	487	523	0	
7	0	0	0	0	487	523	1	
8	0	0	0	0	492	521	0	
9	0	0	0	0	495	523	0	
10	0	0	0	0	497	523	0	
11	0	0	0	0	495	522	0	
12	0	0	0	0	491	524	1	
13	0	0	0	0	492	521	0	
14	0	0	0	0	494	518	0	
15	0	0	0	0	497	507	0	
0	0	0	0	0	504	497	0	
1	0	0	0	0	508	492	1	
2	0	0	0	0	515	487	0	
3	0	0	0	0	524	486	0	
4	0	0	0	0	528	487	0	
5	0	0	0	0	529	491	0	
6	0	0	0	0	532	498	1	
7	0	0	0	0	527	503	0	
8	0	0	0	0	519	508	0	
9	0	0	0	0	513	510	0	
10	0	0	0	0	510	511	0	
11	0	0	0	0	507	513	1	
12	0	0	0	0	499	510	0	
13	0	0	0	0	497	502	0	
14	0	0	0	0	503	493	0	
15	0	0	0	0	505	486	0	
0	0	0	0	0	504	476	0	
1	0	0	0	0	500	471	0	
2	0	0	0	0	496	467	0	
3	0	0	0	0	495	469	0	
4	0	0	0	0	497	474	0	
5	0	0	0	0	498	478	1	
6	0	0	0	0	499	479	0	
7	0	0	0	0	499	480	0	
8	0	0	0	0	498	481	0	
9	0	0	0	0	500	486	0	
10	0	0	0	0	506	488	1	
11	0	0	0	0	510	484	0	
12	0	0	0	0	511	483	0	
13	0	0	0	0	513	485	0	
14	0	0	0	0	517	490	0	
15	0	0	0	0	521	492	1	
0	0	0	0	0	527	487	0	
1	0	0	0	0	534	483	0	
2	0	0	0	0	541	478	0	
3	0	0	0	0	543	486	0	
4	0	0	0	0	541	490	1	
5	0	0	0	0	535	480	0	
6	0	0	0	0	531	467	0	
7	0	0	0	0	524	453	0	
8	0	0	0	0	518	448	0	
9	0	0	0	0	510	444	1	
10	0	0	0	0	503	442	0	
11	0	0	0	0	496	447	0	
12	0	0	0	0	492	453	0	
13	0	0	0	0	491	460	0	
14	0	0	0	0	488	465	1	
15	0	0	0	0	484	466	0	
0	0	0	0	0	480	466	0	
1	0	0	0	0	481	465	0	
2	0	0	0	0	486	461	0	
3	0	0	0	0	490	463	1	
4	0	0	0	0	490	462	0	
5	0	0	0	0	492	459	0	
6	0	0	0	0	497	458	0	
7	0	0	0	0	502	456	0	
8	0	0	0	0	505	453	0	
9	0	0	0	0	509	454	0	
10	0	0	0	0	520	459	0	
11	0	0	0	0	535	461	0	
12	0	0	0	0	540	462	0	
13	0	0	0	0	544	461	1	
14	0	0	0	0	543	465	0	
15	0	0	0	0	540	473	0	
0	0	0	0	0	544	483	0	
1	0	0	0	0	548	495	0	
2	0	0	0	0	551	498	1	
3	0	0	0	0	552	490	0	
4	0	0	0	0	552	476	0	
5	0	0	0	0	552	465	0	
6	0	0	0	0	553	455	0	
7	0	0	0	0	552	452	1	
8	0	0	0	0	552	451	0	
9	0	0	0	0	548	457	0	
10	0	0	0	0	537	464	0	
11	0	0	0	0	525	471	0	
12	0	0	0	0	516	475	1	
13	0	0	0	0	506	480	0	
14	0	0	0	0	501	483	0	
15	0	0	0	0	499	486	0	
0	0	0	0	0	497	486	0	
1	0	0	0	0	499	483	1	
2	0	0	0	0	501	484	0	
3	0	0	0	0	507	482	0	
4	0	0	0	0	512	482	0	
5	0	0	0	0	512	481	0	
6	0	0	0	0	510	483	1	
7	0	0	0	0	504	487	0	
8	0	0	0	0	499	491	0	
9	0	0	0	0	496	493	0	
10	0	0	0	0	494	497	0	
11	0	0	0	0	493	503	1	
12	0	0	0	0	494	508	0	
13	0	0	0	0	497	513	0	
14	0	0	0	0	505	518	0	
15	0	0	0	0	515	524	0	
0	0	0	0	0	519	528	1	
1	0	0	0	0	515	526	0	
2	0	0	0	0	507	525	0	
3	0	0	0	0	504	529	0	
4	0	0	0	0	504	534	0	
5	0	0	0	0	505	536	1	
6	0	0	0	0	512	532	0	
7	0	0	0	0	517	526	0	
8	0	0	0	0	522	519	0	
9	0	0	0	0	525	511	0	
10	0	0	0	0	520	504	0	
11	0	0	0	0	513	500	0	
12	0	0	0	0	504	495	0	
13	0	0	0	0	495	496	0	
14	0	0	0	0	488	499	0	
15	0	0	0	0	483	499	0	
0	0	0	0	0	481	503	0	
1	0	0	0	0	481	499	0	
2	0	0	0	0	484	492	0	
3	0	0	0	0	487	486	0	
4	0	0	0	0	492	479	0	
5	0	0	0	0	496	472	0	
6	0	0	0	0	498	470	0	
7	0	0	0	0	502	472	0	
8	0	0	0	0	502	478	0	
9	0	0	0	0	502	480	0	
10	0	0	0	0	499	483	0	
11	0	0	0	0	496	488	0	
12	0	0	0	0	491	490	0	
13	0	0	0	0	489	494	0	
14	0	0	0	0	490	495	0	
15	0	0	0	0	488	493	0	
0	0	0	0	0	484	492	0	
1	0	0	0	0	479	494	0	
2	0	0	0	0	476	500	0	
3	0	0	0	0	473	511	1	
4	0	0	0	0	473	520	0	
5	0	0	0	0	474	531	0	
6	0	0	0	0	477	530	0	
7	0	0	0	0	483	525	0	
8	0	0	0	0	489	515	1	
9	0	0	0	0	496	503	0	
10	0	0	0	0	498	499	0	
11	0	0	0	0	505	502	0	
12	0	0	0	0	518	505	0	
13	0	0	0	0	531	507	1	
14	0	0	0	0	536	505	0	
15	0	0	0	0	537	498	0	
0	0	0	0	0	537	494	0	
1	0	0	0	0	536	490	0	
2	0	0	0	0	532	493	1	
3	0	0	0	0	529	500	0	
4	0	0	0	0	524	508	0	
5	0	0	0	0	513	512	0	
6	0	0	0	0	507	512	0	
7	0	0	0	0	504	504	0	
8	0	0	0	0	498	494	0	
9	0	0	0	0	497	489	0	
10	0	0	0	0	495	488	0	
11	0	0	0	0	493	491	0	
12	0	0	0	0	493	496	0	
13	0	0	0	0	491	499	0	
14	0	0	0	0	491	500	0	
15	0	0	0	0	492	498	0	
0	0	0	0	0	492	499	0	
1	0	0	0	0	494	495	1	
2	0	0	0	0	494	490	0	
3	0	0	0	0	498	487	0	
4	0	0	0	0	502	483	0	
5	0	0	0	0	506	486	0	
6	0	0	0	0	507	483	0	
7	0	0	0	0	506	477	0	
8	0	0	0	0	507	476	0	
9	0	0	0	0	507	480	0	
10	0	0	0	0	506	486	0	
11	0	0	0	0	510	492	0	
12	0	0	0	0	518	493	0	
13	0	0	0	0	525	493	0	
14	0	0	0	0	524	491	0	
15	0	0	0	0	525	490	0	
0	0	0	0	0	528	489	0	
1	0	0	0	0	529	486	0	
2	0	0	0	0	529	484	0	
3	0	0	0	0	530	483	0	
4	0	0	0	0	531	491	0	
5	0	0	0	0	536	504	0	
6	0	0	0	0	538	515	0	
7	0	0	0	0	543	524	0	
8	0	0	0	0	547	524	0	
9	0	0	0	0	550	523	1	
10	0	0	0	0	546	519	0	
11	0	0	0	0	544	516	0	
12	0	0	0	0	536	513	0	
13	0	0	0	0	527	519	0	
14	0	0	0	0	509	527	0	
15	0	0	0	0	490	536	0	
0	0	0	0	0	480	542	0	
1	0	0	0	0	474	545	0	
2	0	0	0	0	469	540	0	
3	0	0	0	0	464	531	0	
4	0	0	0	0	463	526	0	
5	0	0	0	0	458	521	0	
6	0	0	0	0	457	519	0	
7	0	0	0	0	461	518	0	
8	0	0	0	0	465	514	0	
9	0	0	0	0	472	508	1	
10	0	0	0	0	473	507	0	
11	0	0	0	0	469	506	0	
12	0	0	0	0	462	499	0	
13	0	0	0	0	460	496	0	
14	0	0	0	0	462	501	1	
15	0	0	0	0	464	510	0	
0	0	0	0	0	473	521	0	
1	0	0	0	0	487	534	0	
2	0	0	0	0	497	539	0	
3	0	0	0	0	502	537	1	
4	0	0	0	0	501	530	0	
5	0	0	0	0	502	524	0	
6	0	0	0	0	504	519	0	
7	0	0	0	0	501	517	0	
8	0	0	0	0	495	512	1	
9	0	0	0	0	490	512	0	
10	0	0	0	0	486	516	0	
11	0	0	0	0	483	518	0	
12	0	0	0	0	486	517	0	
13	0	0	0	0	489	512	1	
14	0	0	0	0	491	510	0	
15	0	0	0	0	496	508	0	
0	0	0	0	0	501	501	0	
1	0	0	0	0	505	498	0	
2	0	0	0	0	506	501	1	
3	0	0	0	0	508	504	0	
4	0	0	0	0	512	507	0	
5	0	0	0	0	515	513	0	
6	0	0	0	0	512	519	0	
7	0	0	0	0	509	524	1	
8	0	0	0	0	503	520	0	
9	0	0	0	0	502	515	0	
10	0	0	0	0	499	510	0	
11	0	0	0	0	488	512	0	
12	0	0	0	0	480	524	1	
13	0	0	0	0	468	536	1	
14	0	0	0	0	465	531	0	
15	0	0	0	0	471	514	0	
0	0	0	0	0	477	503	0	
1	0	0	0	0	486	497	1	
2	0	0	0	0	494	497	0	
3	0	0	0	0	500	499	0	
4	0	0	0	0	506	503	0	
5	0	0	0	0	505	508	0	
6	0	0	0	0	504	508	1	
7	0	0	0	0	501	504	0	
8	0	0	0	0	499	502	0	
9	0	0	0	0	499	496	0	
10	0	0	0	0	498	488	0	
11	0	0	0	0	497	477	1	
12	0	0	0	0	490	465	0	
13	0	0	0	0	485	460	0	
14	0	0	0	0	481	458	0	
15	0	0	0	0	482	458	0	
0	0	0	0	0	488	460	0	
1	0	0	0	0	494	463	0	
2	0	0	0	0	495	464	0	
3	0	0	0	0	497	474	0	
4	0	0	0	0	501	483	0	
5	0	0	0	0	505	492	0	
6	0	0	0	0	511	499	0	
7	0	0	0	0	514	504	0	
8	0	0	0	0	521	511	0	
9	0	0	0	0	521	513	0	
10	0	0	0	0	519	509	0	
11	0	0	0	0	519	508	0	
12	0	0	0	0	521	501	0	
13	0	0	0	0	525	494	1	
14	0	0	0	0	526	489	0	
15	0	0	0	0	523	489	0	
0	0	0	0	0	518	486	0	
1	0	0	0	0	517	479	0	
2	0	0	0	0	517	472	0	
3	0	0	0	0	517	464	0	
4	0	0	0	0	520	462	0	
5	0	0	0	0	520	464	0	
6	0	0	0	0	522	472	0	
7	0	0	0	0	527	483	0	
8	0	0	0	0	535	493	0	
9	0	0	0	0	539	500	0	
10	0	0	0	0	542	501	0	
11	0	0	0	0	537	499	0	
12	0	0	0	0	531	496	1	
13	0	0	0	0	524	496	0	
14	0	0	0	0	519	499	0	
15	0	0	0	0	513	506	0	
0	0	0	0	0	511	504	0	
1	0	0	0	0	505	497	0	
2	0	0	0	0	504	491	0	
3	0	0	0	0	503	489	0	
4	0	0	0	0	500	488	0	
5	0	0	0	0	496	492	0	
6	0	0	0	0	488	505	1	
7	0	0	0	0	476	515	0	
8	0	0	0	0	467	525	0	
9	0	0	0	0	465	529	0	
10	0	0	0	0	465	531	0	
11	0	0	0	0	469	527	0	
12	0	0	0	0	472	524	0	
13	0	0	0	0	475	523	0	
14	0	0	0	0	482	519	0	
15	0	0	0	0	487	510	0	
0	0	0	0	0	494	505	1	
1	0	0	0	0	500	509	0	
2	0	0	0	0	508	513	0	
3	0	0	0	0	512	515	0	
4	0	0	0	0	515	523	0	
5	0	0	0	0	516	525	0	
6	0	0	0	0	509	520	0	
7	0	0	0	0	505	513	0	
8	0	0	0	0	503	509	0	
9	0	0	0	0	496	505	0	
10	0	0	0	0	492	504	1	
11	0	0	0	0	491	507	0	
12	0	0	0	0	485	507	0	
13	0	0	0	0	477	510	0	
14	0	0	0	0	471	513	0	
15	0	0	0	0	469	514	0	
0	0	0	0	0	467	516	0	
1	0	0	0	0	467	524	1	
2	0	0	0	0	463	531	0	
3	0	0	0	0	462	540	0	
4	0	0	0	0	462	546	1	
5	0	0	0	0	461	553	0	
6	0	0	0	0	460	559	1	
7	0	0	0	0	456	561	0	
8	0	0	0	0	454	570	1	
9	0	0	0	0	454	579	1	
10	0	0	0	0	459	586	1	
11	0	0	0	0	464	588	1	
12	0	0	0	0	467	582	1	
13	0	0	0	0	471	574	1	
14	0	0	0	0	470	564	1	
15	0	0	0	0	470	554	0	
0	0	0	0	0	475	547	1	
1	0	0	0	0	481	545	0	
2	0	0	0	0	487	548	1	
3	0	0	0	0	486	545	0	
4	0	0	0	0	480	538	0	
5	0	0	0	0	475	527	1	
6	0	0	0	0	471	507	0	
7	0	0	0	0	466	490	0	
8	0	0	0	0	460	477	0	
9	0	0	0	0	455	466	0	
10	0	0	0	0	455	460	1	
11	0	0	0	0	459	454	0	
12	0	0	0	0	459	451	0	
13	0	0	0	0	453	451	0	
14	0	0	0	0	444	457	0	
15	0	0	0	0	437	469	1	
0	0	0	0	0	430	481	0	
1	0	0	0	0	430	499	0	
2	0	0	0	0	430	510	0	
3	0	0	0	0	429	515	0	
4	0	0	0	0	430	518	1	
5	0	0	0	0	433	510	0	
6	0	0	0	0	438	508	0	
7	0	0	0	0	443	502	0	
8	0	0	0	0	449	494	0	
9	0	0	0	0	455	485	1	
10	0	0	0	0	467	480	0	
11	0	0	0	0	480	487	0	
12	0	0	0	0	486	492	0	
13	0	0	0	0	488	494	0	
14	0	0	0	0	487	496	1	
15	0	0	0	0	481	495	0	
0	0	0	0	0	479	496	0	
1	0	0	0	0	484	497	0	
2	0	0	0	0	496	506	0	
3	0	0	0	0	511	519	1	
4	0	0	0	0	521	520	0	
5	0	0	0	0	529	524	0	
6	0	0	0	0	530	529	0	
7	0	0	0	0	535	531	0	
8	0	0	0	0	539	531	0	
9	0	0	0	0	540	524	0	
10	0	0	0	0	546	521	0	
11	0	0	0	0	547	510	0	
12	0	0	0	0	550	500	0	
13	0	0	0	0	551	490	0	
14	0	0	0	0	545	479	0	
15	0	0	0	0	539	469	0	
0	0	0	0	0	527	460	0	
1	0	0	0	0	516	460	0	
2	0	0	0	0	511	467	0	
3	0	0	0	0	503	473	0	
4	0	0	0	0	493	481	0	
5	0	0	0	0	488	490	0	
6	0	0	0	0	488	499	0	
7	0	0	0	0	492	504	0	
8	0	0	0	0	494	494	0	
9	0	0	0	0	493	478	0	
10	0	0	0	0	492	464	0	
11	0	0	0	0	491	457	0	
12	0	0	0	0	495	465	1	
13	0	0	0	0	501	475	0	
14	0	0	0	0	505	479	0	
15	0	0	0	0	507	477	0	
0	0	0	0	0	512	476	0	
1	0	0	0	0	518	475	0	
2	0	0	0	0	523	473	0	
3	0	0	0	0	521	470	0	
4	0	0	0	0	519	464	0	
5	0	0	0	0	516	465	0	
6	0	0	0	0	516	470	0	
7	0	0	0	0	515	475	0	
8	0	0	0	0	513	480	0	
9	0	0	0	0	512	486	0	
10	0	0	0	0	511	495	0	
11	0	0	0	0	511	498	0	
12	0	0	0	0	512	491	0	
13	0	0	0	0	518	484	0	
14	0	0	0	0	522	480	0	
15	0	0	0	0	531	479	0	
0	0	0	0	0	540	480	0	
1	0	0	0	0	548	484	0	
2	0	0	0	0	556	488	0	
3	0	0	0	0	559	496	0	
4	0	0	0	0	560	502	0	
5	0	0	0	0	564	507	1	
6	0	0	0	0	567	510	0	
7	0	0	0	0	574	519	0	
8	0	0	0	0	579	528	1	
9	0	0	0	0	579	536	0	
10	0	0	0	0	574	540	0	
11	0	0	0	0	568	539	0	
12	0	0	0	0	559	534	0	
13	0	0	0	0	550	531	0	
14	0	0	0	0	541	527	0	
15	0	0	0	0	532	523	0	
0	0	0	0	0	527	517	0	
1	0	0	0	0	522	511	0	
2	0	0	0	0	519	509	0	
3	0	0	0	0	525	506	0	
4	0	0	0	0	528	506	1	
5	0	0	0	0	526	504	0	
6	0	0	0	0	523	512	0	
7	0	0	0	0	523	519	0	
8	0	0	0	0	519	525	0	
9	0	0	0	0	515	520	1	
10	0	0	0	0	512	511	0	
11	0	0	0	0	515	509	0	
12	0	0	0	0	516	509	0	
13	0	0	0	0	515	509	0	
14	0	0	0	0	520	510	1	
15	0	0	0	0	525	505	0	
0	0	0	0	0	528	495	0	
1	0	0	0	0	527	486	0	
2	0	0	0	0	527	481	0	
3	0	0	0	0	527	485	1	
4	0	0	0	0	524	487	0	
5	0	0	0	0	520	493	0	
6	0	0	0	0	517	496	0	
7	0	0	0	0	518	495	0	
8	0	0	0	0	522	493	0	
9	0	0	0	0	521	491	0	
10	0	0	0	0	521	492	0	
11	0	0	0	0	519	497	0	
12	0	0	0	0	523	503	0	
13	0	0	0	0	532	508	1	
14	0	0	0	0	536	508	0	
15	0	0	0	0	540	510	0	
0	0	0	0	0	541	513	0	
1	0	0	0	0	539	515	0	
2	0	0	0	0	537	517	1	
3	0	0	0	0	536	513	0	
4	0	0	0	0	539	515	0	
5	0	0	0	0	543	515	0	
6	0	0	0	0	548	514	0	
7	0	0	0	0	555	515	1	
8	0	0	0	0	561	517	0	
9	0	0	0	0	566	521	0	
10	0	0	0	0	570	527	0	
11	0	0	0	0	575	530	0	
12	0	0	0	0	579	531	1	
13	0	0	0	0	580	531	0	
14	0	0	0	0	580	531	0	
15	0	0	0	0	576	525	0	
0	0	0	0	0	568	516	0	
1	0	0	0	0	562	511	0	
2	0	0	0	0	555	515	0	
3	0	0	0	0	551	527	0	
4	0	0	0	0	547	536	0	
5	0	0	0	0	548	541	0	
6	0	0	0	0	552	546	1	
7	0	0	0	0	551	542	0	
8	0	0	0	0	556	542	0	
9	0	0	0	0	552	542	1	
10	0	0	0	0	548	547	0	
11	0	0	0	0	543	553	1	
12	0	0	0	0	536	560	0	
13	0	0	0	0	531	568	1	
14	0	0	0	0	532	571	0	
15	0	0	0	0	533	574	1	
0	0	0	0	0	537	575	1	
1	0	0	0	0	532	577	1	
2	0	0	0	0	536	587	1	
3	0	0	0	0	547	588	0	
4	0	0	0	0	558	580	1	
5	0	0	0	0	568	571	1	
6	0	0	0	0	572	558	0	
7	0	0	0	0	575	546	1	
8	0	0	0	0	578	535	0	
9	0	0	0	0	576	526	0	
10	0	0	0	0	570	521	0	
11	0	0	0	0	560	516	0	
12	0	0	0	0	551	513	0	
13	0	0	0	0	549	511	0	
14	0	0	0	0	550	516	0	
15	0	0	0	0	551	524	0	
0	0	0	0	0	549	527	0	
1	0	0	0	0	543	530	0	
2	0	0	0	0	539	531	0	
3	0	0	0	0	538	535	0	
4	0	0	0	0	536	539	0	
5	0	0	0	0	531	535	0	
6	0	0	0	0	525	527	0	
7	0	0	0	0	518	521	0	
8	0	0	0	0	513	514	0	
9	0	0	0	0	512	514	0	
10	0	0	0	0	515	516	0	
11	0	0	0	0	523	521	0	
12	0	0	0	0	534	527	0	
13	0	0	0	0	545	528	0	
14	0	0	0	0	556	528	1	
15	0	0	0	0	557	527	0	
0	0	0	0	0	556	530	0	
1	0	0	0	0	556	531	1	
2	0	0	0	0	556	525	0	
3	0	0	0	0	554	520	0	
4	0	0	0	0	548	513	0	
5	0	0	0	0	544	510	0	
6	0	0	0	0	540	505	0	
7	0	0	0	0	533	502	0	
8	0	0	0	0	528	501	0	
9	0	0	0	0	521	503	0	
10	0	0	0	0	518	502	0	
11	0	0	0	0	517	502	0	
12	0	0	0	0	519	499	0	
13	0	0	0	0	522	496	0	
14	0	0	0	0	519	495	0	
15	0	0	0	0	519	496	0	
0	0	0	0	0	518	499	0	
1	0	0	0	0	519	504	0	
2	0	0	0	0	517	512	1	
3	0	0	0	0	513	521	0	
4	0	0	0	0	511	529	0	
5	0	0	0	0	511	530	0	
6	0	0	0	0	510	522	0	
7	0	0	0	0	504	512	1	
8	0	0	0	0	500	504	0	
9	0	0	0	0	497	499	0	
10	0	0	0	0	495	497	0	
11	0	0	0	0	494	495	0	
12	0	0	0	0	497	499	1	
13	0	0	0	0	501	505	0	
14	0	0	0	0	508	515	0	
15	0	0	0	0	518	524	0	
0	0	0	0	0	528	532	0	
1	0	0	0	0	534	535	0	
2	0	0	0	0	536	536	0	
3	0	0	0	0	531	537	0	
4	0	0	0	0	529	540	1	
5	0	0	0	0	528	538	0	
6	0	0	0	0	533	536	1	
7	0	0	0	0	534	531	0	
8	0	0	0	0	531	527	0	
9	0	0	0	0	528	529	0	
10	0	0	0	0	524	538	0	
11	0	0	0	0	523	547	1	
12	0	0	0	0	519	553	0	
13	0	0	0	0	519	556	1	
14	0	0	0	0	519	557	1	
15	0	0	0	0	519	556	0	
0	0	0	0	0	519	556	1	
1	0	0	0	0	514	555	1	
2	0	0	0	0	512	554	1	
3	0	0	0	0	508	556	1	
4	0	0	0	0	506	564	1	
5	0	0	0	0	501	574	1	
6	0	0	0	0	492	571	1	
7	0	0	0	0	483	557	1	
8	0	0	0	0	474	543	1	
9	0	0	0	0	467	533	0	
10	0	0	0	0	465	527	0	
11	0	0	0	0	464	527	0	
12	0	0	0	0	465	525	0	
13	0	0	0	0	468	523	0	
14	0	0	0	0	471	524	0	
15	0	0	0	0	472	523	1	
0	0	0	0	0	475	521	0	
1	0	0	0	0	481	525	0	
2	0	0	0	0	486	528	0	
3	0	0	0	0	495	530	0	
4	0	0	0	0	505	536	1	
5	0	0	0	0	512	544	0	
6	0	0	0	0	515	550	1	
7	0	0	0	0	514	552	1	
8	0	0	0	0	511	558	0	
9	0	0	0	0	508	561	1	
10	0	0	0	0	506	567	1	
11	0	0	0	0	499	558	1	
12	0	0	0	0	497	545	0	
13	0	0	0	0	496	536	0	
14	0	0	0	0	499	532	0	
15	0	0	0	0	506	532	0	
0	0	0	0	0	507	528	0	
1	0	0	0	0	509	521	0	
2	0	0	0	0	509	514	0	
3	0	0	0	0	511	507	0	
4	0	0	0	0	517	506	0	
5	0	0	0	0	521	501	0	
6	0	0	0	0	525	500	0	
7	0	0	0	0	524	499	0	
8	0	0	0	0	521	499	0	
9	0	0	0	0	519	500	0	
10	0	0	0	0	525	499	0	
11	0	0	0	0	533	500	0	
12	0	0	0	0	535	503	0	
13	0	0	0	0	537	508	0	
14	0	0	0	0	540	515	0	
15	0	0	0	0	542	521	0	
0	0	0	0	0	544	518	1	
1	0	0	0	0	544	508	0	
2	0	0	0	0	547	499	1	
3	0	0	0	0	550	493	0	
4	0	0	0	0	555	491	0	
5	0	0	0	0	556	483	0	
6	0	0	0	0	560	479	0	
7	0	0	0	0	560	479	0	
8	0	0	0	0	554	478	0	
9	0	0	0	0	544	476	0	
10	0	0	0	0	533	476	0	
11	0	0	0	0	525	479	0	
12	0	0	0	0	523	482	0	
13	0	0	0	0	524	483	0	
14	0	0	0	0	525	479	0	
15	0	0	0	0	519	475	0	
0	0	0	0	0	516	474	0	
1	0	0	0	0	514	475	1	
2	0	0	0	0	516	474	0	
3	0	0	0	0	521	473	0	
4	0	0	0	0	525	475	0	
5	0	0	0	0	524	472	0	
6	0	0	0	0	524	472	1	
7	0	0	0	0	525	476	0	
8	0	0	0	0	524	484	0	
9	0	0	0	0	521	487	0	
10	0	0	0	0	519	490	0	
11	0	0	0	0	518	492	1	
12	0	0	0	0	513	486	0	
13	0	0	0	0	509	479	0	
14	0	0	0	0	504	476	0	
15	0	0	0	0	502	480	0	
0	0	0	0	0	504	487	0	
1	0	0	0	0	505	499	0	
2	0	0	0	0	511	513	0	
3	0	0	0	0	520	519	0	
4	0	0	0	0	527	518	0	
5	0	0	0	0	527	514	1	
6	0	0	0	0	523	512	0	
7	0	0	0	0	518	513	0	
8	0	0	0	0	513	516	0	
9	0	0	0	0	509	524	0	
10	0	0	0	0	505	532	1	
11	0	0	0	0	504	534	0	
12	0	0	0	0	503	538	0	
13	0	0	0	0	502	543	0	
14	0	0	0	0	500	548	0	
15	0	0	0	0	502	552	1	
0	0	0	0	0	507	556	0	
1	0	0	0	0	511	562	1	
2	0	0	0	0	511	568	1	
3	0	0	0	0	511	575	1	
4	0	0	0	0	513	578	1	
5	0	0	0	0	519	577	1	
6	0	0	0	0	524	574	1	
7	0	0	0	0	523	572	1	
8	0	0	0	0	522	572	1	
9	0	0	0	0	515	575	1	
10	0	0	0	0	513	574	1	
11	0	0	0	0	511	573	1	
12	0	0	0	0	509	568	1	
13	0	0	0	0	511	561	1	
14	0	0	0	0	513	560	1	
15	0	0	0	0	517	565	1	
0	0	0	0	0	521	565	1	
1	0	0	0	0	523	560	0	
2	0	0	0	0	523	552	1	
3	0	0	0	0	522	545	1	
4	0	0	0	0	518	541	0	
5	0	0	0	0	516	538	0	
6	0	0	0	0	512	537	0	
7	0	0	0	0	508	544	0	
8	0	0	0	0	501	549	1	
9	0	0	0	0	492	550	1	
10	0	0	0	0	486	546	1	
11	0	0	0	0	480	542	0	
12	0	0	0	0	476	544	0	
13	0	0	0	0	473	546	1	
14	0	0	0	0	470	545	0	
15	0	0	0	0	471	543	0	
0	0	0	0	0	471	545	0	
1	0	0	0	0	472	548	0	
2	0	0	0	0	478	552	1	
3	0	0	0	0	482	555	0	
4	0	0	0	0	492	559	1	
5	0	0	0	0	498	563	1	
6	0	0	0	0	502	563	0	
7	0	0	0	0	504	560	1	
8	0	0	0	0	511	558	0	
9	0	0	0	0	517	558	1	
10	0	0	0	0	525	561	0	
11	0	0	0	0	527	563	0	
12	0	0	0	0	523	557	1	
13	0	0	0	0	512	543	0	
14	0	0	0	0	504	529	0	
15	0	0	0	0	500	515	0	
0	0	0	0	0	504	505	0	
1	0	0	0	0	505	503	1	
2	0	0	0	0	502	498	0	
3	0	0	0	0	496	497	0	
4	0	0	0	0	494	504	0	
5	0	0	0	0	496	516	0	
6	0	0	0	0	502	528	0	
7	0	0	0	0	511	531	0	
8	0	0	0	0	514	524	0	
9	0	0	0	0	518	521	0	
10	0	0	0	0	518	515	0	
11	0	0	0	0	514	506	1	
12	0	0	0	0	512	495	0	
13	0	0	0	0	514	488	0	
14	0	0	0	0	519	489	0	
15	0	0	0	0	516	496	0	
0	0	0	0	0	513	504	0	
1	0	0	0	0	509	507	0	
2	0	0	0	0	502	504	0	
3	0	0	0	0	500	502	0	
4	0	0	0	0	499	503	0	
5	0	0	0	0	501	503	0	
6	0	0	0	0	503	504	0	
7	0	0	0	0	497	505	0	
8	0	0	0	0	492	504	0	
9	0	0	0	0	487	503	0	
10	0	0	0	0	479	497	0	
11	0	0	0	0	473	500	0	
12	0	0	0	0	465	504	0	
13	0	0	0	0	457	510	0	
14	0	0	0	0	451	513	0	
15	0	0	0	0	451	512	1	
0	0	0	0	0	449	507	0	
1	0	0	0	0	453	504	0	
2	0	0	0	0	460	496	0	
3	0	0	0	0	467	490	0	
4	0	0	0	0	473	488	1	
5	0	0	0	0	476	488	0	
6	0	0	0	0	480	491	0	
7	0	0	0	0	488	496	0	
8	0	0	0	0	496	503	0	
9	0	0	0	0	503	509	0	
10	0	0	0	0	504	509	0	
11	0	0	0	0	507	509	0	
12	0	0	0	0	511	518	0	
13	0	0	0	0	514	531	0	
14	0	0	0	0	513	546	1	
15	0	0	0	0	505	556	0	
0	0	0	0	0	500	551	1	
1	0	0	0	0	494	549	1	
2	0	0	0	0	489	545	0	
3	0	0	0	0	493	535	0	
4	0	0	0	0	499	524	0	
5	0	0	0	0	507	518	0	
6	0	0	0	0	512	512	0	
7	0	0	0	0	515	504	0	
8	0	0	0	0	522	496	0	
9	0	0	0	0	525	488	0	
10	0	0	0	0	525	486	0	
11	0	0	0	0	522	488	0	
12	0	0	0	0	522	491	0	
13	0	0	0	0	525	496	0	
14	0	0	0	0	523	496	0	
15	0	0	0	0	523	501	0	
0	0	0	0	0	523	503	0	
1	0	0	0	0	525	500	0	
2	0	0	0	0	524	499	0	
3	0	0	0	0	518	496	0	
4	0	0	0	0	512	493	0	
5	0	0	0	0	506	493	0	
6	0	0	0	0	502	496	0	
7	0	0	0	0	502	496	1	
8	0	0	0	0	498	495	0	
9	0	0	0	0	492	497	0	
10	0	0	0	0	490	504	0	
11	0	0	0	0	484	512	0	
12	0	0	0	0	485	523	1	
13	0	0	0	0	487	532	0	
14	0	0	0	0	494	540	0	
15	0	0	0	0	496	545	0	
0	0	0	0	0	494	554	0	
1	0	0	0	0	496	558	1	
2	0	0	0	0	497	552	1	
3	0	0	0	0	504	551	1	
4	0	0	0	0	511	551	1	
5	0	0	0	0	515	548	0	
6	0	0	0	0	516	542	1	
7	0	0	0	0	513	529	0	
8	0	0	0	0	512	519	0	
9	0	0	0	0	515	511	0	
10	0	0	0	0	515	510	0	
11	0	0	0	0	515	514	1	
12	0	0	0	0	512	519	0	
13	0	0	0	0	507	530	0	
14	0	0	0	0	500	540	0	
15	0	0	0	0	494	545	0	
0	0	0	0	0	491	551	1	
1	0	0	0	0	491	551	1	
2	0	0	0	0	492	552	0	
3	0	0	0	0	489	555	1	
4	0	0	0	0	492	557	1	
5	0	0	0	0	493	555	1	
6	0	0	0	0	489	542	0	
7	0	0	0	0	486	535	0	
8	0	0	0	0	487	531	0	
9	0	0	0	0	493	534	0	
10	0	0	0	0	503	540	1	
11	0	0	0	0	507	544	0	
12	0	0	0	0	512	545	0	
13	0	0	0	0	513	543	0	
14	0	0	0	0	518	540	0	
15	0	0	0	0	522	538	1	
0	0	0	0	0	522	533	0	
1	0	0	0	0	524	531	1	
2	0	0	0	0	528	527	0	
3	0	0	0	0	528	521	0	
4	0	0	0	0	530	519	0	
5	0	0	0	0	523	515	0	
6	0	0	0	0	511	515	0	
7	0	0	0	0	502	516	0	
8	0	0	0	0	499	519	0	
9	0	0	0	0	494	526	0	
10	0	0	0	0	485	529	0	
11	0	0	0	0	480	537	0	
12	0	0	0	0	474	547	1	
13	0	0	0	0	478	550	1	
14	0	0	0	0	483	545	0	
15	0	0	0	0	489	538	1	
0	0	0	0	0	495	537	0	
1	0	0	0	0	497	537	1	
2	0	0	0	0	501	532	0	
3	0	0	0	0	501	531	0	
4	0	0	0	0	501	529	0	
5	0	0	0	0	505	527	0	
6	0	0	0	0	511	527	0	
7	0	0	0	0	512	529	0	
8	0	0	0	0	515	534	1	
9	0	0	0	0	520	539	0	
10	0	0	0	0	527	549	1	
11	0	0	0	0	532	557	1	
12	0	0	0	0	539	567	1	
13	0	0	0	0	545	575	1	
14	0	0	0	0	549	581	1	
15	0	0	0	0	551	585	1	
0	0	0	0	0	553	590	1	
1	0	0	0	0	553	586	1	
2	0	0	0	0	548	580	1	
3	0	0	0	0	544	575	1	
4	0	0	0	0	538	567	1	
5	0	0	0	0	532	560	1	
6	0	0	0	0	528	561	1	
7	0	0	0	0	527	562	1	
8	0	0	0	0	526	564	1	
9	0	0	0	0	529	568	1	
10	0	0	0	0	531	574	1	
11	0	0	0	0	531	577	1	
12	0	0	0	0	531	585	1	
13	0	0	0	0	533	591	1	
14	0	0	0	0	532	596	1	
15	0	0	0	0	526	594	1	
0	0	0	0	0	526	585	1	
1	0	0	0	0	529	581	1	
2	0	0	0	0	533	573	1	
3	0	0	0	0	539	568	1	
4	0	0	0	0	540	554	1	
5	0	0	0	0	537	537	0	
6	0	0	0	0	537	526	1	
7	0	0	0	0	538	515	0	
8	0	0	0	0	538	513	0	
9	0	0	0	0	531	512	1	
10	0	0	0	0	525	511	0	
11	0	0	0	0	515	512	0	
12	0	0	0	0	507	509	0	
13	0	0	0	0	504	507	0	
14	0	0	0	0	505	505	0	
15	0	0	0	0	510	506	0	
0	0	0	0	0	516	508	1	
1	0	0	0	0	522	508	0	
2	0	0	0	0	528	512	0	
3	0	0	0	0	529	514	0	
4	0	0	0	0	532	518	0	
5	0	0	0	0	531	521	0	
6	0	0	0	0	526	523	0	
7	0	0	0	0	520	525	0	
8	0	0	0	0	515	528	0	
9	0	0	0	0	513	529	0	
10	0	0	0	0	512	527	1	
11	0	0	0	0	508	524	0	
12	0	0	0	0	499	521	0	
13	0	0	0	0	492	521	0	
14	0	0	0	0	488	527	0	
15	0	0	0	0	491	540	1	
0	0	0	0	0	494	548	0	
1	0	0	0	0	492	559	1	
2	0	0	0	0	492	559	1	
3	0	0	0	0	497	553	0	
4	0	0	0	0	509	551	1	
5	0	0	0	0	522	547	0	
6	0	0	0	0	531	544	1	
7	0	0	0	0	533	540	0	
8	0	0	0	0	529	539	0	
9	0	0	0	0	526	539	1	
10	0	0	0	0	529	541	1	
11	0	0	0	0	536	548	0	
12	0	0	0	0	541	551	1	
13	0	0	0	0	539	550	0	
14	0	0	0	0	531	544	1	
15	0	0	0	0	519	535	0	
0	0	0	0	0	509	526	0	
1	0	0	0	0	495	522	0	
2	0	0	0	0	481	529	0	
3	0	0	0	0	469	537	1	
4	0	0	0	0	460	546	1	
5	0	0	0	0	456	547	1	
6	0	0	0	0	452	542	1	
7	0	0	0	0	451	541	0	
8	0	0	0	0	456	540	1	
9	0	0	0	0	462	540	0	
10	0	0	0	0	470	539	0	
11	0	0	0	0	478	537	0	
12	0	0	0	0	481	537	0	
13	0	0	0	0	484	538	1	
14	0	0	0	0	484	538	0	
15	0	0	0	0	483	538	0	
0	0	0	0	0	483	540	0	
1	0	0	0	0	484	542	0	
2	0	0	0	0	486	545	1	
3	0	0	0	0	488	540	0	
4	0	0	0	0	495	539	0	
5	0	0	0	0	500	540	0	
6	0	0	0	0	505	535	0	
7	0	0	0	0	510	527	1	
8	0	0	0	0	515	524	0	
9	0	0	0	0	527	526	0	
10	0	0	0	0	538	530	0	
11	0	0	0	0	545	531	0	
12	0	0	0	0	543	535	1	
13	0	0	0	0	535	535	0	
14	0	0	0	0	532	532	0	
15	0	0	0	0	535	532	0	
0	0	0	0	0	537	535	0	
1	0	0	0	0	539	534	1	
2	0	0	0	0	545	531	0	
3	0	0	0	0	554	523	0	
4	0	0	0	0	562	519	0	
5	0	0	0	0	568	519	0	
6	0	0	0	0	574	523	1	
7	0	0	0	0	581	528	0	
8	0	0	0	0	590	537	0	
9	0	0	0	0	596	539	1	
10	0	0	0	0	594	540	0	
11	0	0	0	0	587	543	1	
12	0	0	0	0	578	543	1	
13	0	0	0	0	571	547	1	
14	0	0	0	0	560	552	0	
15	0	0	0	0	548	555	1	
0	0	0	0	0	533	555	1	
1	0	0	0	0	524	555	1	
2	0	0	0	0	518	548	0	
3	0	0	0	0	511	534	1	
4	0	0	0	0	506	525	0	
5	0	0	0	0	507	523	0	
6	0	0	0	0	508	521	0	
7	0	0	0	0	512	519	0	
8	0	0	0	0	513	513	0	
9	0	0	0	0	513	509	0	
10	0	0	0	0	513	509	0	
11	0	0	0	0	513	508	0	
12	0	0	0	0	516	514	0	
13	0	0	0	0	517	521	0	
14	0	0	0	0	518	528	0	
15	0	0	0	0	522	526	1	
0	0	0	0	0	524	521	0	
1	0	0	0	0	526	522	0	
2	0	0	0	0	527	527	0	
3	0	0	0	0	526	529	0	
4	0	0	0	0	526	522	0	
5	0	0	0	0	524	510	0	
6	0	0	0	0	524	504	0	
7	0	0	0	0	522	500	0	
8	0	0	0	0	521	501	0	
9	0	0	0	0	519	505	0	
10	0	0	0	0	520	511	0	
11	0	0	0	0	521	516	0	
12	0	0	0	0	521	520	0	
13	0	0	0	0	520	526	0	
14	0	0	0	0	519	527	1	
15	0	0	0	0	514	524	0	
0	0	0	0	0	507	520	0	
1	0	0	0	0	498	523	0	
2	0	0	0	0	491	527	0	
3	0	0	0	0	487	533	1	
4	0	0	0	0	483	532	0	
5	0	0	0	0	489	530	0	
6	0	0	0	0	495	523	0	
7	0	0	0	0	498	515	0	
8	0	0	0	0	498	512	0	
9	0	0	0	0	501	509	0	
10	0	0	0	0	504	504	0	
11	0	0	0	0	506	500	0	
12	0	0	0	0	504	503	0	
13	0	0	0	0	500	510	0	
14	0	0	0	0	499	513	0	
15	0	0	0	0	497	512	0	
0	0	0	0	0	492	508	0	
1	0	0	0	0	486	502	0	
2	0	0	0	0	483	497	1	
3	0	0	0	0	476	491	0	
4	0	0	0	0	465	489	0	
5	0	0	0	0	455	491	0	
6	0	0	0	0	451	486	0	
7	0	0	0	0	448	479	1	
8	0	0	0	0	444	476	0	
9	0	0	0	0	440	479	0	
10	0	0	0	0	440	480	0	
11	0	0	0	0	441	480	0	
12	0	0	0	0	444	486	1	
13	0	0	0	0	449	485	0	
14	0	0	0	0	459	484	0	
15	0	0	0	0	468	485	0	
0	0	0	0	0	483	487	0	
1	0	0	0	0	497	487	1	
2	0	0	0	0	505	486	0	
3	0	0	0	0	508	479	0	
4	0	0	0	0	510	472	0	
5	0	0	0	0	503	467	0	
6	0	0	0	0	497	468	0	
7	0	0	0	0	494	470	0	
8	0	0	0	0	493	470	0	
9	0	0	0	0	495	472	0	
10	0	0	0	0	503	479	0	
11	0	0	0	0	512	486	1	
12	0	0	0	0	519	491	0	
13	0	0	0	0	530	484	0	
14	0	0	0	0	536	478	0	
15	0	0	0	0	536	474	0	
0	0	0	0	0	529	471	1	
1	0	0	0	0	521	466	0	
2	0	0	0	0	515	468	0	
3	0	0	0	0	512	471	0	
4	0	0	0	0	512	477	0	
5	0	0	0	0	513	483	1	
6	0	0	0	0	513	481	0	
7	0	0	0	0	516	483	0	
8	0	0	0	0	513	492	0	
9	0	0	0	0	511	502	0	
10	0	0	0	0	510	507	1	
11	0	0	0	0	508	505	0	
12	0	0	0	0	510	502	0	
13	0	0	0	0	514	496	0	
14	0	0	0	0	520	494	0	
15	0	0	0	0	529	494	0	
0	0	0	0	0	533	485	0	
1	0	0	0	0	534	476	0	
2	0	0	0	0	531	472	0	
3	0	0	0	0	529	473	0	
4	0	0	0	0	533	475	0	
5	0	0	0	0	536	477	0	
6	0	0	0	0	533	478	0	
7	0	0	0	0	529	479	0	
8	0	0	0	0	521	480	0	
9	0	0	0	0	514	479	0	
10	0	0	0	0	509	480	0	
11	0	0	0	0	499	480	0	
12	0	0	0	0	496	480	0	
13	0	0	0	0	498	476	0	
14	0	0	0	0	495	473	0	
15	0	0	0	0	491	471	0	
0	0	0	0	0	497	474	0	
1	0	0	0	0	502	480	0	
2	0	0	0	0	509	487	0	
3	0	0	0	0	513	495	0	
4	0	0	0	0	511	499	0	
5	0	0	0	0	507	504	0	
6	0	0	0	0	507	506	0	
7	0	0	0	0	512	508	0	
8	0	0	0	0	511	505	0	
9	0	0	0	0	507	502	0	
10	0	0	0	0	501	500	0	
11	0	0	0	0	498	496	0	
12	0	0	0	0	498	492	0	
13	0	0	0	0	503	492	0	
14	0	0	0	0	508	484	0	
15	0	0	0	0	515	476	0	
0	0	0	0	0	520	470	0	
1	0	0	0	0	528	471	0	
2	0	0	0	0	537	476	1	
3	0	0	0	0	546	481	0	
4	0	0	0	0	556	486	0	
5	0	0	0	0	567	483	0	
6	0	0	0	0	569	472	0	
7	0	0	0	0	564	464	1	
8	0	0	0	0	552	461	0	
9	0	0	0	0	544	465	0	
10	0	0	0	0	530	472	0	
11	0	0	0	0	519	481	0	
12	0	0	0	0	511	487	0	
13	0	0	0	0	500	490	0	
14	0	0	0	0	492	491	0	
15	0	0	0	0	487	489	0	
0	0	0	0	0	484	486	0	
1	0	0	0	0	485	482	0	
2	0	0	0	0	486	476	0	
3	0	0	0	0	486	476	0	
4	0	0	0	0	488	479	0	
5	0	0	0	0	493	487	0	
6	0	0	0	0	496	492	0	
7	0	0	0	0	495	493	0	
8	0	0	0	0	496	496	0	
9	0	0	0	0	498	500	0	
10	0	0	0	0	502	504	0	
11	0	0	0	0	504	516	0	
12	0	0	0	0	503	532	0	
13	0	0	0	0	504	545	0	
14	0	0	0	0	514	554	1	
15	0	0	0	0	525	543	0	
0	0	0	0	0	534	527	1	
1	0	0	0	0	534	515	0	
2	0	0	0	0	528	509	0	
3	0	0	0	0	522	509	0	
4	0	0	0	0	518	510	0	
5	0	0	0	0	513	514	1	
6	0	0	0	0	509	516	0	
7	0	0	0	0	506	519	0	
8	0	0	0	0	505	520	0	
9	0	0	0	0	499	523	0	
10	0	0	0	0	492	527	1	
11	0	0	0	0	490	530	0	
12	0	0	0	0	489	532	0	
13	0	0	0	0	492	529	0	
14	0	0	0	0	499	523	0	
15	0	0	0	0	505	519	1	
0	0	0	0	0	504	517	0	
1	0	0	0	0	501	519	0	
2	0	0	0	0	503	527	0	
3	0	0	0	0	506	534	0	
4	0	0	0	0	510	543	1	
5	0	0	0	0	514	551	0	
6	0	0	0	0	519	560	1	
7	0	0	0	0	519	561	1	
8	0	0	0	0	517	563	0	
9	0	0	0	0	522	567	1	
10	0	0	0	0	528	560	0	
11	0	0	0	0	533	558	1	
12	0	0	0	0	534	558	1	
13	0	0	0	0	528	558	0	
14	0	0	0	0	521	560	1	
15	0	0	0	0	515	551	1	
0	0	0	0	0	511	541	0	
1	0	0	0	0	507	531	0	
2	0	0	0	0	503	518	0	
3	0	0	0	0	498	512	1	
4	0	0	0	0	494	507	0	
5	0	0	0	0	491	503	0	
6	0	0	0	0	492	501	0	
7	0	0	0	0	489	504	0	
8	0	0	0	0	496	506	1	
9	0	0	0	0	506	504	0	
10	0	0	0	0	516	504	0	
11	0	0	0	0	526	504	0	
12	0	0	0	0	538	509	0	
13	0	0	0	0	546	527	1	
14	0	0	0	0	547	541	0	
15	0	0	0	0	543	550	1	
0	0	0	0	0	536	553	0	
1	0	0	0	0	534	556	1	
2	0	0	0	0	531	557	1	
3	0	0	0	0	528	551	1	
4	0	0	0	0	534	545	1	
5	0	0	0	0	540	543	0	
6	0	0	0	0	543	541	0	
7	0	0	0	0	538	537	0	
8	0	0	0	0	531	533	0	
9	0	0	0	0	531	532	0	
10	0	0	0	0	528	531	0	
11	0	0	0	0	527	531	0	
12	0	0	0	0	527	532	1	
13	0	0	0	0	521	529	0	
14	0	0	0	0	512	530	0	
15	0	0	0	0	504	529	0	
0	0	0	0	0	499	529	0	
1	0	0	0	0	499	529	1	
2	0	0	0	0	495	529	0	
3	0	0	0	0	499	521	0	
4	0	0	0	0	504	508	0	
5	0	0	0	0	510	494	0	
6	0	0	0	0	516	480	0	
7	0	0	0	0	524	470	0	
8	0	0	0	0	538	465	0	
9	0	0	0	0	552	463	0	
10	0	0	0	0	567	464	0	
11	0	0	0	0	573	472	1	
12	0	0	0	0	567	479	0	
13	0	0	0	0	559	489	0	
14	0	0	0	0	552	497	0	
15	0	0	0	0	539	504	0	
0	0	0	0	0	524	511	0	
1	0	0	0	0	503	515	0	
2	0	0	0	0	485	511	0	
3	0	0	0	0	478	507	0	
4	0	0	0	0	477	503	0	
5	0	0	0	0	477	502	1	
6	0	0	0	0	473	499	0	
7	0	0	0	0	470	500	0	
8	0	0	0	0	465	499	0	
9	0	0	0	0	463	497	0	
10	0	0	0	0	462	495	1	
11	0	0	0	0	460	489	0	
12	0	0	0	0	455	487	0	
13	0	0	0	0	455	487	0	
14	0	0	0	0	457	487	0	
15	0	0	0	0	461	486	0	
0	0	0	0	0	466	483	0	
1	0	0	0	0	470	486	0	
2	0	0	0	0	471	488	0	
3	0	0	0	0	473	494	0	
4	0	0	0	0	476	499	0	
5	0	0	0	0	473	500	0	
6	0	0	0	0	473	504	0	
7	0	0	0	0	477	505	0	
8	0	0	0	0	478	509	0	
9	0	0	0	0	481	503	0	
10	0	0	0	0	486	494	0	
11	0	0	0	0	491	491	0	
12	0	0	0	0	493	483	0	
13	0	0	0	0	492	482	0	
14	0	0	0	0	494	484	0	
15	0	0	0	0	494	483	0	
0	0	0	0	0	495	485	0	
1	0	0	0	0	494	493	1	
2	0	0	0	0	495	502	0	
3	0	0	0	0	496	511	0	
4	0	0	0	0	496	519	0	
5	0	0	0	0	498	524	0	
6	0	0	0	0	498	525	0	
7	0	0	0	0	502	527	0	
8	0	0	0	0	504	532	1	
9	0	0	0	0	508	531	0	
10	0	0	0	0	511	529	0	
11	0	0	0	0	511	531	0	
12	0	0	0	0	507	535	0	
13	0	0	0	0	505	540	1	
14	0	0	0	0	504	540	0	
15	0	0	0	0	501	537	0	
0	0	0	0	0	499	540	0	
1	0	0	0	0	501	537	0	
2	0	0	0	0	501	532	1	
3	0	0	0	0	498	522	0	
4	0	0	0	0	497	512	0	
5	0	0	0	0	503	511	0	
6	0	0	0	0	512	508	0	
7	0	0	0	0	513	504	1	
8	0	0	0	0	508	499	0	
9	0	0	0	0	504	499	0	
10	0	0	0	0	500	502	0	
11	0	0	0	0	499	507	0	
12	0	0	0	0	499	513	1	
13	0	0	0	0	499	522	0	
14	0	0	0	0	503	535	0	
15	0	0	0	0	505	553	1	
0	0	0	0	0	508	566	1	
1	0	0	0	0	508	553	1	
2	0	0	0	0	511	534	0	
3	0	0	0	0	516	522	0	
4	0	0	0	0	515	518	0	
5	0	0	0	0	513	512	0	
6	0	0	0	0	515	509	1	
7	0	0	0	0	519	504	0	
8	0	0	0	0	526	500	0	
9	0	0	0	0	533	497	0	
10	0	0	0	0	536	502	0	
11	0	0	0	0	532	513	1	
12	0	0	0	0	528	524	0	
13	0	0	0	0	527	537	0	
14	0	0	0	0	527	550	0	
15	0	0	0	0	532	558	0	
0	0	0	0	0	541	559	1	
1	0	0	0	0	547	554	1	
2	0	0	0	0	549	550	0	
3	0	0	0	0	554	549	0	
4	0	0	0	0	560	545	0	
5	0	0	0	0	564	542	1	
6	0	0	0	0	568	541	0	
7	0	0	0	0	565	537	0	
8	0	0	0	0	560	534	0	
9	0	0	0	0	551	530	0	
10	0	0	0	0	542	528	1	
11	0	0	0	0	532	523	0	
12	0	0	0	0	524	520	0	
13	0	0	0	0	523	523	0	
14	0	0	0	0	523	529	0	
15	0	0	0	0	522	539	1	
0	0	0	0	0	525	536	0	
1	0	0	0	0	530	531	1	
2	0	0	0	0	531	527	0	
3	0	0	0	0	532	529	0	
4	0	0	0	0	533	529	1	
5	0	0	0	0	534	529	0	
6	0	0	0	0	539	528	0	
7	0	0	0	0	540	525	0	
8	0	0	0	0	542	524	0	
9	0	0	0	0	539	525	1	
10	0	0	0	0	535	524	0	
11	0	0	0	0	527	529	0	
12	0	0	0	0	522	531	0	
13	0	0	0	0	524	531	0	
14	0	0	0	0	529	530	0	
15	0	0	0	0	532	529	0	
0	0	0	0	0	529	526	0	
1	0	0	0	0	526	525	0	
2	0	0	0	0	527	524	0	
3	0	0	0	0	529	523	1	
4	0	0	0	0	529	519	0	
5	0	0	0	0	532	517	0	
6	0	0	0	0	536	518	0	
7	0	0	0	0	539	520	0	
8	0	0	0	0	545	523	1	
9	0	0	0	0	552	518	0	
10	0	0	0	0	557	515	0	
11	0	0	0	0	559	512	0	
12	0	0	0	0	563	508	0	
13	0	0	0	0	564	507	1	
14	0	0	0	0	561	510	0	
15	0	0	0	0	559	518	0	
0	0	0	0	0	555	527	0	
1	0	0	0	0	552	531	0	
2	0	0	0	0	552	538	1	
3	0	0	0	0	550	536	0	
4	0	0	0	0	546	523	0	
5	0	0	0	0	542	512	0	
6	0	0	0	0	538	503	0	
7	0	0	0	0	537	495	0	
8	0	0	0	0	541	488	0	
9	0	0	0	0	545	483	0	
10	0	0	0	0	553	484	0	
11	0	0	0	0	563	488	0	
12	0	0	0	0	573	489	1	
13	0	0	0	0	578	492	0	
14	0	0	0	0	576	494	0	
15	0	0	0	0	571	489	0	
0	0	0	0	0	568	489	0	
1	0	0	0	0	567	493	0	
2	0	0	0	0	563	492	0	
3	0	0	0	0	562	491	0	
4	0	0	0	0	559	489	0	
5	0	0	0	0	560	492	0	
6	0	0	0	0	560	498	0	
7	0	0	0	0	564	506	0	
8	0	0	0	0	568	515	0	
9	0	0	0	0	566	519	1	
10	0	0	0	0	567	524	0	
11	0	0	0	0	565	534	0	
12	0	0	0	0	562	538	0	
13	0	0	0	0	559	545	1	
14	0	0	0	0	557	541	0	
15	0	0	0	0	559	534	0	
0	0	0	0	0	559	525	0	
1	0	0	0	0	545	516	0	
2	0	0	0	0	524	513	0	
3	0	0	0	0	503	509	0	
4	0	0	0	0	488	509	0	
5	0	0	0	0	485	516	1	
6	0	0	0	0	483	527	0	
7	0	0	0	0	487	540	0	
8	0	0	0	0	495	546	0	
9	0	0	0	0	499	544	0	
10	0	0	0	0	502	544	1	
11	0	0	0	0	501	536	0	
12	0	0	0	0	499	531	0	
13	0	0	0	0	501	531	0	
14	0	0	0	0	499	530	0	
15	0	0	0	0	500	533	1	
0	0	0	0	0	501	531	0	
1	0	0	0	0	504	530	0	
2	0	0	0	0	504	529	0	
3	0	0	0	0	502	527	0	
4	0	0	0	0	503	520	1	
5	0	0	0	0	508	511	0	
6	0	0	0	0	518	504	0	
7	0	0	0	0	524	502	0	
8	0	0	0	0	524	499	0	
9	0	0	0	0	519	494	1	
10	0	0	0	0	515	486	0	
11	0	0	0	0	514	480	0	
12	0	0	0	0	514	472	0	
13	0	0	0	0	511	465	0	
14	0	0	0	0	505	461	0	
15	0	0	0	0	502	455	0	
0	0	0	0	0	504	450	0	
1	0	0	0	0	506	452	0	
2	0	0	0	0	511	460	0	
3	0	0	0	0	516	465	0	
4	0	0	0	0	518	472	0	
5	0	0	0	0	519	481	0	
6	0	0	0	0	518	488	0	
7	0	0	0	0	516	498	0	
8	0	0	0	0	519	513	1	
9	0	0	0	0	521	524	0	
10	0	0	0	0	522	529	0	
11	0	0	0	0	521	527	0	
12	0	0	0	0	526	523	0	
13	0	0	0	0	531	519	1	
14	0	0	0	0	534	518	0	
15	0	0	0	0	533	519	0	
0	0	0	0	0	527	527	0	
1	0	0	0	0	519	530	0	
2	0	0	0	0	510	524	1	
3	0	0	0	0	503	508	0	
4	0	0	0	0	501	493	0	
5	0	0	0	0	504	489	0	
6	0	0	0	0	502	492	0	
7	0	0	0	0	495	492	0	
8	0	0	0	0	490	489	0	
9	0	0	0	0	488	487	0	
10	0	0	0	0	485	481	0	
11	0	0	0	0	483	477	0	
12	0	0	0	0	486	472	1	
13	0	0	0	0	489	464	0	
14	0	0	0	0	495	454	0	
15	0	0	0	0	506	445	0	
0	0	0	0	0	515	439	0	
1	0	0	0	0	515	443	0	
2	0	0	0	0	513	444	0	
3	0	0	0	0	516	454	0	
4	0	0	0	0	518	463	0	
5	0	0	0	0	519	473	0	
6	0	0	0	0	519	484	0	
7	0	0	0	0	513	480	0	
8	0	0	0	0	506	475	0	
9	0	0	0	0	500	469	0	
10	0	0	0	0	495	465	0	
11	0	0	0	0	496	462	0	
12	0	0	0	0	489	458	0	
13	0	0	0	0	490	461	0	
14	0	0	0	0	487	466	0	
15	0	0	0	0	485	479	0	
0	0	0	0	0	487	494	0	
1	0	0	0	0	485	507	0	
2	0	0	0	0	485	512	0	
3	0	0	0	0	483	512	0	
4	0	0	0	0	481	509	0	
5	0	0	0	0	482	508	1	
6	0	0	0	0	481	508	0	
7	0	0	0	0	479	508	0	
8	0	0	0	0	482	507	0	
9	0	0	0	0	493	510	0	
10	0	0	0	0	503	514	0	
11	0	0	0	0	512	513	0	
12	0	0	0	0	521	515	0	
13	0	0	0	0	528	513	0	
14	0	0	0	0	527	511	0	
15	0	0	0	0	523	510	0	
0	0	0	0	0	516	504	0	
1	0	0	0	0	512	497	0	
2	0	0	0	0	505	491	0	
3	0	0	0	0	504	487	0	
4	0	0	0	0	503	483	0	
5	0	0	0	0	497	475	0	
6	0	0	0	0	497	477	0	
7	0	0	0	0	495	482	0	
8	0	0	0	0	488	481	0	
9	0	0	0	0	483	479	1	
10	0	0	0	0	477	474	0	
11	0	0	0	0	477	469	0	
12	0	0	0	0	476	465	0	
13	0	0	0	0	473	464	0	
14	0	0	0	0	475	460	0	
15	0	0	0	0	478	455	0	
0	0	0	0	0	483	458	0	
1	0	0	0	0	488	464	1	
2	0	0	0	0	495	472	0	
3	0	0	0	0	500	487	1	
4	0	0	0	0	504	499	0	
5	0	0	0	0	505	501	0	
6	0	0	0	0	505	490	0	
7	0	0	0	0	502	479	0	
8	0	0	0	0	502	467	0	
9	0	0	0	0	503	460	0	
10	0	0	0	0	503	459	0	
11	0	0	0	0	505	459	0	
12	0	0	0	0	511	460	0	
13	0	0	0	0	513	460	1	
14	0	0	0	0	512	457	0	
15	0	0	0	0	510	455	0	
0	0	0	0	0	508	457	0	
1	0	0	0	0	507	461	0	
2	0	0	0	0	507	462	0	
3	0	0	0	0	503	458	0	
4	0	0	0	0	502	458	0	
5	0	0	0	0	501	454	0	
6	0	0	0	0	504	450	0	
7	0	0	0	0	509	451	0	
8	0	0	0	0	509	450	0	
9	0	0	0	0	514	454	0	
10	0	0	0	0	521	459	0	
11	0	0	0	0	530	465	0	
12	0	0	0	0	541	472	0	
13	0	0	0	0	550	478	0	
14	0	0	0	0	553	491	0	
15	0	0	0	0	554	501	0	
0	0	0	0	0	552	508	0	
1	0	0	0	0	551	501	0	
2	0	0	0	0	545	491	0	
3	0	0	0	0	536	492	0	
4	0	0	0	0	529	501	0	
5	0	0	0	0	524	511	0	
6	0	0	0	0	519	523	1	
7	0	0	0	0	513	524	0	
8	0	0	0	0	513	522	0	
9	0	0	0	0	513	515	0	
10	0	0	0	0	509	508	0	
11	0	0	0	0	503	505	1	
12	0	0	0	0	498	501	0	
13	0	0	0	0	500	498	0	
14	0	0	0	0	504	495	0	
15	0	0	0	0	506	493	0	
0	0	0	0	0	511	494	1	
1	0	0	0	0	519	494	0	
2	0	0	0	0	526	496	0	
3	0	0	0	0	526	496	0	
4	0	0	0	0	524	495	0	
5	0	0	0	0	523	496	1	
6	0	0	0	0	519	493	0	
7	0	0	0	0	520	493	0	
8	0	0	0	0	524	491	0	
9	0	0	0	0	521	492	0	
10	0	0	0	0	520	498	0	
11	0	0	0	0	519	502	0	
12	0	0	0	0	519	509	0	
13	0	0	0	0	516	511	0	
14	0	0	0	0	515	500	0	
15	0	0	0	0	514	491	0	
0	0	0	0	0	511	483	0	
1	0	0	0	0	511	477	0	
2	0	0	0	0	509	470	0	
3	0	0	0	0	506	465	0	
4	0	0	0	0	507	464	0	
5	0	0	0	0	507	463	0	
6	0	0	0	0	509	466	0	
7	0	0	0	0	510	467	0	
8	0	0	0	0	510	467	0	
9	0	0	0	0	511	467	0	
10	0	0	0	0	511	463	0	
11	0	0	0	0	514	460	0	
12	0	0	0	0	514	458	0	
13	0	0	0	0	516	460	0	
14	0	0	0	0	516	467	0	
15	0	0	0	0	512	476	0	
0	0	0	0	0	513	480	0	
1	0	0	0	0	517	479	0	
2	0	0	0	0	519	481	0	
3	0	0	0	0	518	484	0	
4	0	0	0	0	512	481	0	
5	0	0	0	0	510	481	0	
6	0	0	0	0	504	481	1	
7	0	0	0	0	503	479	0	
8	0	0	0	0	504	476	1	
9	0	0	0	0	507	466	0	
10	0	0	0	0	508	460	0	
11	0	0	0	0	503	457	0	
12	0	0	0	0	502	460	0	
13	0	0	0	0	504	458	0	
14	0	0	0	0	500	451	0	
15	0	0	0	0	500	450	0	
0	0	0	0	0	503	451	0	
1	0	0	0	0	506	455	0	
2	0	0	0	0	510	456	0	
3	0	0	0	0	511	453	0	
4	0	0	0	0	514	455	0	
5	0	0	0	0	510	454	0	
6	0	0	0	0	509	456	0	
7	0	0	0	0	511	460	0	
8	0	0	0	0	514	465	0	
9	0	0	0	0	520	470	0	
10	0	0	0	0	529	472	0	
11	0	0	0	0	536	472	0	
12	0	0	0	0	543	473	0	
13	0	0	0	0	544	472	0	
14	0	0	0	0	548	472	0	
15	0	0	0	0	553	477	0	
0	0	0	0	0	556	485	0	
1	0	0	0	0	554	493	1	
2	0	0	0	0	556	503	0	
3	0	0	0	0	558	505	0	
4	0	0	0	0	559	489	0	
5	0	0	0	0	555	475	0	
6	0	0	0	0	549	466	0	
7	0	0	0	0	544	458	0	
8	0	0	0	0	543	452	0	
9	0	0	0	0	543	452	0	
10	0	0	0	0	542	460	0	
11	0	0	0	0	538	462	0	
12	0	0	0	0	538	462	0	
13	0	0	0	0	545	463	0	
14	0	0	0	0	545	466	0	
15	0	0	0	0	542	471	0	
0	0	0	0	0	536	475	1	
1	0	0	0	0	527	475	0	
2	0	0	0	0	521	474	0	
3	0	0	0	0	515	474	0	
4	0	0	0	0	505	476	0	
5	0	0	0	0	496	484	1	
6	0	0	0	0	490	489	0	
7	0	0	0	0	491	484	0	
8	0	0	0	0	491	480	0	
9	0	0	0	0	488	471	0	
10	0	0	0	0	484	464	0	
11	0	0	0	0	478	457	0	
12	0	0	0	0	475	459	0	
13	0	0	0	0	477	462	0	
14	0	0	0	0	480	464	0	
15	0	0	0	0	489	467	0	
0	0	0	0	0	494	470	0	
1	0	0	0	0	497	482	0	
2	0	0	0	0	495	494	0	
3	0	0	0	0	490	508	0	
4	0	0	0	0	487	513	1	
5	0	0	0	0	483	506	0	
6	0	0	0	0	485	509	0	
7	0	0	0	0	481	510	1	
8	0	0	0	0	482	512	0	
9	0	0	0	0	489	516	1	
10	0	0	0	0	497	514	0	
11	0	0	0	0	502	514	0	
12	0	0	0	0	506	514	0	
13	0	0	0	0	512	512	0	
14	0	0	0	0	517	512	1	
15	0	0	0	0	517	508	0	
0	0	0	0	0	519	505	0	
1	0	0	0	0	527	506	0	
2	0	0	0	0	530	511	0	
3	0	0	0	0	532	518	1	
4	0	0	0	0	532	524	0	
5	0	0	0	0	532	529	0	
6	0	0	0	0	524	535	0	
7	0	0	0	0	514	539	0	
8	0	0	0	0	513	542	0	
9	0	0	0	0	514	548	0	
10	0	0	0	0	509	552	1	
11	0	0	0	0	503	557	0	
12	0	0	0	0	494	562	1	
13	0	0	0	0	486	565	1	
14	0	0	0	0	476	571	1	
15	0	0	0	0	472	573	1	
0	0	0	0	0	468	563	1	
1	0	0	0	0	469	555	0	
2	0	0	0	0	466	543	0	
3	0	0	0	0	459	528	0	
4	0	0	0	0	454	520	0	
5	0	0	0	0	448	519	0	
6	0	0	0	0	448	524	0	
7	0	0	0	0	453	527	0	
8	0	0	0	0	460	527	0	
9	0	0	0	0	472	524	0	
10	0	0	0	0	483	523	0	
11	0	0	0	0	491	527	0	
12	0	0	0	0	499	531	1	
13	0	0	0	0	501	534	0	
14	0	0	0	0	506	531	1	
15	0	0	0	0	516	518	0	
0	0	0	0	0	527	505	0	
1	0	0	0	0	535	505	0	
2	0	0	0	0	538	508	0	
3	0	0	0	0	537	514	0	
4	0	0	0	0	533	516	0	
5	0	0	0	0	529	515	0	
6	0	0	0	0	523	515	1	
7	0	0	0	0	513	509	0	
8	0	0	0	0	503	509	0	
9	0	0	0	0	489	512	0	
10	0	0	0	0	483	519	0	
11	0	0	0	0	482	529	0	
12	0	0	0	0	483	539	0	
13	0	0	0	0	489	543	0	
14	0	0	0	0	499	543	1	
15	0	0	0	0	509	543	0	
0	0	0	0	0	518	547	1	
1	0	0	0	0	522	553	0	
2	0	0	0	0	523	557	1	
3	0	0	0	0	521	559	1	
4	0	0	0	0	520	558	1	
5	0	0	0	0	521	556	1	
6	0	0	0	0	523	556	0	
7	0	0	0	0	527	558	1	
8	0	0	0	0	529	562	1	
9	0	0	0	0	529	561	0	
10	0	0	0	0	531	564	1	
11	0	0	0	0	535	562	0	
12	0	0	0	0	540	562	1	
13	0	0	0	0	545	567	0	
14	0	0	0	0	546	572	1	
15	0	0	0	0	547	578	1	
0	0	0	0	0	548	585	1	
1	0	0	0	0	551	587	1	
2	0	0	0	0	553	584	1	
3	0	0	0	0	550	582	1	
4	0	0	0	0	546	583	1	
5	0	0	0	0	542	579	1	
6	0	0	0	0	540	578	1	
7	0	0	0	0	536	575	1	
8	0	0	0	0	533	567	1	
9	0	0	0	0	532	551	1	
10	0	0	0	0	536	533	0	
11	0	0	0	0	547	529	0	
12	0	0	0	0	556	524	0	
13	0	0	0	0	560	523	0	
14	0	0	0	0	561	522	0	
15	0	0	0	0	560	516	0	
0	0	0	0	0	559	514	0	
1	0	0	0	0	556	512	0	
2	0	0	0	0	553	519	0	
3	0	0	0	0	551	531	0	
4	0	0	0	0	550	538	0	
5	0	0	0	0	552	544	0	
6	0	0	0	0	555	544	0	
7	0	0	0	0	553	544	0	
8	0	0	0	0	550	543	1	
9	0	0	0	0	541	537	0	
10	0	0	0	0	531	530	0	
11	0	0	0	0	526	523	0	
12	0	0	0	0	524	519	0	
13	0	0	0	0	527	511	1	
14	0	0	0	0	529	503	0	
15	0	0	0	0	532	500	0	
0	0	0	0	0	537	499	0	
1	0	0	0	0	537	504	0	
2	0	0	0	0	534	508	1	
3	0	0	0	0	529	505	0	
4	0	0	0	0	527	497	0	
5	0	0	0	0	524	490	0	
6	0	0	0	0	523	495	0	
7	0	0	0	0	522	503	0	
8	0	0	0	0	519	505	0	
9	0	0	0	0	515	507	0	
10	0	0	0	0	511	503	0	
11	0	0	0	0	506	500	0	
12	0	0	0	0	502	505	1	
13	0	0	0	0	501	509	0	
14	0	0	0	0	505	515	0	
15	0	0	0	0	504	520	1	
0	0	0	0	0	500	520	0	
1	0	0	0	0	502	516	1	
2	0	0	0	0	501	508	0	
3	0	0	0	0	503	505	0	
4	0	0	0	0	507	500	0	
5	0	0	0	0	519	495	0	
6	0	0	0	0	531	493	1	
7	0	0	0	0	539	489	0	
8	0	0	0	0	547	488	0	
9	0	0	0	0	555	485	0	
10	0	0	0	0	561	484	0	
11	0	0	0	0	560	483	0	
12	0	0	0	0	552	482	0	
13	0	0	0	0	543	481	0	
14	0	0	0	0	532	483	0	
15	0	0	0	0	524	485	0	
0	0	0	0	0	521	481	1	
1	0	0	0	0	519	480	0	
2	0	0	0	0	521	483	0	
3	0	0	0	0	527	487	0	
4	0	0	0	0	535	491	0	
5	0	0	0	0	543	489	0	
6	0	0	0	0	548	487	0	
7	0	0	0	0	548	485	0	
8	0	0	0	0	551	491	0	
9	0	0	0	0	551	494	0	
10	0	0	0	0	547	496	0	
11	0	0	0	0	541	497	0	
12	0	0	0	0	532	490	0	
13	0	0	0	0	522	482	0	
14	0	0	0	0	509	480	0	
15	0	0	0	0	505	485	0	
0	0	0	0	0	502	488	0	
1	0	0	0	0	502	486	0	
2	0	0	0	0	502	476	0	
3	0	0	0	0	504	465	0	
4	0	0	0	0	505	457	0	
5	0	0	0	0	508	449	0	
6	0	0	0	0	509	448	0	
7	0	0	0	0	512	458	0	
8	0	0	0	0	516	473	0	
9	0	0	0	0	520	487	0	
10	0	0	0	0	519	495	0	
11	0	0	0	0	524	499	0	
12	0	0	0	0	531	501	0	
13	0	0	0	0	532	502	0	
14	0	0	0	0	534	503	0	
15	0	0	0	0	534	507	0	
0	0	0	0	0	526	507	0	
1	0	0	0	0	519	508	0	
2	0	0	0	0	508	514	0	
3	0	0	0	0	501	519	0	
4	0	0	0	0	498	524	0	
5	0	0	0	0	502	527	0	
6	0	0	0	0	506	526	0	
7	0	0	0	0	511	523	0	
8	0	0	0	0	512	522	0	
9	0	0	0	0	520	521	0	
10	0	0	0	0	529	526	0	
11	0	0	0	0	533	540	0	
12	0	0	0	0	531	541	0	
13	0	0	0	0	530	528	0	
14	0	0	0	0	534	517	0	
15	0	0	0	0	539	508	0	
0	0	0	0	0	543	501	0	
1	0	0	0	0	537	491	0	
2	0	0	0	0	527	484	0	
3	0	0	0	0	516	480	0	
4	0	0	0	0	509	484	0	
5	0	0	0	0	506	492	0	
6	0	0	0	0	502	498	0	
7	0	0	0	0	500	510	0	
8	0	0	0	0	495	521	0	
9	0	0	0	0	493	536	1	
10	0	0	0	0	495	546	0	
11	0	0	0	0	499	547	1	
12	0	0	0	0	508	539	1	
13	0	0	0	0	516	527	0	
14	0	0	0	0	523	517	0	
15	0	0	0	0	528	508	0	
0	0	0	0	0	531	504	0	
1	0	0	0	0	534	504	0	
2	0	0	0	0	531	506	0	
3	0	0	0	0	532	511	0	
4	0	0	0	0	532	521	0	
5	0	0	0	0	532	529	0	
6	0	0	0	0	533	537	0	
7	0	0	0	0	531	550	1	
8	0	0	0	0	524	559	1	
9	0	0	0	0	517	563	1	
10	0	0	0	0	512	572	1	
11	0	0	0	0	508	579	1	
12	0	0	0	0	505	582	1	
13	0	0	0	0	507	585	1	
14	0	0	0	0	511	574	1	
15	0	0	0	0	510	558	0	
0	0	0	0	0	505	543	1	
1	0	0	0	0	493	532	0	
2	0	0	0	0	485	528	0	
3	0	0	0	0	482	525	0	
4	0	0	0	0	483	521	0	
5	0	0	0	0	487	520	1	
6	0	0	0	0	492	522	0	
7	0	0	0	0	492	524	0	
8	0	0	0	0	497	524	0	
9	0	0	0	0	504	519	0	
10	0	0	0	0	508	515	1	
11	0	0	0	0	509	512	0	
12	0	0	0	0	512	508	0	
13	0	0	0	0	515	506	0	
14	0	0	0	0	516	504	0	
15	0	0	0	0	513	502	1	
0	0	0	0	0	503	498	0	
1	0	0	0	0	495	494	0	
2	0	0	0	0	489	491	0	
3	0	0	0	0	486	490	0	
4	0	0	0	0	489	494	1	
5	0	0	0	0	494	500	0	
6	0	0	0	0	500	512	0	
7	0	0	0	0	505	521	0	
8	0	0	0	0	511	527	0	
9	0	0	0	0	511	531	0	
10	0	0	0	0	507	529	0	
11	0	0	0	0	502	528	0	
12	0	0	0	0	497	529	0	
13	0	0	0	0	487	527	0	
14	0	0	0	0	477	523	1	
15	0	0	0	0	471	518	0	
0	0	0	0	0	469	518	0	
1	0	0	0	0	466	520	0	
2	0	0	0	0	462	523	0	
3	0	0	0	0	454	524	1	
4	0	0	0	0	445	521	0	
5	0	0	0	0	444	527	0	
6	0	0	0	0	450	528	1	
7	0	0	0	0	460	526	0	
8	0	0	0	0	469	529	0	
9	0	0	0	0	471	526	0	
10	0	0	0	0	473	522	0	
11	0	0	0	0	469	520	1	
12	0	0	0	0	467	521	0	
13	0	0	0	0	466	523	0	
14	0	0	0	0	464	520	0	
15	0	0	0	0	462	513	0	
0	0	0	0	0	460	510	0	
1	0	0	0	0	459	508	0	
2	0	0	0	0	456	508	0	
3	0	0	0	0	452	505	0	
4	0	0	0	0	448	503	0	
5	0	0	0	0	443	505	0	
6	0	0	0	0	441	513	0	
7	0	0	0	0	437	519	1	
8	0	0	0	0	435	526	0	
9	0	0	0	0	436	533	0	
10	0	0	0	0	439	536	0	
11	0	0	0	0	447	537	0	
12	0	0	0	0	452	541	0	
13	0	0	0	0	456	541	0	
14	0	0	0	0	461	543	0	
15	0	0	0	0	467	543	0	
0	0	0	0	0	472	542	0	
1	0	0	0	0	477	539	0	
2	0	0	0	0	484	537	0	
3	0	0	0	0	484	536	0	
4	0	0	0	0	476	527	0	
5	0	0	0	0	473	519	0	
6	0	0	0	0	473	515	0	
7	0	0	0	0	471	511	0	
8	0	0	0	0	472	510	0	
9	0	0	0	0	479	507	0	
10	0	0	0	0	492	508	0	
11	0	0	0	0	503	512	0	
12	0	0	0	0	509	505	0	
13	0	0	0	0	516	499	0	
14	0	0	0	0	518	497	0	
15	0	0	0	0	518	491	0	
0	0	0	0	0	518	487	0	
1	0	0	0	0	512	486	0	
2	0	0	0	0	506	485	0	
3	0	0	0	0	499	486	0	
4	0	0	0	0	496	486	0	
5	0	0	0	0	493	486	1	
6	0	0	0	0	493	486	0	
7	0	0	0	0	499	483	0	
8	0	0	0	0	505	484	0	
9	0	0	0	0	515	488	0	
10	0	0	0	0	522	491	0	
11	0	0	0	0	523	489	0	
12	0	0	0	0	526	486	0	
13	0	0	0	0	526	486	0	
14	0	0	0	0	521	487	0	
15	0	0	0	0	511	488	1	
0	0	0	0	0	502	484	0	
1	0	0	0	0	492	482	0	
2	0	0	0	0	486	476	0	
3	0	0	0	0	476	473	0	
4	0	0	0	0	468	472	0	
5	0	0	0	0	460	469	0	
6	0	0	0	0	455	468	0	
7	0	0	0	0	454	467	0	
8	0	0	0	0	457	460	0	
9	0	0	0	0	463	460	0	
10	0	0	0	0	467	465	0	
11	0	0	0	0	470	473	0	
12	0	0	0	0	467	485	0	
13	0	0	0	0	468	490	0	
14	0	0	0	0	467	488	0	
15	0	0	0	0	463	486	0	
0	0	0	0	0	458	481	0	
1	0	0	0	0	460	476	0	
2	0	0	0	0	470	473	0	
3	0	0	0	0	476	473	0	
4	0	0	0	0	476	480	0	
5	0	0	0	0	480	487	0	
6	0	0	0	0	486	488	0	
7	0	0	0	0	488	487	0	
8	0	0	0	0	486	489	0	
9	0	0	0	0	482	492	0	
10	0	0	0	0	479	499	0	
11	0	0	0	0	478	504	0	
12	0	0	0	0	483	509	0	
13	0	0	0	0	493	514	1	
14	0	0	0	0	500	515	0	
15	0	0	0	0	504	515	0	
0	0	0	0	0	506	518	0	
1	0	0	0	0	506	519	0	
2	0	0	0	0	503	521	1	
3	0	0	0	0	500	516	0	
4	0	0	0	0	496	509	0	
5	0	0	0	0	491	503	0	
6	0	0	0	0	484	493	0	
7	0	0	0	0	477	486	1	
8	0	0	0	0	474	483	0	
9	0	0	0	0	471	489	0	
10	0	0	0	0	466	495	0	
11	0	0	0	0	460	502	0	
12	0	0	0	0	451	501	0	
13	0	0	0	0	444	487	0	
14	0	0	0	0	434	483	0	
15	0	0	0	0	423	491	0	
0	0	0	0	0	417	502	0	
1	0	0	0	0	416	505	1	
2	0	0	0	0	415	499	0	
3	0	0	0	0	422	494	0	
4	0	0	0	0	428	491	0	
5	0	0	0	0	435	487	0	
6	0	0	0	0	441	483	0	
7	0	0	0	0	442	476	0	
8	0	0	0	0	443	472	0	
9	0	0	0	0	446	467	0	
10	0	0	0	0	450	461	0	
11	0	0	0	0	455	455	0	
12	0	0	0	0	459	451	0	
13	0	0	0	0	472	460	0	
14	0	0	0	0	482	467	0	
15	0	0	0	0	488	480	0	
0	0	0	0	0	492	497	1	
1	0	0	0	0	494	508	0	
2	0	0	0	0	498	512	0	
3	0	0	0	0	498	511	0	
4	0	0	0	0	493	507	0	
5	0	0	0	0	492	502	0	
6	0	0	0	0	494	500	0	
7	0	0	0	0	497	497	0	
8	0	0	0	0	502	496	0	
9	0	0	0	0	508	496	0	
10	0	0	0	0	509	495	0	
11	0	0	0	0	510	492	0	
12	0	0	0	0	507	486	0	
13	0	0	0	0	503	484	0	
14	0	0	0	0	498	484	0	
15	0	0	0	0	499	486	0	
0	0	0	0	0	502	492	0	
1	0	0	0	0	506	500	0	
2	0	0	0	0	504	513	0	
3	0	0	0	0	505	518	0	
4	0	0	0	0	510	512	0	
5	0	0	0	0	516	503	0	
6	0	0	0	0	525	496	0	
7	0	0	0	0	531	492	0	
8	0	0	0	0	534	492	0	
9	0	0	0	0	526	491	0	
10	0	0	0	0	511	489	0	
11	0	0	0	0	498	488	0	
12	0	0	0	0	490	487	0	
13	0	0	0	0	480	484	0	
14	0	0	0	0	473	480	0	
15	0	0	0	0	466	481	0	
0	0	0	0	0	464	486	0	
1	0	0	0	0	469	492	0	
2	0	0	0	0	474	497	0	
3	0	0	0	0	483	500	0	
4	0	0	0	0	489	493	0	
5	0	0	0	0	494	485	0	
6	0	0	0	0	493	485	0	
7	0	0	0	0	489	485	0	
8	0	0	0	0	481	484	0	
9	0	0	0	0	476	478	0	
10	0	0	0	0	469	476	0	
11	0	0	0	0	459	478	0	
12	0	0	0	0	457	481	0	
13	0	0	0	0	460	483	0	
14	0	0	0	0	467	485	0	
15	0	0	0	0	478	486	0	
0	0	0	0	0	491	485	0	
1	0	0	0	0	503	485	0	
2	0	0	0	0	504	486	0	
3	0	0	0	0	499	486	0	
4	0	0	0	0	488	487	0	
5	0	0	0	0	476	491	0	
6	0	0	0	0	465	499	0	
7	0	0	0	0	458	512	0	
8	0	0	0	0	459	518	0	
9	0	0	0	0	462	511	0	
10	0	0	0	0	468	504	0	
11	0	0	0	0	472	499	0	
12	0	0	0	0	474	494	0	
13	0	0	0	0	478	485	0	
14	0	0	0	0	480	483	0	
15	0	0	0	0	482	489	0	
0	0	0	0	0	486	498	0	
1	0	0	0	0	489	506	0	
2	0	0	0	0	491	507	0	
3	0	0	0	0	492	511	0	
4	0	0	0	0	492	512	0	
5	0	0	0	0	493	509	0	
6	0	0	0	0	494	507	0	
7	0	0	0	0	497	509	0	
8	0	0	0	0	500	510	0	
9	0	0	0	0	508	513	0	
10	0	0	0	0	515	513	0	
11	0	0	0	0	520	515	0	
12	0	0	0	0	527	516	0	
13	0	0	0	0	530	522	0	
14	0	0	0	0	529	527	0	
15	0	0	0	0	523	531	0	
0	0	0	0	0	508	529	1	
1	0	0	0	0	494	527	0	
2	0	0	0	0	480	529	0	
3	0	0	0	0	468	530	0	
4	0	0	0	0	458	537	0	
5	0	0	0	0	448	554	1	
6	0	0	0	0	441	565	0	
7	0	0	0	0	442	551	1	
8	0	0	0	0	444	535	0	
9	0	0	0	0	449	522	0	
10	0	0	0	0	456	514	0	
11	0	0	0	0	461	511	0	
12	0	0	0	0	466	509	0	
13	0	0	0	0	472	510	0	
14	0	0	0	0	474	510	0	
15	0	0	0	0	476	515	0	
0	0	0	0	0	478	519	0	
1	0	0	0	0	478	527	0	
2	0	0	0	0	484	539	0	
3	0	0	0	0	492	549	0	
4	0	0	0	0	500	558	1	
5	0	0	0	0	504	562	0	
6	0	0	0	0	512	567	1	
7	0	0	0	0	521	570	1	
8	0	0	0	0	527	567	0	
9	0	0	0	0	532	560	1	
10	0	0	0	0	533	553	0	
11	0	0	0	0	533	547	0	
12	0	0	0	0	535	541	1	
13	0	0	0	0	539	537	0	
14	0	0	0	0	540	534	1	
15	0	0	0	0	538	530	0	
0	0	0	0	0	534	526	0	
1	0	0	0	0	529	522	0	
2	0	0	0	0	524	519	0	
3	0	0	0	0	519	513	1	
4	0	0	0	0	517	508	0	
5	0	0	0	0	520	503	0	
6	0	0	0	0	523	498	0	
7	0	0	0	0	523	496	0	
8	0	0	0	0	524	500	0	
9	0	0	0	0	527	507	0	
10	0	0	0	0	529	510	0	
11	0	0	0	0	536	513	0	
12	0	0	0	0	546	518	0	
13	0	0	0	0	556	521	1	
14	0	0	0	0	560	524	0	
15	0	0	0	0	561	528	0	
0	0	0	0	0	562	528	0	
1	0	0	0	0	561	539	0	
2	0	0	0	0	561	547	1	
3	0	0	0	0	562	546	0	
4	0	0	0	0	567	547	1	
5	0	0	0	0	565	544	1	
6	0	0	0	0	567	542	0	
7	0	0	0	0	564	544	1	
8	0	0	0	0	560	542	0	
9	0	0	0	0	556	543	1	
10	0	0	0	0	556	540	1	
11	0	0	0	0	553	532	0	
12	0	0	0	0	547	526	0	
13	0	0	0	0	536	519	0	
14	0	0	0	0	530	518	0	
15	0	0	0	0	518	515	0	
0	0	0	0	0	511	511	0	
1	0	0	0	0	509	505	0	
2	0	0	0	0	512	492	0	
3	0	0	0	0	516	484	0	
4	0	0	0	0	521	480	0	
5	0	0	0	0	526	481	0	
6	0	0	0	0	531	483	0	
7	0	0	0	0	533	481	0	
8	0	0	0	0	536	483	0	
9	0	0	0	0	538	484	0	
10	0	0	0	0	540	489	0	
11	0	0	0	0	546	492	0	
12	0	0	0	0	547	491	0	
13	0	0	0	0	545	496	0	
14	0	0	0	0	542	499	0	
15	0	0	0	0	536	508	0	
0	0	0	0	0	536	518	0	
1	0	0	0	0	529	518	0	
2	0	0	0	0	528	524	0	
3	0	0	0	0	525	528	0	
4	0	0	0	0	521	528	0	
5	0	0	0	0	519	528	0	
6	0	0	0	0	519	530	0	
7	0	0	0	0	519	531	0	
8	0	0	0	0	524	530	0	
9	0	0	0	0	527	527	0	
10	0	0	0	0	533	524	1	
11	0	0	0	0	539	522	0	
12	0	0	0	0	544	525	0	
13	0	0	0	0	551	530	0	
14	0	0	0	0	551	533	0	
15	0	0	0	0	548	534	1	
0	0	0	0	0	547	532	0	
1	0	0	0	0	547	534	1	
2	0	0	0	0	536	532	1	
3	0	0	0	0	521	532	0	
4	0	0	0	0	512	532	1	
5	0	0	0	0	508	529	0	
6	0	0	0	0	506	524	0	
7	0	0	0	0	505	514	0	
8	0	0	0	0	501	503	0	
9	0	0	0	0	495	491	0	
10	0	0	0	0	492	481	0	
11	0	0	0	0	493	476	0	
12	0	0	0	0	495	473	0	
13	0	0	0	0	498	478	0	
14	0	0	0	0	505	483	0	
15	0	0	0	0	508	492	0	
0	0	0	0	0	511	504	0	
1	0	0	0	0	513	518	0	
2	0	0	0	0	513	534	0	
3	0	0	0	0	509	542	1	
4	0	0	0	0	501	541	0	
5	0	0	0	0	494	543	0	
6	0	0	0	0	494	538	0	
7	0	0	0	0	497	527	0	
8	0	0	0	0	506	521	1	
9	0	0	0	0	510	515	0	
10	0	0	0	0	512	510	0	
11	0	0	0	0	510	504	0	
12	0	0	0	0	507	499	0	
13	0	0	0	0	505	497	1	
14	0	0	0	0	501	492	0	
15	0	0	0	0	503	490	0	
0	0	0	0	0	510	493	0	
1	0	0	0	0	521	498	0	
2	0	0	0	0	537	504	1	
3	0	0	0	0	542	504	0	
4	0	0	0	0	537	504	0	
5	0	0	0	0	529	501	0	
6	0	0	0	0	523	499	0	
7	0	0	0	0	521	497	0	
8	0	0	0	0	519	494	0	
9	0	0	0	0	512	490	0	
10	0	0	0	0	512	487	0	
11	0	0	0	0	513	486	0	
12	0	0	0	0	514	485	0	
13	0	0	0	0	516	486	0	
14	0	0	0	0	519	492	0	
15	0	0	0	0	522	496	0	
0	0	0	0	0	524	505	0	
1	0	0	0	0	527	512	0	
2	0	0	0	0	529	514	0	
3	0	0	0	0	533	507	0	
4	0	0	0	0	534	496	0	
5	0	0	0	0	538	487	0	
6	0	0	0	0	544	480	0	
7	0	0	0	0	548	476	0	
8	0	0	0	0	551	480	0	
9	0	0	0	0	557	488	0	
10	0	0	0	0	566	495	0	
11	0	0	0	0	577	503	1	
12	0	0	0	0	588	512	0	
13	0	0	0	0	597	523	0	
14	0	0	0	0	603	539	0	
15	0	0	0	0	605	549	1	
0	0	0	0	0	607	549	1	
1	0	0	0	0	606	544	1	
2	0	0	0	0	597	538	0	
3	0	0	0	0	589	534	0	
4	0	0	0	0	579	536	0	
5	0	0	0	0	565	538	0	
6	0	0	0	0	555	535	0	
7	0	0	0	0	551	518	0	
8	0	0	0	0	556	507	0	
9	0	0	0	0	559	496	0	
10	0	0	0	0	558	486	0	
11	0	0	0	0	556	481	0	
12	0	0	0	0	556	477	0	
13	0	0	0	0	552	479	0	
14	0	0	0	0	550	482	0	
15	0	0	0	0	550	485	0	
0	0	0	0	0	551	486	0	
1	0	0	0	0	556	488	0	
2	0	0	0	0	556	491	0	
3	0	0	0	0	548	494	0	
4	0	0	0	0	543	499	0	
5	0	0	0	0	539	499	0	
6	0	0	0	0	540	491	0	
7	0	0	0	0	546	488	0	
8	0	0	0	0	554	487	0	
9	0	0	0	0	562	492	0	
10	0	0	0	0	568	492	0	
11	0	0	0	0	569	488	0	
12	0	0	0	0	571	481	0	
13	0	0	0	0	569	474	0	
14	0	0	0	0	565	470	0	
15	0	0	0	0	558	467	0	
0	0	0	0	0	555	468	0	
1	0	0	0	0	556	472	0	
2	0	0	0	0	559	475	0	
3	0	0	0	0	561	478	0	
4	0	0	0	0	561	475	0	
5	0	0	0	0	559	470	0	
6	0	0	0	0	558	467	0	
7	0	0	0	0	558	468	0	
8	0	0	0	0	557	472	0	
9	0	0	0	0	555	477	0	
10	0	0	0	0	556	481	0	
11	0	0	0	0	556	487	0	
12	0	0	0	0	556	491	0	
13	0	0	0	0	557	494	1	
14	0	0	0	0	560	497	0	
15	0	0	0	0	563	504	0	
0	0	0	0	0	568	516	0	
1	0	0	0	0	570	528	0	
2	0	0	0	0	569	531	1	
3	0	0	0	0	567	525	0	
4	0	0	0	0	562	519	0	
5	0	0	0	0	557	516	0	
6	0	0	0	0	552	518	0	
7	0	0	0	0	548	519	0	
8	0	0	0	0	543	521	0	
9	0	0	0	0	534	518	0	
10	0	0	0	0	534	515	0	
11	0	0	0	0	531	514	0	
12	0	0	0	0	529	512	0	
13	0	0	0	0	524	514	0	
14	0	0	0	0	523	529	0	
15	0	0	0	0	523	541	1	
0	0	0	0	0	532	540	0	
1	0	0	0	0	544	535	0	
2	0	0	0	0	549	527	0	
3	0	0	0	0	553	522	0	
4	0	0	0	0	554	512	0	
5	0	0	0	0	558	505	0	
6	0	0	0	0	567	504	1	
7	0	0	0	0	572	504	0	
8	0	0	0	0	577	508	0	
9	0	0	0	0	577	514	0	
10	0	0	0	0	572	518	0	
11	0	0	0	0	564	524	1	
12	0	0	0	0	558	535	0	
13	0	0	0	0	555	548	1	
14	0	0	0	0	552	558	1	
15	0	0	0	0	548	563	0	
0	0	0	0	0	552	568	1	
1	0	0	0	0	554	572	0	
2	0	0	0	0	555	581	1	
3	0	0	0	0	559	590	1	
4	0	0	0	0	563	595	1	
5	0	0	0	0	565	596	1	
6	0	0	0	0	564	583	0	
7	0	0	0	0	566	570	1	
8	0	0	0	0	568	560	1	
9	0	0	0	0	565	555	0	
10	0	0	0	0	558	550	1	
11	0	0	0	0	549	546	0	
12	0	0	0	0	546	546	1	
13	0	0	0	0	548	542	0	
14	0	0	0	0	550	536	0	
15	0	0	0	0	553	535	1	
0	0	0	0	0	556	535	0	
1	0	0	0	0	561	543	0	
2	0	0	0	0	565	549	0	
3	0	0	0	0	570	551	0	
4	0	0	0	0	576	549	1	
5	0	0	0	0	577	542	0	
6	0	0	0	0	574	535	0	
7	0	0	0	0	568	527	0	
8	0	0	0	0	559	519	0	
9	0	0	0	0	553	518	0	
10	0	0	0	0	544	521	0	
11	0	0	0	0	545	532	0	
12	0	0	0	0	542	541	0	
13	0	0	0	0	538	545	0	
14	0	0	0	0	531	550	1	
15	0	0	0	0	527	551	0	
0	0	0	0	0	527	556	0	
1	0	0	0	0	529	556	1	
2	0	0	0	0	536	542	0	
3	0	0	0	0	537	537	1	
4	0	0	0	0	537	536	0	
5	0	0	0	0	535	539	0	
6	0	0	0	0	536	542	0	
7	0	0	0	0	537	543	1	
8	0	0	0	0	535	548	0	
9	0	0	0	0	535	550	0	
10	0	0	0	0	531	555	1	
11	0	0	0	0	528	558	1	
12	0	0	0	0	526	559	0	
13	0	0	0	0	526	559	1	
14	0	0	0	0	523	562	1	
15	0	0	0	0	517	562	1	
0	0	0	0	0	508	565	0	
1	0	0	0	0	500	566	1	
2	0	0	0	0	495	564	1	
3	0	0	0	0	492	563	1	
4	0	0	0	0	491	556	1	
5	0	0	0	0	494	555	0	
6	0	0	0	0	496	553	1	
7	0	0	0	0	497	543	0	
8	0	0	0	0	505	532	0	
9	0	0	0	0	512	524	0	
10	0	0	0	0	521	521	0	
11	0	0	0	0	533	522	0	
12	0	0	0	0	540	526	0	
13	0	0	0	0	545	530	0	
14	0	0	0	0	548	530	0	
15	0	0	0	0	547	532	0	
0	0	0	0	0	547	536	0	
1	0	0	0	0	548	533	0	
2	0	0	0	0	548	527	0	
3	0	0	0	0	552	524	0	
4	0	0	0	0	561	519	0	
5	0	0	0	0	563	516	0	
6	0	0	0	0	559	511	0	
7	0	0	0	0	553	505	0	
8	0	0	0	0	551	499	0	
9	0	0	0	0	548	499	0	
10	0	0	0	0	541	498	0	
11	0	0	0	0	536	502	0	
12	0	0	0	0	529	505	0	
13	0	0	0	0	526	514	0	
14	0	0	0	0	525	523	0	
15	0	0	0	0	521	527	0	
0	0	0	0	0	511	523	0	
1	0	0	0	0	505	520	0	
2	0	0	0	0	500	523	0	
3	0	0	0	0	497	525	0	
4	0	0	0	0	498	520	0	
5	0	0	0	0	500	519	0	
6	0	0	0	0	503	516	0	
7	0	0	0	0	505	509	0	
8	0	0	0	0	504	503	0	
9	0	0	0	0	507	501	0	
10	0	0	0	0	509	497	0	
11	0	0	0	0	510	486	0	
12	0	0	0	0	513	473	0	
13	0	0	0	0	514	465	0	
14	0	0	0	0	517	462	0	
15	0	0	0	0	522	460	0	
0	0	0	0	0	524	463	0	
1	0	0	0	0	527	468	0	
2	0	0	0	0	521	471	0	
3	0	0	0	0	513	472	0	
4	0	0	0	0	506	472	0	
5	0	0	0	0	501	475	0	
6	0	0	0	0	499	480	0	
7	0	0	0	0	499	489	0	
8	0	0	0	0	497	498	0	
9	0	0	0	0	500	507	0	
10	0	0	0	0	503	510	0	
11	0	0	0	0	505	516	0	
12	0	0	0	0	512	523	0	
13	0	0	0	0	520	528	0	
14	0	0	0	0	524	528	1	
15	0	0	0	0	521	522	0	
0	0	0	0	0	511	515	0	
1	0	0	0	0	498	508	0	
2	0	0	0	0	491	502	0	
3	0	0	0	0	491	500	0	
4	0	0	0	0	495	503	0	
5	0	0	0	0	501	507	0	
6	0	0	0	0	500	515	0	
7	0	0	0	0	495	527	0	
8	0	0	0	0	494	531	1	
9	0	0	0	0	492	534	0	
10	0	0	0	0	496	542	0	
11	0	0	0	0	500	547	0	
12	0	0	0	0	501	548	1	
13	0	0	0	0	497	551	1	
14	0	0	0	0	493	549	0	
15	0	0	0	0	492	542	0	
0	0	0	0	0	491	535	0	
1	0	0	0	0	487	531	0	
2	0	0	0	0	491	534	0	
3	0	0	0	0	496	538	0	
4	0	0	0	0	503	539	1	
5	0	0	0	0	504	532	0	
6	0	0	0	0	502	528	0	
7	0	0	0	0	497	523	1	
8	0	0	0	0	492	514	0	
9	0	0	0	0	486	508	0	
10	0	0	0	0	477	508	0	
11	0	0	0	0	472	508	0	
12	0	0	0	0	468	511	0	
13	0	0	0	0	465	512	0	
14	0	0	0	0	465	513	0	
15	0	0	0	0	464	509	0	
0	0	0	0	0	465	501	0	
1	0	0	0	0	467	498	1	
2	0	0	0	0	463	501	0	
3	0	0	0	0	462	511	0	
4	0	0	0	0	466	519	0	
5	0	0	0	0	469	512	0	
6	0	0	0	0	468	504	0	
7	0	0	0	0	472	496	0	
8	0	0	0	0	474	492	0	
9	0	0	0	0	471	494	0	
10	0	0	0	0	468	503	0	
11	0	0	0	0	467	505	1	
12	0	0	0	0	465	499	0	
13	0	0	0	0	470	495	0	
14	0	0	0	0	479	492	0	
15	0	0	0	0	486	491	0	
0	0	0	0	0	489	487	0	
1	0	0	0	0	489	481	0	
2	0	0	0	0	492	477	0	
3	0	0	0	0	489	472	0	
4	0	0	0	0	487	474	0	
5	0	0	0	0	487	475	0	
6	0	0	0	0	487	470	0	
7	0	0	0	0	492	463	0	
8	0	0	0	0	498	459	0	
9	0	0	0	0	508	457	0	
10	0	0	0	0	520	460	0	
11	0	0	0	0	530	461	0	
12	0	0	0	0	540	462	0	
13	0	0	0	0	547	462	0	
14	0	0	0	0	547	461	0	
15	0	0	0	0	547	458	0	
0	0	0	0	0	543	454	0	
1	0	0	0	0	539	452	0	
2	0	0	0	0	536	451	0	
3	0	0	0	0	539	453	0	
4	0	0	0	0	542	459	0	
5	0	0	0	0	541	468	0	
6	0	0	0	0	537	483	0	
7	0	0	0	0	530	496	0	
8	0	0	0	0	529	504	0	
9	0	0	0	0	531	511	0	
10	0	0	0	0	530	515	0	
11	0	0	0	0	532	526	0	
12	0	0	0	0	529	535	0	
13	0	0	0	0	519	536	0	
14	0	0	0	0	508	531	0	
15	0	0	0	0	495	522	0	
0	0	0	0	0	487	516	0	
1	0	0	0	0	481	514	0	
2	0	0	0	0	477	517	0	
3	0	0	0	0	475	521	0	
4	0	0	0	0	471	523	0	
5	0	0	0	0	473	524	1	
6	0	0	0	0	477	518	0	
7	0	0	0	0	481	511	0	
8	0	0	0	0	484	510	0	
9	0	0	0	0	486	519	0	
10	0	0	0	0	489	529	0	
11	0	0	0	0	489	538	0	
12	0	0	0	0	494	534	0	
13	0	0	0	0	495	524	0	
14	0	0	0	0	489	513	0	
15	0	0	0	0	483	507	0	
0	0	0	0	0	476	501	0	
1	0	0	0	0	470	494	0	
2	0	0	0	0	467	485	0	
3	0	0	0	0	466	476	0	
4	0	0	0	0	472	471	0	
5	0	0	0	0	477	468	0	
6	0	0	0	0	483	464	0	
7	0	0	0	0	487	460	0	
8	0	0	0	0	483	460	0	
9	0	0	0	0	478	462	0	
10	0	0	0	0	472	474	0	
11	0	0	0	0	473	487	0	
12	0	0	0	0	472	500	0	
13	0	0	0	0	469	506	0	
14	0	0	0	0	464	511	0	
15	0	0	0	0	465	513	0	
0	0	0	0	0	464	514	0	
1	0	0	0	0	468	515	0	
2	0	0	0	0	476	519	0	
3	0	0	0	0	483	531	0	
4	0	0	0	0	492	535	0	
5	0	0	0	0	504	534	0	
6	0	0	0	0	510	531	1	
7	0	0	0	0	511	524	0	
8	0	0	0	0	512	521	0	
9	0	0	0	0	515	513	0	
10	0	0	0	0	519	505	0	
11	0	0	0	0	518	496	0	
12	0	0	0	0	511	484	0	
13	0	0	0	0	511	480	0	
14	0	0	0	0	510	478	1	
15	0	0	0	0	512	481	0	
0	0	0	0	0	516	481	0	
1	0	0	0	0	513	476	0	
2	0	0	0	0	507	475	0	
3	0	0	0	0	499	481	0	
4	0	0	0	0	493	490	0	
5	0	0	0	0	494	500	1	
6	0	0	0	0	497	499	0	
7	0	0	0	0	504	499	0	
8	0	0	0	0	516	509	0	
9	0	0	0	0	535	524	0	
10	0	0	0	0	559	541	1	
11	0	0	0	0	586	553	0	
12	0	0	0	0	601	565	1	
13	0	0	0	0	605	577	1	
14	0	0	0	0	604	587	0	
15	0	0	0	0	601	600	1	
0	0	0	0	0	597	610	1	
1	0	0	0	0	600	615	1	
2	0	0	0	0	609	608	1	
3	0	0	0	0	613	595	1	
4	0	0	0	0	605	585	1	
5	0	0	0	0	593	573	0	
6	0	0	0	0	584	563	1	
7	0	0	0	0	571	551	1	
8	0	0	0	0	557	544	0	
9	0	0	0	0	543	535	1	
10	0	0	0	0	537	515	0	
11	0	0	0	0	541	494	0	
12	0	0	0	0	550	477	0	
13	0	0	0	0	568	465	0	
14	0	0	0	0	589	453	0	
15	0	0	0	0	601	443	0	
0	0	0	0	0	603	435	0	
1	0	0	0	0	607	432	0	
2	0	0	0	0	616	432	0	
3	0	0	0	0	627	429	0	
4	0	0	0	0	633	430	0	
5	0	0	0	0	637	435	0	
6	0	0	0	0	644	443	0	
7	0	0	0	0	650	447	0	
8	0	0	0	0	656	450	0	
9	0	0	0	0	659	448	0	
10	0	0	0	0	662	445	0	
11	0	0	0	0	664	435	0	
12	0	0	0	0	671	427	0	
13	0	0	0	0	679	419	0	
14	0	0	0	0	673	408	0	
15	0	0	0	0	669	403	0	
0	0	0	0	0	671	394	0	
1	0	0	0	0	678	385	0	
2	0	0	0	0	684	375	0	
3	0	0	0	0	685	364	0	
4	0	0	0	0	682	356	0	
5	0	0	0	0	674	351	0	
6	0	0	0	0	663	346	0	
7	0	0	0	0	648	340	0	
8	0	0	0	0	632	335	0	
9	0	0	0	0	620	332	0	
10	0	0	0	0	610	329	0	
11	0	0	0	0	601	327	0	
12	0	0	0	0	593	323	0	
13	0	0	0	0	590	313	0	
14	0	0	0	0	586	312	0	
15	0	0	0	0	587	306	0	
0	0	0	0	0	589	298	0	
1	0	0	0	0	595	289	0	
2	0	0	0	0	604	284	0	
3	0	0	0	0	612	276	0	
4	0	0	0	0	617	268	0	
5	0	0	0	0	623	261	0	
6	0	0	0	0	630	251	0	
7	0	0	0	0	635	249	0	
8	0	0	0	0	641	249	0	
9	0	0	0	0	647	242	0	
10	0	0	0	0	647	227	0	
11	0	0	0	0	647	214	0	
12	0	0	0	0	638	203	0	
13	0	0	0	0	632	193	0	
14	0	0	0	0	625	187	0	
15	0	0	0	0	619	182	0	
0	0	0	0	0	610	184	0	
1	0	0	0	0	601	184	0	
2	0	0	0	0	595	182	0	
3	0	0	0	0	590	179	0	
4	0	0	0	0	582	178	0	
5	0	0	0	0	577	190	0	
6	0	0	0	0	573	206	0	
7	0	0	0	0	567	217	0	
8	0	0	0	0	563	229	0	
9	0	0	0	0	561	240	0	
10	0	0	0	0	559	247	0	
11	0	0	0	0	556	252	0	
12	0	0	0	0	550	254	0	
13	0	0	0	0	542	254	0	
14	0	0	0	0	531	255	0	
15	0	0	0	0	519	258	0	
0	0	0	0	0	511	260	0	
1	0	0	0	0	504	266	0	
2	0	0	0	0	496	273	0	
3	0	0	0	0	491	280	0	
4	0	0	0	0	492	284	0	
5	0	0	0	0	491	290	0	
6	0	0	0	0	492	300	0	
7	0	0	0	0	501	312	0	
8	0	0	0	0	506	324	0	
9	0	0	0	0	511	329	0	
10	0	0	0	0	510	326	0	
11	0	0	0	0	509	328	0	
12	0	0	0	0	507	334	0	
13	0	0	0	0	502	338	0	
14	0	0	0	0	489	344	0	
15	0	0	0	0	473	352	0	
0	0	0	0	0	460	358	0	
1	0	0	0	0	448	359	0	
2	0	0	0	0	440	356	0	
3	0	0	0	0	435	357	0	
4	0	0	0	0	426	355	0	
5	0	0	0	0	418	352	0	
6	0	0	0	0	412	350	0	
7	0	0	0	0	409	352	0	
8	0	0	0	0	408	356	0	
9	0	0	0	0	404	361	0	
10	0	0	0	0	399	372	0	
11	0	0	0	0	397	379	0	
12	0	0	0	0	398	384	0	
13	0	0	0	0	398	388	0	
14	0	0	0	0	393	390	0	
15	0	0	0	0	390	394	0	
0	0	0	0	0	385	399	0	
1	0	0	0	0	382	407	0	
2	0	0	0	0	382	408	0	
3	0	0	0	0	383	397	0	
4	0	0	0	0	385	393	0	
5	0	0	0	0	384	393	0	
6	0	0	0	0	382	400	0	
7	0	0	0	0	380	412	0	
8	0	0	0	0	379	422	0	
9	0	0	0	0	384	430	0	
10	0	0	0	0	389	441	0	
11	0	0	0	0	385	454	0	
12	0	0	0	0	372	466	0	
13	0	0	0	0	359	478	0	
14	0	0	0	0	350	488	0	
15	0	0	0	0	348	504	0	
0	0	0	0	0	350	521	0	
1	0	0	0	0	351	534	0	
2	0	0	0	0	355	541	0	
3	0	0	0	0	359	543	0	
4	0	0	0	0	364	543	1	
5	0	0	0	0	374	539	0	
6	0	0	0	0	380	531	0	
7	0	0	0	0	387	523	0	
8	0	0	0	0	388	516	0	
9	0	0	0	0	394	512	0	
10	0	0	0	0	403	507	0	
11	0	0	0	0	410	509	0	
12	0	0	0	0	409	510	0	
13	0	0	0	0	410	512	0	
14	0	0	0	0	408	515	0	
15	0	0	0	0	395	519	0	
0	0	0	0	0	377	523	0	
1	0	0	0	0	363	519	0	
2	0	0	0	0	355	516	0	
3	0	0	0	0	357	516	0	
4	0	0	0	0	364	523	0	
5	0	0	0	0	368	528	1	
6	0	0	0	0	368	529	0	
7	0	0	0	0	374	533	0	
8	0	0	0	0	379	535	0	
9	0	0	0	0	377	536	0	
10	0	0	0	0	374	542	1	
11	0	0	0	0	362	550	0	
12	0	0	0	0	348	559	1	
13	0	0	0	0	334	564	1	
14	0	0	0	0	328	568	1	
15	0	0	0	0	334	567	1	
0	0	0	0	0	339	562	0	
1	0	0	0	0	346	562	1	
2	0	0	0	0	354	561	1	
3	0	0	0	0	362	558	1	
4	0	0	0	0	368	559	1	
5	0	0	0	0	371	553	0	
6	0	0	0	0	375	549	1	
7	0	0	0	0	378	547	0	
8	0	0	0	0	377	548	1	
9	0	0	0	0	376	544	1	
10	0	0	0	0	378	542	0	
11	0	0	0	0	380	547	0	
12	0	0	0	0	380	557	1	
13	0	0	0	0	380	571	1	
14	0	0	0	0	371	583	1	
15	0	0	0	0	362	583	0	
0	0	0	0	0	361	587	1	
1	0	0	0	0	367	586	1	
2	0	0	0	0	375	577	0	
3	0	0	0	0	386	568	1	
4	0	0	0	0	393	563	0	
5	0	0	0	0	400	567	1	
6	0	0	0	0	408	572	1	
7	0	0	0	0	420	575	1	
8	0	0	0	0	442	579	1	
9	0	0	0	0	467	583	0	
10	0	0	0	0	491	591	1	
11	0	0	0	0	511	598	1	
12	0	0	0	0	519	604	1	
13	0	0	0	0	523	614	1	
14	0	0	0	0	513	620	1	
15	0	0	0	0	496	625	1	
0	0	0	0	0	475	628	1	
1	0	0	0	0	455	628	1	
2	0	0	0	0	435	617	1	
3	0	0	0	0	425	603	0	
4	0	0	0	0	422	600	1	
5	0	0	0	0	416	601	1	
6	0	0	0	0	406	600	1	
7	0	0	0	0	396	588	1	
8	0	0	0	0	388	575	0	
9	0	0	0	0	385	566	1	
10	0	0	0	0	385	556	1	
11	0	0	0	0	381	551	0	
12	0	0	0	0	376	551	1	
13	0	0	0	0	374	548	0	
14	0	0	0	0	371	546	0	
15	0	0	0	0	380	548	0	
0	0	0	0	0	392	551	0	
1	0	0	0	0	406	561	1	
2	0	0	0	0	416	568	0	
3	0	0	0	0	420	572	1	
4	0	0	0	0	423	574	1	
5	0	0	0	0	423	574	0	
6	0	0	0	0	423	568	1	
7	0	0	0	0	420	564	0	
8	0	0	0	0	423	569	1	
9	0	0	0	0	429	572	1	
10	0	0	0	0	434	577	0	
11	0	0	0	0	442	588	1	
12	0	0	0	0	448	598	1	
13	0	0	0	0	454	609	1	
14	0	0	0	0	453	615	1	
15	0	0	0	0	449	616	1	
0	0	0	0	0	440	617	1	
1	0	0	0	0	426	615	1	
2	0	0	0	0	415	614	1	
3	0	0	0	0	404	613	1	
4	0	0	0	0	395	613	1	
5	0	0	0	0	386	616	1	
6	0	0	0	0	380	616	1	
7	0	0	0	0	381	614	1	
8	0	0	0	0	380	616	1	
9	0	0	0	0	382	615	1	
10	0	0	0	0	389	615	1	
11	0	0	0	0	399	616	1	
12	0	0	0	0	410	619	1	
13	0	0	0	0	423	620	1	
14	0	0	0	0	433	624	1	
15	0	0	0	0	438	625	1	
0	0	0	0	0	438	627	1	
1	0	0	0	0	438	627	1	
2	0	0	0	0	438	619	1	
3	0	0	0	0	439	609	1	
4	0	0	0	0	441	601	1	
5	0	0	0	0	446	599	1	
6	0	0	0	0	445	594	1	
7	0	0	0	0	443	591	1	
8	0	0	0	0	442	589	1	
9	0	0	0	0	441	588	1	
10	0	0	0	0	444	596	1	
11	0	0	0	0	439	603	1	
12	0	0	0	0	439	615	1	
13	0	0	0	0	442	623	1	
14	0	0	0	0	446	630	1	
15	0	0	0	0	451	638	1	
0	0	0	0	0	454	647	1	
1	0	0	0	0	460	648	1	
2	0	0	0	0	466	639	1	
3	0	0	0	0	472	622	1	
4	0	0	0	0	479	606	1	
5	0	0	0	0	490	594	1	
6	0	0	0	0	498	588	1	
7	0	0	0	0	504	579	1	
8	0	0	0	0	504	573	1	
9	0	0	0	0	499	568	0	
10	0	0	0	0	493	566	1	
11	0	0	0	0	486	569	1	
12	0	0	0	0	480	577	1	
13	0	0	0	0	479	580	1	
14	0	0	0	0	479	581	0	
15	0	0	0	0	483	580	1	
0	0	0	0	0	485	582	1	
1	0	0	0	0	484	584	0	
2	0	0	0	0	485	587	1	
3	0	0	0	0	484	589	0	
4	0	0	0	0	488	601	1	
5	0	0	0	0	492	606	1	
6	0	0	0	0	499	607	1	
7	0	0	0	0	506	606	1	
8	0	0	0	0	513	604	1	
9	0	0	0	0	515	601	1	
10	0	0	0	0	520	599	1	
11	0	0	0	0	523	595	1	
12	0	0	0	0	526	596	1	
13	0	0	0	0	520	606	1	
14	0	0	0	0	515	611	1	
15	0	0	0	0	513	614	1	
0	0	0	0	0	512	619	2	
1	0	0	0	0	511	624	1	
2	0	0	0	0	512	625	1	
3	0	0	0	0	515	625	1	
4	0	0	0	0	513	626	1	
5	0	0	0	0	519	627	1	
6	0	0	0	0	524	625	1	
7	0	0	0	0	523	619	1	
8	0	0	0	0	524	616	1	
9	0	0	0	0	527	615	1	
10	0	0	0	0	532	614	1	
11	0	0	0	0	537	614	1	
12	0	0	0	0	535	611	1	
13	0	0	0	0	530	609	1	
14	0	0	0	0	524	609	1	
15	0	0	0	0	519	613	1	
0	0	0	0	0	520	622	1	
1	0	0	0	0	521	630	1	
2	0	0	0	0	520	630	1	
3	0	0	0	0	519	629	1	
4	0	0	0	0	520	632	1	
5	0	0	0	0	519	633	1	
6	0	0	0	0	518	634	1	
7	0	0	0	0	518	639	1	
8	0	0	0	0	519	641	1	
9	0	0	0	0	523	639	1	
10	0	0	0	0	527	635	1	
11	0	0	0	0	526	630	1	
12	0	0	0	0	518	628	1	
13	0	0	0	0	509	625	1	
14	0	0	0	0	508	623	1	
15	0	0	0	0	509	625	1	
0	0	0	0	0	510	629	1	
1	0	0	0	0	509	632	1	
2	0	0	0	0	507	632	1	
3	0	0	0	0	508	633	1	
4	0	0	0	0	508	639	1	
5	0	0	0	0	504	646	1	
6	0	0	0	0	499	639	1	
7	0	0	0	0	494	629	1	
8	0	0	0	0	490	620	1	
9	0	0	0	0	486	615	1	
10	0	0	0	0	482	615	1	
11	0	0	0	0	481	614	1	
12	0	0	0	0	480	608	1	
13	0	0	0	0	480	593	1	
14	0	0	0	0	481	581	1	
15	0	0	0	0	483	576	0	
0	0	0	0	0	487	577	1	
1	0	0	0	0	492	580	1	
2	0	0	0	0	491	585	0	
3	0	0	0	0	492	593	1	
4	0	0	0	0	495	600	1	
5	0	0	0	0	500	601	1	
6	0	0	0	0	499	601	1	
7	0	0	0	0	495	597	1	
8	0	0	0	0	487	589	1	
9	0	0	0	0	481	580	1	
10	0	0	0	0	473	575	1	
11	0	0	0	0	467	575	1	
12	0	0	0	0	471	576	0	
13	0	0	0	0	475	572	1	
14	0	0	0	0	481	572	0	
15	0	0	0	0	485	580	1	
0	0	0	0	0	480	592	1	
1	0	0	0	0	474	603	1	
2	0	0	0	0	472	602	1	
3	0	0	0	0	474	595	0	
4	0	0	0	0	478	591	1	
5	0	0	0	0	477	587	1	
6	0	0	0	0	475	583	0	
7	0	0	0	0	478	584	1	
8	0	0	0	0	482	584	0	
9	0	0	0	0	487	591	1	
10	0	0	0	0	484	591	1	
11	0	0	0	0	484	585	0	
12	0	0	0	0	487	580	1	
13	0	0	0	0	492	579	0	
14	0	0	0	0	502	582	1	
15	0	0	0	0	510	578	1	
0	0	0	0	0	518	576	1	
1	0	0	0	0	527	574	1	
2	0	0	0	0	533	572	0	
3	0	0	0	0	540	574	1	
4	0	0	0	0	541	572	1	
5	0	0	0	0	543	568	1	
6	0	0	0	0	546	560	1	
7	0	0	0	0	550	547	0	
8	0	0	0	0	558	539	0	
9	0	0	0	0	560	529	0	
10	0	0	0	0	557	526	0	
11	0	0	0	0	559	519	0	
12	0	0	0	0	562	513	0	
13	0	0	0	0	559	515	0	
14	0	0	0	0	551	519	0	
15	0	0	0	0	541	524	0	
0	0	0	0	0	539	530	1	
1	0	0	0	0	539	533	0	
2	0	0	0	0	535	532	0	
3	0	0	0	0	528	526	0	
4	0	0	0	0	523	515	0	
5	0	0	0	0	521	511	1	
6	0	0	0	0	516	515	0	
7	0	0	0	0	515	523	0	
8	0	0	0	0	516	529	0	
9	0	0	0	0	514	535	0	
10	0	0	0	0	515	530	0	
11	0	0	0	0	515	527	0	
12	0	0	0	0	510	525	0	
13	0	0	0	0	506	524	0	
14	0	0	0	0	505	526	0	
15	0	0	0	0	507	530	1	
0	0	0	0	0	507	532	0	
1	0	0	0	0	507	539	0	
2	0	0	0	0	509	548	1	
3	0	0	0	0	514	557	1	
4	0	0	0	0	520	568	1	
5	0	0	0	0	525	580	0	
6	0	0	0	0	531	587	1	
7	0	0	0	0	538	588	1	
8	0	0	0	0	540	582	0	
9	0	0	0	0	536	583	1	
10	0	0	0	0	532	578	0	
11	0	0	0	0	534	569	1	
12	0	0	0	0	537	561	0	
13	0	0	0	0	543	551	1	
14	0	0	0	0	542	545	0	
15	0	0	0	0	539	538	0	
0	0	0	0	0	536	534	0	
1	0	0	0	0	530	526	1	
2	0	0	0	0	523	521	0	
3	0	0	0	0	516	519	0	
4	0	0	0	0	510	521	0	
5	0	0	0	0	508	531	0	
6	0	0	0	0	512	544	0	
7	0	0	0	0	522	551	1	
8	0	0	0	0	532	555	1	
9	0	0	0	0	541	558	0	
10	0	0	0	0	549	558	1	
11	0	0	0	0	556	556	1	
12	0	0	0	0	564	554	1	
13	0	0	0	0	570	555	1	
14	0	0	0	0	568	555	0	
15	0	0	0	0	567	547	0	
0	0	0	0	0	568	536	1	
1	0	0	0	0	565	526	0	
2	0	0	0	0	559	523	0	
3	0	0	0	0	556	524	0	
4	0	0	0	0	554	528	0	
5	0	0	0	0	547	531	0	
6	0	0	0	0	541	532	0	
7	0	0	0	0	537	533	1	
8	0	0	0	0	532	534	0	
9	0	0	0	0	527	538	1	
10	0	0	0	0	521	542	0	
11	0	0	0	0	520	542	0	
12	0	0	0	0	519	544	1	
13	0	0	0	0	518	546	0	
14	0	0	0	0	515	545	1	
15	0	0	0	0	512	547	0	
0	0	0	0	0	511	547	0	
1	0	0	0	0	507	547	1	
2	0	0	0	0	502	546	0	
3	0	0	0	0	496	543	0	
4	0	0	0	0	496	537	0	
5	0	0	0	0	501	534	0	
6	0	0	0	0	500	536	0	
7	0	0	0	0	499	533	0	
8	0	0	0	0	497	532	0	
9	0	0	0	0	495	533	0	
10	0	0	0	0	490	533	0	
11	0	0	0	0	488	539	1	
12	0	0	0	0	490	545	0	
13	0	0	0	0	491	550	1	
14	0	0	0	0	491	551	1	
15	0	0	0	0	495	557	0	
0	0	0	0	0	502	562	1	
1	0	0	0	0	510	566	0	
2	0	0	0	0	518	571	1	
3	0	0	0	0	524	570	0	
4	0	0	0	0	525	559	0	
5	0	0	0	0	526	545	1	
6	0	0	0	0	524	533	0	
7	0	0	0	0	523	520	0	
8	0	0	0	0	525	506	0	
9	0	0	0	0	528	499	0	
10	0	0	0	0	526	500	0	
11	0	0	0	0	523	508	0	
12	0	0	0	0	521	517	0	
13	0	0	0	0	524	525	0	
14	0	0	0	0	521	531	0	
15	0	0	0	0	523	531	0	
0	0	0	0	0	527	528	0	
1	0	0	0	0	534	525	0	
2	0	0	0	0	536	519	0	
3	0	0	0	0	534	517	0	
4	0	0	0	0	531	513	0	
5	0	0	0	0	528	504	0	
6	0	0	0	0	527	495	0	
7	0	0	0	0	525	488	0	
8	0	0	0	0	521	489	0	
9	0	0	0	0	521	492	0	
10	0	0	0	0	516	499	0	
11	0	0	0	0	513	507	0	
12	0	0	0	0	508	513	0	
13	0	0	0	0	502	523	0	
14	0	0	0	0	501	528	0	
15	0	0	0	0	505	534	0	
0	0	0	0	0	508	539	0	
1	0	0	0	0	513	543	0	
2	0	0	0	0	517	548	0	
3	0	0	0	0	520	549	1	
4	0	0	0	0	522	545	0	
5	0	0	0	0	525	542	1	
6	0	0	0	0	522	538	0	
7	0	0	0	0	519	540	0	
8	0	0	0	0	516	543	1	
9	0	0	0	0	513	536	0	
10	0	0	0	0	516	531	0	
11	0	0	0	0	519	521	0	
12	0	0	0	0	525	521	0	
13	0	0	0	0	527	521	0	
14	0	0	0	0	532	521	0	
15	0	0	0	0	539	524	0	
0	0	0	0	0	541	530	0	
1	0	0	0	0	542	535	1	
2	0	0	0	0	540	540	1	
3	0	0	0	0	535	541	0	
4	0	0	0	0	529	542	1	
5	0	0	0	0	527	540	0	
6	0	0	0	0	526	539	0	
7	0	0	0	0	523	533	0	
8	0	0	0	0	523	530	0	
9	0	0	0	0	518	530	0	
10	0	0	0	0	513	532	0	
11	0	0	0	0	509	535	0	
12	0	0	0	0	507	541	1	
13	0	0	0	0	502	540	0	
14	0	0	0	0	500	542	0	
15	0	0	0	0	497	543	1	
0	0	0	0	0	492	543	0	
1	0	0	0	0	488	543	1	
2	0	0	0	0	491	535	0	
3	0	0	0	0	496	525	0	
4	0	0	0	0	500	516	0	
5	0	0	0	0	503	510	0	
6	0	0	0	0	504	512	0	
7	0	0	0	0	504	516	0	
8	0	0	0	0	506	522	0	
9	0	0	0	0	505	528	1	
10	0	0	0	0	502	528	0	
11	0	0	0	0	499	527	1	
12	0	0	0	0	493	519	0	
13	0	0	0	0	491	512	0	
14	0	0	0	0	492	508	0	
15	0	0	0	0	497	502	0	
0	0	0	0	0	500	499	0	
1	0	0	0	0	496	494	0	
2	0	0	0	0	496	489	0	
3	0	0	0	0	501	485	0	
4	0	0	0	0	508	481	0	
5	0	0	0	0	510	480	0	
6	0	0	0	0	511	476	0	
7	0	0	0	0	512	474	0	
8	0	0	0	0	517	473	0	
9	0	0	0	0	526	477	0	
10	0	0	0	0	536	483	0	
11	0	0	0	0	540	484	0	
12	0	0	0	0	541	483	0	
13	0	0	0	0	536	480	0	
14	0	0	0	0	529	478	0	
15	0	0	0	0	523	479	0	
0	0	0	0	0	514	480	0	
1	0	0	0	0	508	484	0	
2	0	0	0	0	502	486	0	
3	0	0	0	0	499	487	0	
4	0	0	0	0	496	489	0	
5	0	0	0	0	490	495	0	
6	0	0	0	0	490	499	0	
7	0	0	0	0	495	507	0	
8	0	0	0	0	499	511	0	
9	0	0	0	0	509	513	0	
10	0	0	0	0	515	507	0	
11	0	0	0	0	521	503	0	
12	0	0	0	0	528	496	0	
13	0	0	0	0	536	487	0	
14	0	0	0	0	543	483	0	
15	0	0	0	0	548	481	0	
0	0	0	0	0	553	476	0	
1	0	0	0	0	558	472	0	
2	0	0	0	0	558	472	0	
3	0	0	0	0	555	474	0	
4	0	0	0	0	544	480	0	
5	0	0	0	0	536	488	0	
6	0	0	0	0	531	494	0	
7	0	0	0	0	529	492	0	
8	0	0	0	0	531	486	0	
9	0	0	0	0	528	483	0	
10	0	0	0	0	529	486	0	
11	0	0	0	0	531	487	0	
12	0	0	0	0	529	491	0	
13	0	0	0	0	526	497	0	
14	0	0	0	0	523	499	0	
15	0	0	0	0	520	500	0	
0	0	0	0	0	512	501	0	
1	0	0	0	0	502	499	0	
2	0	0	0	0	500	496	0	
3	0	0	0	0	499	490	0	
4	0	0	0	0	503	482	0	
5	0	0	0	0	508	478	0	
6	0	0	0	0	513	475	0	
7	0	0	0	0	528	476	0	
8	0	0	0	0	540	472	0	
9	0	0	0	0	549	472	0	
10	0	0	0	0	558	472	0	
11	0	0	0	0	561	476	0	
12	0	0	0	0	553	478	0	
13	0	0	0	0	540	481	0	
14	0	0	0	0	527	487	0	
15	0	0	0	0	515	492	0	
0	0	0	0	0	506	498	0	
1	0	0	0	0	499	498	0	
2	0	0	0	0	497	492	0	
3	0	0	0	0	500	491	0	
4	0	0	0	0	507	493	0	
5	0	0	0	0	509	489	0	
6	0	0	0	0	509	482	0	
7	0	0	0	0	509	475	0	
8	0	0	0	0	505	472	0	
9	0	0	0	0	507	473	0	
10	0	0	0	0	507	474	0	
11	0	0	0	0	505	479	0	
12	0	0	0	0	505	490	0	
13	0	0	0	0	504	498	0	
14	0	0	0	0	506	508	0	
15	0	0	0	0	508	514	0	
0	0	0	0	0	514	515	0	
1	0	0	0	0	523	513	0	
2	0	0	0	0	529	511	0	
3	0	0	0	0	538	510	0	
4	0	0	0	0	547	513	0	
5	0	0	0	0	550	515	1	
6	0	0	0	0	550	513	0	
7	0	0	0	0	545	507	0	
8	0	0	0	0	536	500	0	
9	0	0	0	0	528	494	0	
10	0	0	0	0	520	489	0	
11	0	0	0	0	512	490	0	
12	0	0	0	0	508	494	0	
13	0	0	0	0	501	499	0	
14	0	0	0	0	495	502	0	
15	0	0	0	0	492	505	0	
0	0	0	0	0	487	509	0	
1	0	0	0	0	481	506	0	
2	0	0	0	0	476	501	0	
3	0	0	0	0	476	497	0	
4	0	0	0	0	482	493	0	
5	0	0	0	0	488	491	0	
6	0	0	0	0	491	490	0	
7	0	0	0	0	490	490	0	
8	0	0	0	0	494	491	0	
9	0	0	0	0	497	492	0	
10	0	0	0	0	504	488	0	
11	0	0	0	0	508	485	0	
12	0	0	0	0	508	481	0	
13	0	0	0	0	506	477	0	
14	0	0	0	0	501	471	0	
15	0	0	0	0	495	465	0	
0	0	0	0	0	492	466	0	
1	0	0	0	0	499	470	0	
2	0	0	0	0	507	476	0	
3	0	0	0	0	513	481	0	
4	0	0	0	0	511	485	0	
5	0	0	0	0	507	483	0	
6	0	0	0	0	509	478	0	
7	0	0	0	0	510	475	0	
8	0	0	0	0	508	475	0	
9	0	0	0	0	505	478	0	
10	0	0	0	0	499	481	0	
11	0	0	0	0	493	487	0	
12	0	0	0	0	489	499	0	
13	0	0	0	0	483	512	1	
14	0	0	0	0	483	522	0	
15	0	0	0	0	487	523	0	
0	0	0	0	0	497	509	0	
1	0	0	0	0	504	499	0	
2	0	0	0	0	509	490	0	
3	0	0	0	0	508	480	0	
4	0	0	0	0	513	478	0	
5	0	0	0	0	519	475	0	
6	0	0	0	0	524	481	0	
7	0	0	0	0	526	490	0	
8	0	0	0	0	520	494	0	
9	0	0	0	0	518	493	0	
10	0	0	0	0	519	493	0	
11	0	0	0	0	523	492	0	
12	0	0	0	0	528	494	0	
13	0	0	0	0	529	495	0	
14	0	0	0	0	532	503	0	
15	0	0	0	0	536	514	0	
0	0	0	0	0	542	527	0	
1	0	0	0	0	552	534	1	
2	0	0	0	0	560	531	0	
3	0	0	0	0	568	531	0	
4	0	0	0	0	581	526	0	
5	0	0	0	0	591	519	0	
6	0	0	0	0	597	513	0	
7	0	0	0	0	599	505	0	
8	0	0	0	0	598	499	0	
9	0	0	0	0	593	497	0	
10	0	0	0	0	588	497	0	
11	0	0	0	0	578	503	0	
12	0	0	0	0	561	511	0	
13	0	0	0	0	545	517	0	
14	0	0	0	0	530	524	1	
15	0	0	0	0	519	531	0	
0	0	0	0	0	511	541	1	
1	0	0	0	0	504	546	0	
2	0	0	0	0	499	550	1	
3	0	0	0	0	497	550	0	
4	0	0	0	0	498	548	0	
5	0	0	0	0	506	545	1	
6	0	0	0	0	510	542	0	
7	0	0	0	0	512	537	0	
8	0	0	0	0	511	534	0	
9	0	0	0	0	510	531	0	
10	0	0	0	0	512	528	1	
11	0	0	0	0	511	524	0	
12	0	0	0	0	513	519	0	
13	0	0	0	0	517	515	0	
14	0	0	0	0	518	514	0	
15	0	0	0	0	519	515	0	
0	0	0	0	0	520	521	0	
1	0	0	0	0	524	524	0	
2	0	0	0	0	527	525	0	
3	0	0	0	0	524	530	0	
4	0	0	0	0	522	529	1	
5	0	0	0	0	518	524	0	
6	0	0	0	0	520	524	0	
7	0	0	0	0	522	521	0	
8	0	0	0	0	525	517	0	
9	0	0	0	0	529	518	0	
10	0	0	0	0	531	521	0	
11	0	0	0	0	540	527	0	
12	0	0	0	0	546	531	1	
13	0	0	0	0	552	523	0	
14	0	0	0	0	555	518	0	
15	0	0	0	0	555	514	0	
0	0	0	0	0	554	519	0	
1	0	0	0	0	551	522	0	
2	0	0	0	0	552	526	0	
3	0	0	0	0	553	529	0	
4	0	0	0	0	552	531	0	
5	0	0	0	0	552	532	0	
6	0	0	0	0	550	534	1	
7	0	0	0	0	550	540	0	
8	0	0	0	0	547	550	1	
9	0	0	0	0	537	559	0	
10	0	0	0	0	531	566	1	
11	0	0	0	0	525	570	1	
12	0	0	0	0	518	572	0	
13	0	0	0	0	514	575	1	
14	0	0	0	0	512	576	0	
15	0	0	0	0	515	578	1	
0	0	0	0	0	516	577	1	
1	0	0	0	0	519	575	0	
2	0	0	0	0	521	572	1	
3	0	0	0	0	524	565	1	
4	0	0	0	0	524	559	1	
5	0	0	0	0	529	558	1	
6	0	0	0	0	536	561	1	
7	0	0	0	0	544	560	1	
8	0	0	0	0	551	556	0	
9	0	0	0	0	556	552	1	
10	0	0	0	0	555	549	1	
11	0	0	0	0	554	547	1	
12	0	0	0	0	550	547	0	
13	0	0	0	0	547	544	0	
14	0	0	0	0	548	547	1	
15	0	0	0	0	547	550	1	
0	0	0	0	0	545	554	0	
1	0	0	0	0	539	563	1	
2	0	0	0	0	528	560	0	
3	0	0	0	0	526	549	1	
4	0	0	0	0	528	535	0	
5	0	0	0	0	535	522	0	
6	0	0	0	0	538	509	0	
7	0	0	0	0	542	502	0	
8	0	0	0	0	542	500	0	
9	0	0	0	0	542	505	0	
10	0	0	0	0	540	510	0	
11	0	0	0	0	540	512	1	
12	0	0	0	0	537	512	0	
13	0	0	0	0	533	510	0	
14	0	0	0	0	531	508	0	
15	0	0	0	0	533	505	0	
0	0	0	0	0	534	502	0	
1	0	0	0	0	536	499	0	
2	0	0	0	0	535	495	0	
3	0	0	0	0	535	494	0	
4	0	0	0	0	532	497	0	
5	0	0	0	0	528	500	0	
6	0	0	0	0	526	499	0	
7	0	0	0	0	527	501	0	
8	0	0	0	0	527	509	0	
9	0	0	0	0	524	516	0	
10	0	0	0	0	526	519	0	
11	0	0	0	0	528	520	0	
12	0	0	0	0	527	528	1	
13	0	0	0	0	523	538	0	
14	0	0	0	0	520	549	0	
15	0	0	0	0	518	555	1	
0	0	0	0	0	517	553	0	
1	0	0	0	0	516	553	1	
2	0	0	0	0	519	543	0	
3	0	0	0	0	520	528	0	
4	0	0	0	0	525	519	0	
5	0	0	0	0	527	510	0	
6	0	0	0	0	529	502	0	
7	0	0	0	0	527	493	0	
8	0	0	0	0	524	489	0	
9	0	0	0	0	517	494	0	
10	0	0	0	0	511	497	0	
11	0	0	0	0	509	502	0	
12	0	0	0	0	508	505	0	
13	0	0	0	0	505	510	0	
14	0	0	0	0	504	510	0	
15	0	0	0	0	502	507	0	
0	0	0	0	0	503	503	0	
1	0	0	0	0	507	498	0	
2	0	0	0	0	515	492	0	
3	0	0	0	0	519	487	0	
4	0	0	0	0	517	482	0	
5	0	0	0	0	521	486	0	
6	0	0	0	0	523	490	0	
7	0	0	0	0	527	487	0	
8	0	0	0	0	529	484	0	
9	0	0	0	0	527	480	0	
10	0	0	0	0	520	486	0	
11	0	0	0	0	515	486	0	
12	0	0	0	0	511	479	0	
13	0	0	0	0	510	473	0	
14	0	0	0	0	503	464	0	
15	0	0	0	0	494	459	0	
0	0	0	0	0	488	457	0	
1	0	0	0	0	486	457	0	
2	0	0	0	0	488	462	0	
3	0	0	0	0	491	465	0	
4	0	0	0	0	492	472	0	
5	0	0	0	0	489	474	0	
6	0	0	0	0	492	473	0	
7	0	0	0	0	499	477	0	
8	0	0	0	0	506	482	0	
9	0	0	0	0	511	494	0	
10	0	0	0	0	516	502	0	
11	0	0	0	0	520	510	0	
12	0	0	0	0	524	519	0	
13	0	0	0	0	522	523	0	
14	0	0	0	0	521	524	0	
15	0	0	0	0	519	518	0	
0	0	0	0	0	516	510	0	
1	0	0	0	0	515	500	0	
2	0	0	0	0	515	490	0	
3	0	0	0	0	513	487	0	
4	0	0	0	0	511	494	0	
5	0	0	0	0	508	500	0	
6	0	0	0	0	506	504	0	
7	0	0	0	0	510	504	0	
8	0	0	0	0	514	501	0	
9	0	0	0	0	520	503	0	
10	0	0	0	0	520	511	0	
11	0	0	0	0	521	518	0	
12	0	0	0	0	523	521	0	
13	0	0	0	0	531	524	0	
14	0	0	0	0	540	528	0	
15	0	0	0	0	549	531	0	
0	0	0	0	0	552	540	0	
1	0	0	0	0	549	543	0	
2	0	0	0	0	544	541	0	
3	0	0	0	0	536	540	1	
4	0	0	0	0	532	539	1	
5	0	0	0	0	531	533	0	
6	0	0	0	0	531	517	0	
7	0	0	0	0	530	507	0	
8	0	0	0	0	528	503	0	
9	0	0	0	0	531	501	0	
10	0	0	0	0	535	503	0	
11	0	0	0	0	536	506	0	
12	0	0	0	0	536	511	1	
13	0	0	0	0	531	517	0	
14	0	0	0	0	528	525	0	
15	0	0	0	0	521	529	0	
0	0	0	0	0	515	527	0	
1	0	0	0	0	508	526	0	
2	0	0	0	0	499	529	1	
3	0	0	0	0	493	531	0	
4	0	0	0	0	489	532	1	
5	0	0	0	0	487	535	0	
6	0	0	0	0	487	536	0	
7	0	0	0	0	489	535	0	
8	0	0	0	0	494	530	0	
9	0	0	0	0	498	525	0	
10	0	0	0	0	501	522	0	
11	0	0	0	0	509	519	0	
12	0	0	0	0	520	512	0	
13	0	0	0	0	524	507	0	
14	0	0	0	0	526	504	0	
15	0	0	0	0	531	502	0	
0	0	0	0	0	536	505	0	
1	0	0	0	0	537	510	0	
2	0	0	0	0	534	516	0	
3	0	0	0	0	526	525	1	
4	0	0	0	0	515	534	0	
5	0	0	0	0	507	542	1	
6	0	0	0	0	499	537	0	
7	0	0	0	0	495	527	0	
8	0	0	0	0	491	518	0	
9	0	0	0	0	492	508	0	
10	0	0	0	0	497	498	0	
11	0	0	0	0	504	491	0	
12	0	0	0	0	512	484	0	
13	0	0	0	0	517	479	0	
14	0	0	0	0	519	472	0	
15	0	0	0	0	523	470	0	
0	0	0	0	0	527	473	0	
1	0	0	0	0	529	477	0	
2	0	0	0	0	529	480	0	
3	0	0	0	0	525	479	0	
4	0	0	0	0	526	481	0	
5	0	0	0	0	529	475	0	
6	0	0	0	0	529	465	0	
7	0	0	0	0	530	463	0	
8	0	0	0	0	529	466	0	
9	0	0	0	0	530	473	0	
10	0	0	0	0	528	478	0	
11	0	0	0	0	530	483	0	
12	0	0	0	0	529	488	0	
13	0	0	0	0	526	487	0	
14	0	0	0	0	523	487	0	
15	0	0	0	0	519	483	0	
0	0	0	0	0	516	481	0	
1	0	0	0	0	511	484	0	
2	0	0	0	0	507	487	0	
3	0	0	0	0	508	492	0	
4	0	0	0	0	517	496	0	
5	0	0	0	0	531	504	0	
6	0	0	0	0	542	502	0	
7	0	0	0	0	547	492	0	
8	0	0	0	0	543	486	0	
9	0	0	0	0	537	490	0	
10	0	0	0	0	536	490	0	
11	0	0	0	0	536	490	0	
12	0	0	0	0	533	488	0	
13	0	0	0	0	532	491	0	
14	0	0	0	0	529	490	0	
15	0	0	0	0	524	486	0	
0	0	0	0	0	524	479	0	
1	0	0	0	0	525	472	0	
2	0	0	0	0	528	467	0	
3	0	0	0	0	534	461	0	
4	0	0	0	0	541	459	0	
5	0	0	0	0	545	459	0	
6	0	0	0	0	539	462	0	
7	0	0	0	0	530	460	0	
8	0	0	0	0	524	455	0	
9	0	0	0	0	516	450	0	
10	0	0	0	0	505	449	0	
11	0	0	0	0	495	445	0	
12	0	0	0	0	482	441	0	
13	0	0	0	0	469	438	0	
14	0	0	0	0	461	438	0	
15	0	0	0	0	458	444	0	
0	0	0	0	0	455	448	0	
1	0	0	0	0	449	453	0	
2	0	0	0	0	445	462	0	
3	0	0	0	0	443	473	0	
4	0	0	0	0	447	481	0	
5	0	0	0	0	453	487	0	
6	0	0	0	0	458	491	0	
7	0	0	0	0	470	496	0	
8	0	0	0	0	481	501	0	
9	0	0	0	0	484	510	0	
10	0	0	0	0	487	510	0	
11	0	0	0	0	489	505	0	
12	0	0	0	0	494	507	0	
13	0	0	0	0	497	517	0	
14	0	0	0	0	503	530	0	
15	0	0	0	0	508	537	0	
0	0	0	0	0	515	529	0	
1	0	0	0	0	520	516	0	
2	0	0	0	0	523	507	0	
3	0	0	0	0	519	504	0	
4	0	0	0	0	512	497	0	
5	0	0	0	0	504	493	0	
6	0	0	0	0	493	492	0	
7	0	0	0	0	485	495	0	
8	0	0	0	0	484	497	0	
9	0	0	0	0	490	496	0	
10	0	0	0	0	500	503	0	
11	0	0	0	0	510	513	0	
12	0	0	0	0	512	524	0	
13	0	0	0	0	515	533	1	
14	0	0	0	0	520	541	0	
15	0	0	0	0	524	545	0	
0	0	0	0	0	526	545	0	
1	0	0	0	0	524	543	1	
2	0	0	0	0	518	538	0	
3	0	0	0	0	513	536	0	
4	0	0	0	0	512	532	0	
5	0	0	0	0	516	529	0	
6	0	0	0	0	519	521	0	
7	0	0	0	0	515	513	0	
8	0	0	0	0	514	504	0	
9	0	0	0	0	515	505	0	
10	0	0	0	0	520	513	0	
11	0	0	0	0	523	522	0	
12	0	0	0	0	523	527	0	
13	0	0	0	0	518	525	0	
14	0	0	0	0	509	515	0	
15	0	0	0	0	505	509	0	
0	0	0	0	0	507	504	0	
1	0	0	0	0	515	499	0	
2	0	0	0	0	524	491	0	
3	0	0	0	0	530	489	0	
4	0	0	0	0	537	489	0	
5	0	0	0	0	542	485	0	
6	0	0	0	0	544	482	0	
7	0	0	0	0	550	476	0	
8	0	0	0	0	553	475	0	
9	0	0	0	0	559	478	0	
10	0	0	0	0	560	483	0	
11	0	0	0	0	559	489	0	
12	0	0	0	0	556	495	0	
13	0	0	0	0	562	502	0	
14	0	0	0	0	560	503	0	
15	0	0	0	0	554	504	0	
0	0	0	0	0	549	509	0	
1	0	0	0	0	544	515	0	
2	0	0	0	0	545	526	0	
3	0	0	0	0	542	529	1	
4	0	0	0	0	547	535	1	
5	0	0	0	0	549	545	1	
6	0	0	0	0	546	554	0	
7	0	0	0	0	541	566	1	
8	0	0	0	0	537	572	1	
9	0	0	0	0	534	574	0	
10	0	0	0	0	525	576	1	
11	0	0	0	0	515	585	0	
12	0	0	0	0	511	591	1	
13	0	0	0	0	503	591	1	
14	0	0	0	0	499	580	0	
15	0	0	0	0	498	563	1	
0	0	0	0	0	498	542	0	
1	0	0	0	0	505	525	0	
2	0	0	0	0	510	512	0	
3	0	0	0	0	511	508	0	
4	0	0	0	0	507	506	0	
5	0	0	0	0	502	499	0	
6	0	0	0	0	499	494	0	
7	0	0	0	0	499	495	0	
8	0	0	0	0	505	500	0	
9	0	0	0	0	512	504	0	
10	0	0	0	0	520	508	0	
11	0	0	0	0	528	512	0	
12	0	0	0	0	536	513	0	
13	0	0	0	0	540	510	0	
14	0	0	0	0	544	508	0	
15	0	0	0	0	542	508	0	
0	0	0	0	0	537	508	0	
1	0	0	0	0	527	513	0	
2	0	0	0	0	523	510	0	
3	0	0	0	0	520	505	0	
4	0	0	0	0	520	499	0	
5	0	0	0	0	521	491	0	
6	0	0	0	0	518	483	0	
7	0	0	0	0	514	479	0	
8	0	0	0	0	516	476	0	
9	0	0	0	0	519	477	0	
10	0	0	0	0	520	483	0	
11	0	0	0	0	521	494	0	
12	0	0	0	0	523	502	0	
13	0	0	0	0	522	503	0	
14	0	0	0	0	526	501	0	
15	0	0	0	0	524	499	0	
0	0	0	0	0	522	507	0	
1	0	0	0	0	520	521	0	
2	0	0	0	0	516	538	0	
3	0	0	0	0	514	548	0	
4	0	0	0	0	517	545	0	
5	0	0	0	0	518	539	1	
6	0	0	0	0	520	535	0	
7	0	0	0	0	529	527	0	
8	0	0	0	0	537	520	0	
9	0	0	0	0	545	515	0	
10	0	0	0	0	549	511	0	
11	0	0	0	0	549	511	0	
12	0	0	0	0	545	507	0	
13	0	0	0	0	540	502	0	
14	0	0	0	0	540	500	0	
15	0	0	0	0	540	500	0	
0	0	0	0	0	544	498	0	
1	0	0	0	0	545	499	0	
2	0	0	0	0	547	501	0	
3	0	0	0	0	545	502	0	
4	0	0	0	0	542	505	0	
5	0	0	0	0	535	511	0	
6	0	0	0	0	524	519	0	
7	0	0	0	0	512	516	0	
8	0	0	0	0	504	510	0	
9	0	0	0	0	498	507	0	
10	0	0	0	0	494	509	0	
11	0	0	0	0	492	514	0	
12	0	0	0	0	489	518	0	
13	0	0	0	0	484	521	0	
14	0	0	0	0	483	524	0	
15	0	0	0	0	482	522	0	
0	0	0	0	0	483	515	0	
1	0	0	0	0	487	505	0	
2	0	0	0	0	491	501	0	
3	0	0	0	0	492	497	0	
4	0	0	0	0	489	500	0	
5	0	0	0	0	483	508	0	
6	0	0	0	0	478	513	0	
7	0	0	0	0	479	514	0	
8	0	0	0	0	486	503	0	
9	0	0	0	0	493	493	0	
10	0	0	0	0	501	492	0	
11	0	0	0	0	510	492	0	
12	0	0	0	0	517	495	0	
13	0	0	0	0	525	499	0	
14	0	0	0	0	535	505	0	
15	0	0	0	0	547	510	0	
0	0	0	0	0	556	513	0	
1	0	0	0	0	558	511	0	
2	0	0	0	0	566	509	0	
3	0	0	0	0	579	507	0	
4	0	0	0	0	588	507	0	
5	0	0	0	0	591	509	0	
6	0	0	0	0	592	516	0	
7	0	0	0	0	588	523	0	
8	0	0	0	0	583	527	0	
9	0	0	0	0	576	525	1	
10	0	0	0	0	568	513	0	
11	0	0	0	0	560	507	0	
12	0	0	0	0	548	506	0	
13	0	0	0	0	538	507	0	
14	0	0	0	0	531	507	0	
15	0	0	0	0	531	507	0	
0	0	0	0	0	536	508	0	
1	0	0	0	0	543	507	0	
2	0	0	0	0	551	504	0	
3	0	0	0	0	559	498	0	
4	0	0	0	0	565	493	0	
5	0	0	0	0	571	489	0	
6	0	0	0	0	570	490	0	
7	0	0	0	0	568	491	0	
8	0	0	0	0	563	492	0	
9	0	0	0	0	556	489	0	
10	0	0	0	0	549	485	0	
11	0	0	0	0	547	486	0	
12	0	0	0	0	546	494	0	
13	0	0	0	0	539	501	0	
14	0	0	0	0	537	509	0	
15	0	0	0	0	531	516	0	
0	0	0	0	0	529	523	0	
1	0	0	0	0	532	531	0	
2	0	0	0	0	534	541	1	
3	0	0	0	0	534	547	0	
4	0	0	0	0	532	554	1	
5	0	0	0	0	531	548	1	
6	0	0	0	0	534	533	0	
7	0	0	0	0	537	524	0	
8	0	0	0	0	536	517	0	
9	0	0	0	0	536	514	0	
10	0	0	0	0	537	515	0	
11	0	0	0	0	537	518	0	
12	0	0	0	0	542	520	0	
13	0	0	0	0	545	519	0	
14	0	0	0	0	549	516	0	
15	0	0	0	0	548	515	0	
0	0	0	0	0	543	513	0	
1	0	0	0	0	541	511	0	
2	0	0	0	0	537	512	0	
3	0	0	0	0	541	516	0	
4	0	0	0	0	547	517	0	
5	0	0	0	0	559	517	0	
6	0	0	0	0	570	521	0	
7	0	0	0	0	574	526	0	
8	0	0	0	0	571	525	0	
9	0	0	0	0	568	518	0	
10	0	0	0	0	569	516	0	
11	0	0	0	0	569	516	0	
12	0	0	0	0	571	519	0	
13	0	0	0	0	569	522	0	
14	0	0	0	0	573	529	0	
15	0	0	0	0	579	533	0	
0	0	0	0	0	587	540	1	
1	0	0	0	0	589	546	0	
2	0	0	0	0	590	546	1	
3	0	0	0	0	588	540	0	
4	0	0	0	0	583	532	0	
5	0	0	0	0	577	530	1	
6	0	0	0	0	568	529	0	
7	0	0	0	0	561	521	0	
8	0	0	0	0	552	511	0	
9	0	0	0	0	535	508	0	
10	0	0	0	0	515	511	0	
11	0	0	0	0	501	511	0	
12	0	0	0	0	489	508	0	
13	0	0	0	0	483	504	0	
14	0	0	0	0	478	495	0	
15	0	0	0	0	472	487	0	
0	0	0	0	0	469	477	0	
1	0	0	0	0	471	467	0	
2	0	0	0	0	473	461	0	
3	0	0	0	0	474	461	0	
4	0	0	0	0	479	471	0	
5	0	0	0	0	485	482	0	
6	0	0	0	0	493	491	0	
7	0	0	0	0	496	484	0	
8	0	0	0	0	499	478	0	
9	0	0	0	0	500	475	0	
10	0	0	0	0	497	478	0	
11	0	0	0	0	496	480	0	
12	0	0	0	0	496	477	0	
13	0	0	0	0	495	475	0	
14	0	0	0	0	499	473	0	
15	0	0	0	0	501	475	0	
0	0	0	0	0	502	485	0	
1	0	0	0	0	507	490	0	
2	0	0	0	0	510	491	0	
3	0	0	0	0	510	493	0	
4	0	0	0	0	509	492	0	
5	0	0	0	0	513	496	0	
6	0	0	0	0	518	497	0	
7	0	0	0	0	522	499	0	
8	0	0	0	0	524	497	0	
9	0	0	0	0	519	494	0	
10	0	0	0	0	516	489	0	
11	0	0	0	0	508	483	0	
12	0	0	0	0	503	477	0	
13	0	0	0	0	504	475	0	
14	0	0	0	0	504	474	0	
15	0	0	0	0	507	473	0	
0	0	0	0	0	511	471	0	
1	0	0	0	0	514	472	0	
2	0	0	0	0	519	478	0	
3	0	0	0	0	528	482	0	
4	0	0	0	0	540	487	0	
5	0	0	0	0	551	494	0	
6	0	0	0	0	561	497	0	
7	0	0	0	0	571	500	0	
8	0	0	0	0	582	501	0	
9	0	0	0	0	584	497	0	
10	0	0	0	0	584	495	0	
11	0	0	0	0	578	496	0	
12	0	0	0	0	568	500	0	
13	0	0	0	0	556	504	0	
14	0	0	0	0	547	505	0	
15	0	0	0	0	537	506	0	
0	0	0	0	0	529	504	0	
1	0	0	0	0	524	500	0	
2	0	0	0	0	521	502	0	
3	0	0	0	0	518	504	0	
4	0	0	0	0	516	508	0	
5	0	0	0	0	513	512	0	
6	0	0	0	0	512	519	0	
7	0	0	0	0	511	521	0	
8	0	0	0	0	508	524	0	
9	0	0	0	0	504	524	0	
10	0	0	0	0	501	520	0	
11	0	0	0	0	501	516	0	
12	0	0	0	0	500	512	0	
13	0	0	0	0	499	509	0	
14	0	0	0	0	497	505	0	
15	0	0	0	0	495	499	0	
0	0	0	0	0	491	494	0	
1	0	0	0	0	489	492	0	
2	0	0	0	0	489	493	0	
3	0	0	0	0	495	497	0	
4	0	0	0	0	503	502	0	
5	0	0	0	0	508	510	0	
6	0	0	0	0	513	512	0	
7	0	0	0	0	522	515	0	
8	0	0	0	0	522	514	0	
9	0	0	0	0	519	516	0	
10	0	0	0	0	512	520	0	
11	0	0	0	0	504	526	0	
12	0	0	0	0	498	527	0	
13	0	0	0	0	496	521	0	
14	0	0	0	0	499	518	0	
15	0	0	0	0	499	520	0	
0	0	0	0	0	500	525	0	
1	0	0	0	0	499	531	0	
2	0	0	0	0	496	532	0	
3	0	0	0	0	496	531	0	
4	0	0	0	0	499	534	0	
5	0	0	0	0	499	534	0	
6	0	0	0	0	502	533	0	
7	0	0	0	0	505	530	0	
8	0	0	0	0	507	528	0	
9	0	0	0	0	508	535	0	
10	0	0	0	0	505	550	1	
11	0	0	0	0	500	561	1	
12	0	0	0	0	496	572	1	
13	0	0	0	0	493	579	0	
14	0	0	0	0	487	571	1	
15	0	0	0	0	480	557	0	
0	0	0	0	0	474	552	1	
1	0	0	0	0	467	547	1	
2	0	0	0	0	468	543	0	
3	0	0	0	0	470	542	1	
4	0	0	0	0	470	538	0	
5	0	0	0	0	468	537	0	
6	0	0	0	0	467	535	0	
7	0	0	0	0	467	534	0	
8	0	0	0	0	466	534	0	
9	0	0	0	0	464	534	0	
10	0	0	0	0	465	539	0	
11	0	0	0	0	467	543	0	
12	0	0	0	0	473	544	0	
13	0	0	0	0	480	549	1	
14	0	0	0	0	482	546	0	
15	0	0	0	0	487	545	0	
0	0	0	0	0	491	544	0	
1	0	0	0	0	489	544	0	
2	0	0	0	0	487	540	0	
3	0	0	0	0	486	534	0	
4	0	0	0	0	481	524	0	
5	0	0	0	0	472	521	0	
6	0	0	0	0	464	520	0	
7	0	0	0	0	457	515	0	
8	0	0	0	0	453	512	0	
9	0	0	0	0	451	512	0	
10	0	0	0	0	449	515	0	
11	0	0	0	0	448	517	0	
12	0	0	0	0	448	522	0	
13	0	0	0	0	451	528	0	
14	0	0	0	0	455	541	0	
15	0	0	0	0	462	551	1	
0	0	0	0	0	472	551	0	
1	0	0	0	0	483	546	1	
2	0	0	0	0	494	543	0	
3	0	0	0	0	504	543	0	
4	0	0	0	0	511	542	0	
5	0	0	0	0	516	530	0	
6	0	0	0	0	518	519	0	
7	0	0	0	0	513	506	0	
8	0	0	0	0	508	497	0	
9	0	0	0	0	504	490	0	
10	0	0	0	0	503	490	0	
11	0	0	0	0	499	492	0	
12	0	0	0	0	492	491	0	
13	0	0	0	0	485	491	0	
14	0	0	0	0	479	493	0	
15	0	0	0	0	476	494	0	
0	0	0	0	0	473	495	0	
1	0	0	0	0	469	497	0	
2	0	0	0	0	467	502	0	
3	0	0	0	0	467	508	0	
4	0	0	0	0	467	510	0	
5	0	0	0	0	465	516	0	
6	0	0	0	0	463	516	0	
7	0	0	0	0	460	517	0	
8	0	0	0	0	455	515	0	
9	0	0	0	0	454	513	0	
10	0	0	0	0	452	514	0	
11	0	0	0	0	450	514	0	
12	0	0	0	0	457	521	0	
13	0	0	0	0	464	523	0	
14	0	0	0	0	476	526	0	
15	0	0	0	0	489	531	0	
0	0	0	0	0	502	534	0	
1	0	0	0	0	516	542	1	
2	0	0	0	0	527	539	0	
3	0	0	0	0	532	533	0	
4	0	0	0	0	532	532	0	
5	0	0	0	0	528	526	0	
6	0	0	0	0	527	523	0	
7	0	0	0	0	519	518	0	
8	0	0	0	0	516	515	0	
9	0	0	0	0	511	512	0	
10	0	0	0	0	502	498	0	
11	0	0	0	0	496	488	0	
12	0	0	0	0	492	481	0	
13	0	0	0	0	489	480	0	
14	0	0	0	0	487	487	0	
15	0	0	0	0	489	492	0	
0	0	0	0	0	494	482	0	
1	0	0	0	0	498	471	0	
2	0	0	0	0	501	463	0	
3	0	0	0	0	503	463	0	
4	0	0	0	0	500	463	0	
5	0	0	0	0	497	466	0	
6	0	0	0	0	498	470	0	
7	0	0	0	0	500	476	0	
8	0	0	0	0	500	480	0	
9	0	0	0	0	499	486	0	
10	0	0	0	0	502	489	0	
11	0	0	0	0	502	489	0	
12	0	0	0	0	499	486	0	
13	0	0	0	0	497	487	0	
14	0	0	0	0	494	495	0	
15	0	0	0	0	492	505	1	
0	0	0	0	0	488	508	0	
1	0	0	0	0	482	500	0	
2	0	0	0	0	475	497	0	
3	0	0	0	0	472	496	0	
4	0	0	0	0	472	499	0	
5	0	0	0	0	469	507	0	
6	0	0	0	0	461	515	0	
7	0	0	0	0	453	526	0	
8	0	0	0	0	450	523	0	
9	0	0	0	0	453	515	0	
10	0	0	0	0	457	510	0	
11	0	0	0	0	461	508	0	
12	0	0	0	0	468	510	0	
13	0	0	0	0	475	514	0	
14	0	0	0	0	476	511	0	
15	0	0	0	0	472	510	0	
0	0	0	0	0	468	508	0	
1	0	0	0	0	471	506	0	
2	0	0	0	0	480	500	0	
3	0	0	0	0	489	496	0	
4	0	0	0	0	496	491	0	
5	0	0	0	0	496	487	0	
6	0	0	0	0	496	481	0	
7	0	0	0	0	491	477	0	
8	0	0	0	0	482	484	0	
9	0	0	0	0	480	490	0	
10	0	0	0	0	480	495	0	
11	0	0	0	0	484	502	0	
12	0	0	0	0	484	499	0	
13	0	0	0	0	480	496	0	
14	0	0	0	0	473	494	0	
15	0	0	0	0	472	492	0	
0	0	0	0	0	473	489	0	
1	0	0	0	0	471	487	0	
2	0	0	0	0	470	484	0	
3	0	0	0	0	468	480	0	
4	0	0	0	0	470	480	0	
5	0	0	0	0	472	476	0	
6	0	0	0	0	476	476	0	
7	0	0	0	0	481	474	0	
8	0	0	0	0	489	477	0	
9	0	0	0	0	488	486	0	
10	0	0	0	0	484	485	0	
11	0	0	0	0	484	481	0	
12	0	0	0	0	487	481	0	
13	0	0	0	0	488	478	0	
14	0	0	0	0	492	477	0	
15	0	0	0	0	493	479	0	
0	0	0	0	0	492	480	0	
1	0	0	0	0	490	477	0	
2	0	0	0	0	490	479	0	
3	0	0	0	0	501	480	0	
4	0	0	0	0	515	476	0	
5	0	0	0	0	524	467	0	
6	0	0	0	0	529	462	0	
7	0	0	0	0	535	466	0	
8	0	0	0	0	536	477	0	
9	0	0	0	0	539	488	0	
10	0	0	0	0	541	495	0	
11	0	0	0	0	534	501	0	
12	0	0	0	0	525	507	0	
13	0	0	0	0	518	510	0	
14	0	0	0	0	512	510	0	
15	0	0	0	0	509	510	0	
0	0	0	0	0	499	510	0	
1	0	0	0	0	492	506	0	
2	0	0	0	0	487	500	0	
3	0	0	0	0	480	492	0	
4	0	0	0	0	478	486	0	
5	0	0	0	0	481	485	0	
6	0	0	0	0	479	484	0	
7	0	0	0	0	480	485	0	
8	0	0	0	0	485	488	0	
9	0	0	0	0	490	489	0	
10	0	0	0	0	497	497	0	
11	0	0	0	0	504	509	1	
12	0	0	0	0	510	506	0	
13	0	0	0	0	519	504	0	
14	0	0	0	0	526	502	0	
15	0	0	0	0	532	502	0	
0	0	0	0	0	534	499	0	
1	0	0	0	0	539	492	0	
2	0	0	0	0	545	488	0	
3	0	0	0	0	545	487	0	
4	0	0	0	0	547	492	0	
5	0	0	0	0	546	495	1	
6	0	0	0	0	541	499	0	
7	0	0	0	0	538	504	0	
8	0	0	0	0	531	506	0	
9	0	0	0	0	528	511	0	
10	0	0	0	0	531	511	0	
11	0	0	0	0	535	509	0	
12	0	0	0	0	539	500	0	
13	0	0	0	0	542	494	0	
14	0	0	0	0	541	487	0	
15	0	0	0	0	545	481	0	
0	0	0	0	0	551	482	0	
1	0	0	0	0	555	479	0	
2	0	0	0	0	560	479	0	
3	0	0	0	0	564	485	0	
4	0	0	0	0	563	499	0	
5	0	0	0	0	559	505	0	
6	0	0	0	0	550	498	0	
7	0	0	0	0	542	484	0	
8	0	0	0	0	536	480	0	
9	0	0	0	0	532	491	0	
10	0	0	0	0	529	510	0	
11	0	0	0	0	526	524	0	
12	0	0	0	0	524	521	0	
13	0	0	0	0	518	512	0	
14	0	0	0	0	512	506	0	
15	0	0	0	0	510	506	0	
0	0	0	0	0	508	513	0	
1	0	0	0	0	506	519	0	
2	0	0	0	0	505	527	0	
3	0	0	0	0	507	532	0	
4	0	0	0	0	511	537	0	
5	0	0	0	0	510	543	1	
6	0	0	0	0	508	545	0	
7	0	0	0	0	511	545	0	
8	0	0	0	0	515	540	0	
9	0	0	0	0	522	541	0	
10	0	0	0	0	527	543	1	
11	0	0	0	0	530	540	0	
12	0	0	0	0	537	531	1	
13	0	0	0	0	543	521	0	
14	0	0	0	0	543	518	0	
15	0	0	0	0	536	517	0	
0	0	0	0	0	531	512	0	
1	0	0	0	0	529	508	0	
2	0	0	0	0	528	504	0	
3	0	0	0	0	527	504	0	
4	0	0	0	0	527	506	0	
5	0	0	0	0	524	506	0	
6	0	0	0	0	523	505	0	
7	0	0	0	0	519	502	0	
8	0	0	0	0	517	498	0	
9	0	0	0	0	520	498	0	
10	0	0	0	0	524	499	0	
11	0	0	0	0	526	504	0	
12	0	0	0	0	525	504	0	
13	0	0	0	0	521	500	0	
14	0	0	0	0	512	497	0	
15	0	0	0	0	500	493	0	
0	0	0	0	0	492	494	0	
1	0	0	0	0	488	494	0	
2	0	0	0	0	489	501	0	
3	0	0	0	0	492	510	0	
4	0	0	0	0	493	513	0	
5	0	0	0	0	492	511	0	
6	0	0	0	0	488	501	0	
7	0	0	0	0	478	489	0	
8	0	0	0	0	470	486	0	
9	0	0	0	0	467	490	0	
10	0	0	0	0	471	496	0	
11	0	0	0	0	476	500	0	
12	0	0	0	0	488	502	0	
13	0	0	0	0	498	506	0	
14	0	0	0	0	505	509	0	
15	0	0	0	0	512	515	0	
0	0	0	0	0	518	521	0	
1	0	0	0	0	520	526	0	
2	0	0	0	0	521	523	0	
3	0	0	0	0	523	514	0	
4	0	0	0	0	527	501	0	
5	0	0	0	0	528	493	0	
6	0	0	0	0	531	486	0	
7	0	0	0	0	535	484	0	
8	0	0	0	0	537	482	0	
9	0	0	0	0	543	485	0	
10	0	0	0	0	548	490	0	
11	0	0	0	0	555	491	0	
12	0	0	0	0	563	492	0	
13	0	0	0	0	568	487	0	
14	0	0	0	0	572	484	0	
15	0	0	0	0	578	480	0	
0	0	0	0	0	583	477	0	
1	0	0	0	0	583	475	0	
2	0	0	0	0	575	473	0	
3	0	0	0	0	560	474	0	
4	0	0	0	0	550	484	0	
5	0	0	0	0	539	497	0	
6	0	0	0	0	533	502	0	
7	0	0	0	0	531	501	0	
8	0	0	0	0	527	496	0	
9	0	0	0	0	526	500	0	
10	0	0	0	0	525	506	0	
11	0	0	0	0	524	509	0	
12	0	0	0	0	527	511	0	
13	0	0	0	0	528	510	0	
14	0	0	0	0	528	506	0	
15	0	0	0	0	527	504	0	
0	0	0	0	0	528	502	0	
1	0	0	0	0	534	503	0	
2	0	0	0	0	542	510	0	
3	0	0	0	0	547	512	0	
4	0	0	0	0	557	518	0	
5	0	0	0	0	564	525	0	
6	0	0	0	0	566	530	0	
7	0	0	0	0	562	530	0	
8	0	0	0	0	556	521	1	
9	0	0	0	0	546	507	0	
10	0	0	0	0	539	491	0	
11	0	0	0	0	528	484	0	
12	0	0	0	0	521	484	0	
13	0	0	0	0	518	491	0	
14	0	0	0	0	514	504	0	
15	0	0	0	0	509	507	0	
0	0	0	0	0	509	507	0	
1	0	0	0	0	508	504	0	
2	0	0	0	0	511	501	0	
3	0	0	0	0	511	500	0	
4	0	0	0	0	509	494	0	
5	0	0	0	0	505	484	0	
6	0	0	0	0	506	476	0	
7	0	0	0	0	506	467	0	
8	0	0	0	0	508	462	0	
9	0	0	0	0	510	459	0	
10	0	0	0	0	507	452	0	
11	0	0	0	0	502	451	0	
12	0	0	0	0	497	451	0	
13	0	0	0	0	490	455	0	
14	0	0	0	0	489	463	0	
15	0	0	0	0	488	466	0	
0	0	0	0	0	491	471	0	
1	0	0	0	0	493	475	0	
2	0	0	0	0	501	476	0	
3	0	0	0	0	508	481	0	
4	0	0	0	0	511	483	0	
5	0	0	0	0	511	483	0	
6	0	0	0	0	509	482	0	
7	0	0	0	0	507	483	0	
8	0	0	0	0	503	484	0	
9	0	0	0	0	500	479	0	
10	0	0	0	0	495	473	0	
11	0	0	0	0	488	470	0	
12	0	0	0	0	483	476	0	
13	0	0	0	0	480	481	0	
14	0	0	0	0	480	485	0	
15	0	0	0	0	482	494	0	
0	0	0	0	0	484	502	0	
1	0	0	0	0	483	509	0	
2	0	0	0	0	481	505	0	
3	0	0	0	0	475	490	0	
4	0	0	0	0	473	481	0	
5	0	0	0	0	469	476	0	
6	0	0	0	0	464	472	0	
7	0	0	0	0	464	472	0	
8	0	0	0	0	463	476	0	
9	0	0	0	0	464	476	0	
10	0	0	0	0	466	473	0	
11	0	0	0	0	466	472	0	
12	0	0	0	0	464	478	0	
13	0	0	0	0	466	480	0	
14	0	0	0	0	473	490	0	
15	0	0	0	0	483	501	0	
0	0	0	0	0	492	508	0	
1	0	0	0	0	496	508	0	
2	0	0	0	0	493	505	0	
3	0	0	0	0	493	504	0	
4	0	0	0	0	496	500	0	
5	0	0	0	0	499	500	0	
6	0	0	0	0	496	506	0	
7	0	0	0	0	489	513	0	
8	0	0	0	0	483	519	0	
9	0	0	0	0	477	516	0	
10	0	0	0	0	473	506	0	
11	0	0	0	0	469	493	0	
12	0	0	0	0	465	483	0	
13	0	0	0	0	470	480	0	
14	0	0	0	0	478	486	0	
15	0	0	0	0	486	494	0	
0	0	0	0	0	492	504	0	
1	0	0	0	0	500	509	0	
2	0	0	0	0	514	513	0	
3	0	0	0	0	519	516	0	
4	0	0	0	0	516	519	0	
5	0	0	0	0	515	526	0	
6	0	0	0	0	512	523	0	
7	0	0	0	0	515	516	0	
8	0	0	0	0	518	510	0	
9	0	0	0	0	520	504	0	
10	0	0	0	0	524	500	0	
11	0	0	0	0	527	498	0	
12	0	0	0	0	535	501	0	
13	0	0	0	0	537	501	0	
14	0	0	0	0	537	507	0	
15	0	0	0	0	535	513	0	
0	0	0	0	0	534	520	0	
1	0	0	0	0	529	522	0	
2	0	0	0	0	526	523	0	
3	0	0	0	0	523	521	0	
4	0	0	0	0	523	524	0	
5	0	0	0	0	523	527	0	
6	0	0	0	0	522	534	0	
7	0	0	0	0	518	541	1	
8	0	0	0	0	515	547	1	
9	0	0	0	0	510	548	0	
10	0	0	0	0	500	539	0	
11	0	0	0	0	494	528	0	
12	0	0	0	0	491	520	1	
13	0	0	0	0	490	515	0	
14	0	0	0	0	489	515	0	
15	0	0	0	0	492	516	0	
0	0	0	0	0	495	521	0	
1	0	0	0	0	497	527	0	
2	0	0	0	0	499	530	0	
3	0	0	0	0	500	531	0	
4	0	0	0	0	500	532	0	
5	0	0	0	0	499	535	0	
6	0	0	0	0	497	532	1	
7	0	0	0	0	493	532	0	
8	0	0	0	0	486	534	0	
9	0	0	0	0	478	531	0	
10	0	0	0	0	478	532	0	
11	0	0	0	0	480	536	0	
12	0	0	0	0	480	535	0	
13	0	0	0	0	483	524	0	
14	0	0	0	0	481	510	0	
15	0	0	0	0	483	499	0	
0	0	0	0	0	486	490	0	
1	0	0	0	0	492	487	0	
2	0	0	0	0	496	490	0	
3	0	0	0	0	497	496	0	
4	0	0	0	0	500	504	0	
5	0	0	0	0	501	507	1	
6	0	0	0	0	500	505	0	
7	0	0	0	0	499	500	0	
8	0	0	0	0	498	498	0	
9	0	0	0	0	501	498	0	
10	0	0	0	0	502	503	0	
11	0	0	0	0	503	513	0	
12	0	0	0	0	502	518	0	
13	0	0	0	0	496	519	0	
14	0	0	0	0	487	519	0	
15	0	0	0	0	480	518	0	
0	0	0	0	0	469	523	0	
1	0	0	0	0	463	527	0	
2	0	0	0	0	460	531	0	
3	0	0	0	0	463	532	0	
4	0	0	0	0	464	531	1	
5	0	0	0	0	467	530	1	
6	0	0	0	0	471	530	0	
7	0	0	0	0	475	532	0	
8	0	0	0	0	479	536	0	
9	0	0	0	0	478	542	1	
10	0	0	0	0	477	547	1	
11	0	0	0	0	478	543	1	
12	0	0	0	0	475	537	0	
13	0	0	0	0	472	534	0	
14	0	0	0	0	472	530	0	
15	0	0	0	0	473	535	0	
0	0	0	0	0	471	539	0	
1	0	0	0	0	465	536	0	
2	0	0	0	0	461	526	0	
3	0	0	0	0	458	522	0	
4	0	0	0	0	450	518	0	
5	0	0	0	0	446	514	0	
6	0	0	0	0	447	512	0	
7	0	0	0	0	453	512	1	
8	0	0	0	0	455	515	0	
9	0	0	0	0	455	519	0	
10	0	0	0	0	458	524	0	
11	0	0	0	0	462	532	0	
12	0	0	0	0	464	540	0	
13	0	0	0	0	468	548	1	
14	0	0	0	0	470	542	0	
15	0	0	0	0	475	531	0	
0	0	0	0	0	480	523	0	
1	0	0	0	0	487	520	1	
2	0	0	0	0	496	521	0	
3	0	0	0	0	504	520	0	
4	0	0	0	0	509	526	0	
5	0	0	0	0	513	531	0	
6	0	0	0	0	515	540	0	
7	0	0	0	0	513	550	0	
8	0	0	0	0	508	552	0	
9	0	0	0	0	507	555	1	
10	0	0	0	0	504	554	0	
11	0	0	0	0	500	552	1	
12	0	0	0	0	496	547	0	
13	0	0	0	0	493	542	0	
14	0	0	0	0	489	538	0	
15	0	0	0	0	484	531	0	
0	0	0	0	0	480	526	0	
1	0	0	0	0	477	521	0	
2	0	0	0	0	473	518	0	
3	0	0	0	0	475	522	0	
4	0	0	0	0	478	521	0	
5	0	0	0	0	486	524	0	
6	0	0	0	0	491	523	0	
7	0	0	0	0	492	524	0	
8	0	0	0	0	492	519	0	
9	0	0	0	0	494	513	0	
10	0	0	0	0	500	511	0	
11	0	0	0	0	512	509	0	
12	0	0	0	0	524	508	0	
13	0	0	0	0	529	509	0	
14	0	0	0	0	531	502	0	
15	0	0	0	0	534	494	0	
0	0	0	0	0	537	487	0	
1	0	0	0	0	539	486	0	
2	0	0	0	0	539	489	0	
3	0	0	0	0	536	491	0	
4	0	0	0	0	536	493	0	
5	0	0	0	0	537	494	0	
6	0	0	0	0	534	498	0	
7	0	0	0	0	529	503	0	
8	0	0	0	0	521	502	0	
9	0	0	0	0	515	502	0	
10	0	0	0	0	511	503	0	
11	0	0	0	0	511	506	0	
12	0	0	0	0	514	508	0	
13	0	0	0	0	521	515	0	
14	0	0	0	0	525	523	0	
15	0	0	0	0	529	529	0	
0	0	0	0	0	536	534	0	
1	0	0	0	0	536	536	0	
2	0	0	0	0	539	542	0	
3	0	0	0	0	538	549	1	
4	0	0	0	0	538	562	1	
5	0	0	0	0	535	569	1	
6	0	0	0	0	529	563	1	
7	0	0	0	0	521	556	1	
8	0	0	0	0	517	549	0	
9	0	0	0	0	524	547	1	
10	0	0	0	0	537	541	1	
11	0	0	0	0	547	532	0	
12	0	0	0	0	551	526	0	
13	0	0	0	0	555	521	0	
14	0	0	0	0	553	521	1	
15	0	0	0	0	550	526	0	
0	0	0	0	0	548	537	0	
1	0	0	0	0	549	550	0	
2	0	0	0	0	550	560	1	
3	0	0	0	0	549	563	0	
4	0	0	0	0	546	564	0	
5	0	0	0	0	540	570	1	
6	0	0	0	0	534	576	0	
7	0	0	0	0	528	577	1	
8	0	0	0	0	524	575	1	
9	0	0	0	0	520	576	0	
10	0	0	0	0	517	575	1	
11	0	0	0	0	514	570	1	
12	0	0	0	0	510	561	1	
13	0	0	0	0	508	554	1	
14	0	0	0	0	511	551	1	
15	0	0	0	0	512	550	0	
0	0	0	0	0	515	551	0	
1	0	0	0	0	522	545	1	
2	0	0	0	0	529	535	1	
3	0	0	0	0	536	529	0	
4	0	0	0	0	537	526	1	
5	0	0	0	0	532	525	0	
6	0	0	0	0	526	524	0	
7	0	0	0	0	525	526	0	
8	0	0	0	0	530	530	0	
9	0	0	0	0	533	529	0	
10	0	0	0	0	535	525	0	
11	0	0	0	0	536	523	0	
12	0	0	0	0	536	525	0	
13	0	0	0	0	539	533	0	
14	0	0	0	0	540	543	0	
15	0	0	0	0	537	553	0	
0	0	0	0	0	540	565	1	
1	0	0	0	0	541	573	1	
2	0	0	0	0	542	577	1	
3	0	0	0	0	538	575	1	
4	0	0	0	0	533	569	0	
5	0	0	0	0	531	558	1	
6	0	0	0	0	534	547	0	
7	0	0	0	0	540	543	0	
8	0	0	0	0	550	541	0	
9	0	0	0	0	552	532	0	
10	0	0	0	0	555	523	0	
11	0	0	0	0	555	518	0	
12	0	0	0	0	553	515	0	
13	0	0	0	0	545	510	0	
14	0	0	0	0	541	504	0	
15	0	0	0	0	538	504	0	
0	0	0	0	0	533	505	0	
1	0	0	0	0	528	508	0	
2	0	0	0	0	524	512	0	
3	0	0	0	0	520	515	0	
4	0	0	0	0	515	524	0	
5	0	0	0	0	518	534	0	
6	0	0	0	0	516	535	0	
7	0	0	0	0	517	530	0	
8	0	0	0	0	520	524	0	
9	0	0	0	0	532	527	0	
10	0	0	0	0	541	528	1	
11	0	0	0	0	546	529	0	
12	0	0	0	0	552	533	0	
13	0	0	0	0	559	534	0	
14	0	0	0	0	564	533	0	
15	0	0	0	0	567	533	0	
0	0	0	0	0	568	531	0	
1	0	0	0	0	566	535	0	
2	0	0	0	0	564	536	0	
3	0	0	0	0	564	536	0	
4	0	0	0	0	568	534	0	
5	0	0	0	0	569	529	0	
6	0	0	0	0	568	523	0	
7	0	0	0	0	561	518	0	
8	0	0	0	0	553	518	0	
9	0	0	0	0	546	519	0	
10	0	0	0	0	545	524	0	
11	0	0	0	0	540	526	0	
12	0	0	0	0	533	524	0	
13	0	0	0	0	533	523	0	
14	0	0	0	0	536	519	0	
15	0	0	0	0	537	514	0	
0	0	0	0	0	539	510	0	
1	0	0	0	0	536	505	0	
2	0	0	0	0	534	505	0	
3	0	0	0	0	527	503	0	
4	0	0	0	0	519	500	0	
5	0	0	0	0	510	499	0	
6	0	0	0	0	498	500	0	
7	0	0	0	0	489	514	0	
8	0	0	0	0	484	534	0	
9	0	0	0	0	486	540	0	
10	0	0	0	0	491	528	0	
11	0	0	0	0	496	525	0	
12	0	0	0	0	500	527	0	
13	0	0	0	0	505	527	0	
14	0	0	0	0	507	528	0	
15	0	0	0	0	504	532	0	
0	0	0	0	0	495	530	0	
1	0	0	0	0	492	527	0	
2	0	0	0	0	492	526	0	
3	0	0	0	0	496	527	0	
4	0	0	0	0	496	524	0	
5	0	0	0	0	489	514	0	
6	0	0	0	0	482	506	0	
7	0	0	0	0	474	501	0	
8	0	0	0	0	472	498	0	
9	0	0	0	0	472	497	0	
10	0	0	0	0	474	494	0	
11	0	0	0	0	482	492	0	
12	0	0	0	0	492	484	0	
13	0	0	0	0	507	478	0	
14	0	0	0	0	523	477	0	
15	0	0	0	0	537	480	0	
0	0	0	0	0	548	489	0	
1	0	0	0	0	559	494	0	
2	0	0	0	0	566	496	0	
3	0	0	0	0	569	500	0	
4	0	0	0	0	567	508	0	
5	0	0	0	0	563	520	0	
6	0	0	0	0	560	531	0	
7	0	0	0	0	557	539	0	
8	0	0	0	0	550	538	0	
9	0	0	0	0	544	531	0	
10	0	0	0	0	542	525	0	
11	0	0	0	0	539	521	0	
12	0	0	0	0	534	515	0	
13	0	0	0	0	527	509	0	
14	0	0	0	0	517	502	0	
15	0	0	0	0	509	501	0	
0	0	0	0	0	505	505	0	
1	0	0	0	0	507	505	0	
2	0	0	0	0	503	504	0	
3	0	0	0	0	500	504	0	
4	0	0	0	0	498	499	0	
5	0	0	0	0	495	495	0	
6	0	0	0	0	491	497	0	
7	0	0	0	0	492	496	0	
8	0	0	0	0	495	496	0	
9	0	0	0	0	496	490	0	
10	0	0	0	0	499	490	0	
11	0	0	0	0	501	489	0	
12	0	0	0	0	505	487	0	
13	0	0	0	0	508	487	0	
14	0	0	0	0	513	491	0	
15	0	0	0	0	518	499	1	
0	0	0	0	0	525	507	0	
1	0	0	0	0	534	509	0	
2	0	0	0	0	540	500	0	
3	0	0	0	0	548	497	0	
4	0	0	0	0	550	500	0	
5	0	0	0	0	548	503	0	
6	0	0	0	0	543	503	0	
7	0	0	0	0	536	508	0	
8	0	0	0	0	532	516	1	
9	0	0	0	0	535	522	0	
10	0	0	0	0	540	523	0	
11	0	0	0	0	544	524	0	
12	0	0	0	0	542	524	0	
13	0	0	0	0	541	516	0	
14	0	0	0	0	542	501	0	
15	0	0	0	0	546	491	0	
0	0	0	0	0	556	486	0	
1	0	0	0	0	568	485	0	
2	0	0	0	0	585	489	0	
3	0	0	0	0	606	493	0	
4	0	0	0	0	616	494	0	
5	0	0	0	0	618	497	0	
6	0	0	0	0	610	495	0	
7	0	0	0	0	601	494	0	
8	0	0	0	0	591	488	0	
9	0	0	0	0	583	488	0	
10	0	0	0	0	574	494	0	
11	0	0	0	0	566	499	0	
12	0	0	0	0	558	504	0	
13	0	0	0	0	549	507	0	
14	0	0	0	0	542	509	0	
15	0	0	0	0	538	512	0	
0	0	0	0	0	529	512	0	
1	0	0	0	0	518	515	0	
2	0	0	0	0	508	519	0	
3	0	0	0	0	500	523	0	
4	0	0	0	0	493	522	0	
5	0	0	0	0	485	517	0	
6	0	0	0	0	480	512	0	
7	0	0	0	0	478	510	0	
8	0	0	0	0	484	511	0	
9	0	0	0	0	492	519	0	
10	0	0	0	0	497	526	0	
11	0	0	0	0	496	533	0	
12	0	0	0	0	495	533	0	
13	0	0	0	0	499	529	0	
14	0	0	0	0	505	527	0	
15	0	0	0	0	508	525	0	
0	0	0	0	0	509	516	0	
1	0	0	0	0	511	511	0	
2	0	0	0	0	511	509	0	
3	0	0	0	0	512	509	0	
4	0	0	0	0	512	507	0	
5	0	0	0	0	511	506	0	
6	0	0	0	0	510	508	0	
7	0	0	0	0	508	514	0	
8	0	0	0	0	508	520	0	
9	0	0	0	0	508	529	0	
10	0	0	0	0	511	536	0	
11	0	0	0	0	517	538	0	
12	0	0	0	0	520	540	0	
13	0	0	0	0	523	538	0	
14	0	0	0	0	529	539	0	
15	0	0	0	0	531	536	0	
0	0	0	0	0	534	530	0	
1	0	0	0	0	536	527	0	
2	0	0	0	0	540	521	0	
3	0	0	0	0	542	517	0	
4	0	0	0	0	549	515	0	
5	0	0	0	0	555	516	1	
6	0	0	0	0	556	519	0	
7	0	0	0	0	547	522	0	
8	0	0	0	0	537	526	0	
9	0	0	0	0	523	528	0	
10	0	0	0	0	510	530	0	
11	0	0	0	0	503	531	0	
12	0	0	0	0	503	530	0	
13	0	0	0	0	499	531	0	
14	0	0	0	0	500	536	0	
15	0	0	0	0	504	545	1	
0	0	0	0	0	507	552	1	
1	0	0	0	0	511	557	1	
2	0	0	0	0	515	549	0	
3	0	0	0	0	519	539	0	
4	0	0	0	0	517	527	1	
5	0	0	0	0	516	521	0	
6	0	0	0	0	521	518	0	
7	0	0	0	0	524	513	0	
8	0	0	0	0	530	509	0	
9	0	0	0	0	537	505	0	
10	0	0	0	0	539	502	0	
11	0	0	0	0	537	504	0	
12	0	0	0	0	537	505	0	
13	0	0	0	0	536	513	0	
14	0	0	0	0	530	519	0	
15	0	0	0	0	523	521	0	
0	0	0	0	0	518	522	0	
1	0	0	0	0	514	523	0	
2	0	0	0	0	516	525	0	
3	0	0	0	0	522	534	1	
4	0	0	0	0	529	549	1	
5	0	0	0	0	539	563	1	
6	0	0	0	0	550	566	0	
7	0	0	0	0	567	560	1	
8	0	0	0	0	577	556	0	
9	0	0	0	0	576	550	0	
10	0	0	0	0	573	548	1	
11	0	0	0	0	564	550	0	
12	0	0	0	0	556	558	1	
13	0	0	0	0	545	568	1	
14	0	0	0	0	540	579	1	
15	0	0	0	0	540	577	1	
0	0	0	0	0	533	571	0	
1	0	0	0	0	528	566	1	
2	0	0	0	0	523	560	1	
3	0	0	0	0	522	553	0	
4	0	0	0	0	516	547	1	
5	0	0	0	0	516	544	0	
6	0	0	0	0	523	548	0	
7	0	0	0	0	526	545	0	
8	0	0	0	0	527	537	0	
9	0	0	0	0	526	527	0	
10	0	0	0	0	524	511	0	
11	0	0	0	0	525	499	0	
12	0	0	0	0	534	494	1	
13	0	0	0	0	544	488	0	
14	0	0	0	0	551	489	0	
15	0	0	0	0	559	494	0	
0	0	0	0	0	561	496	0	
1	0	0	0	0	558	498	0	
2	0	0	0	0	552	500	0	
3	0	0	0	0	544	501	0	
4	0	0	0	0	535	497	0	
5	0	0	0	0	527	494	0	
6	0	0	0	0	519	492	0	
7	0	0	0	0	512	496	0	
8	0	0	0	0	508	499	0	
9	0	0	0	0	506	502	0	
10	0	0	0	0	507	510	1	
11	0	0	0	0	512	520	0	
12	0	0	0	0	522	527	0	
13	0	0	0	0	533	519	0	
14	0	0	0	0	540	512	0	
15	0	0	0	0	552	511	0	
0	0	0	0	0	561	509	1	
1	0	0	0	0	571	506	0	
2	0	0	0	0	581	502	0	
3	0	0	0	0	587	499	0	
4	0	0	0	0	592	500	0	
5	0	0	0	0	594	506	0	
6	0	0	0	0	596	518	0	
7	0	0	0	0	595	519	0	
8	0	0	0	0	590	512	0	
9	0	0	0	0	584	509	0	
10	0	0	0	0	577	510	0	
11	0	0	0	0	568	510	0	
12	0	0	0	0	556	503	0	
13	0	0	0	0	546	493	0	
14	0	0	0	0	543	487	0	
15	0	0	0	0	538	486	0	
0	0	0	0	0	531	493	0	
1	0	0	0	0	521	499	0	
2	0	0	0	0	510	493	0	
3	0	0	0	0	502	487	0	
4	0	0	0	0	494	489	0	
5	0	0	0	0	495	490	0	
6	0	0	0	0	503	489	0	
7	0	0	0	0	511	489	0	
8	0	0	0	0	518	492	0	
9	0	0	0	0	519	491	1	
10	0	0	0	0	520	493	0	
11	0	0	0	0	522	495	0	
12	0	0	0	0	524	495	0	
13	0	0	0	0	527	497	0	
14	0	0	0	0	526	496	0	
15	0	0	0	0	521	496	0	
0	0	0	0	0	513	499	0	
1	0	0	0	0	506	502	0	
2	0	0	0	0	503	505	0	
3	0	0	0	0	500	506	0	
4	0	0	0	0	502	514	0	
5	0	0	0	0	506	518	0	
6	0	0	0	0	511	514	0	
7	0	0	0	0	514	510	0	
8	0	0	0	0	521	509	0	
9	0	0	0	0	530	505	0	
10	0	0	0	0	537	499	0	
11	0	0	0	0	541	495	0	
12	0	0	0	0	540	489	0	
13	0	0	0	0	540	489	0	
14	0	0	0	0	541	492	0	
15	0	0	0	0	543	489	0	
0	0	0	0	0	543	486	0	
1	0	0	0	0	540	480	0	
2	0	0	0	0	529	477	0	
3	0	0	0	0	518	473	0	
4	0	0	0	0	508	467	0	
5	0	0	0	0	500	462	0	
6	0	0	0	0	498	465	0	
7	0	0	0	0	496	467	0	
8	0	0	0	0	500	470	0	
9	0	0	0	0	503	476	0	
10	0	0	0	0	504	479	0	
11	0	0	0	0	510	485	0	
12	0	0	0	0	514	493	0	
13	0	0	0	0	517	506	0	
14	0	0	0	0	517	519	0	
15	0	0	0	0	520	534	0	
0	0	0	0	0	529	547	0	
1	0	0	0	0	533	558	1	
2	0	0	0	0	532	557	0	
3	0	0	0	0	533	551	1	
4	0	0	0	0	534	542	0	
5	0	0	0	0	533	535	0	
6	0	0	0	0	526	528	1	
7	0	0	0	0	519	523	0	
8	0	0	0	0	515	520	0	
9	0	0	0	0	515	520	0	
10	0	0	0	0	519	521	0	
11	0	0	0	0	523	524	0	
12	0	0	0	0	530	527	0	
13	0	0	0	0	537	533	0	
14	0	0	0	0	542	537	0	
15	0	0	0	0	540	535	0	
0	0	0	0	0	536	529	0	
1	0	0	0	0	531	523	0	
2	0	0	0	0	522	515	0	
3	0	0	0	0	516	507	0	
4	0	0	0	0	510	508	0	
5	0	0	0	0	503	512	1	
6	0	0	0	0	496	513	0	
7	0	0	0	0	490	507	0	
8	0	0	0	0	487	497	0	
9	0	0	0	0	480	487	0	
10	0	0	0	0	479	481	0	
11	0	0	0	0	481	483	0	
12	0	0	0	0	481	489	0	
13	0	0	0	0	480	491	0	
14	0	0	0	0	484	491	0	
15	0	0	0	0	492	491	1	
0	0	0	0	0	503	491	0	
1	0	0	0	0	516	492	0	
2	0	0	0	0	529	492	0	
3	0	0	0	0	535	492	0	
4	0	0	0	0	534	494	0	
5	0	0	0	0	527	495	0	
6	0	0	0	0	519	499	0	
7	0	0	0	0	513	512	0	
8	0	0	0	0	509	523	0	
9	0	0	0	0	507	526	0	
10	0	0	0	0	505	519	0	
11	0	0	0	0	507	509	0	
12	0	0	0	0	502	504	0	
13	0	0	0	0	497	499	0	
14	0	0	0	0	492	494	0	
15	0	0	0	0	489	490	0	
0	0	0	0	0	491	485	0	
1	0	0	0	0	495	479	0	
2	0	0	0	0	502	474	0	
3	0	0	0	0	500	471	0	
4	0	0	0	0	489	475	0	
5	0	0	0	0	476	486	0	
6	0	0	0	0	465	490	0	
7	0	0	0	0	463	491	0	
8	0	0	0	0	463	492	0	
9	0	0	0	0	463	492	0	
10	0	0	0	0	467	487	0	
11	0	0	0	0	466	477	0	
12	0	0	0	0	469	471	0	
13	0	0	0	0	477	468	0	
14	0	0	0	0	487	466	0	
15	0	0	0	0	493	464	0	
0	0	0	0	0	496	464	0	
1	0	0	0	0	500	468	0	
2	0	0	0	0	503	476	0	
3	0	0	0	0	507	484	0	
4	0	0	0	0	511	496	0	
5	0	0	0	0	511	506	0	
6	0	0	0	0	509	515	0	
7	0	0	0	0	502	523	0	
8	0	0	0	0	495	521	0	
9	0	0	0	0	486	517	0	
10	0	0	0	0	478	512	0	
11	0	0	0	0	472	509	0	
12	0	0	0	0	469	506	0	
13	0	0	0	0	472	504	0	
14	0	0	0	0	480	504	0	
15	0	0	0	0	486	502	0	
0	0	0	0	0	492	505	0	
1	0	0	0	0	496	508	0	
2	0	0	0	0	500	509	0	
3	0	0	0	0	502	515	0	
4	0	0	0	0	503	508	0	
5	0	0	0	0	500	496	0	
6	0	0	0	0	491	491	0	
7	0	0	0	0	485	487	0	
8	0	0	0	0	486	488	0	
9	0	0	0	0	493	493	0	
10	0	0	0	0	500	498	0	
11	0	0	0	0	508	500	0	
12	0	0	0	0	512	506	0	
13	0	0	0	0	515	510	0	
14	0	0	0	0	515	512	0	
15	0	0	0	0	511	512	0	
0	0	0	0	0	504	517	0	
1	0	0	0	0	499	521	0	
2	0	0	0	0	497	524	0	
3	0	0	0	0	497	526	0	
4	0	0	0	0	500	527	0	
5	0	0	0	0	503	530	0	
6	0	0	0	0	504	540	0	
7	0	0	0	0	506	555	1	
8	0	0	0	0	510	564	0	
9	0	0	0	0	516	560	1	
10	0	0	0	0	520	552	1	
11	0	0	0	0	525	547	1	
12	0	0	0	0	530	541	1	
13	0	0	0	0	531	534	0	
14	0	0	0	0	527	529	0	
15	0	0	0	0	521	524	0	
0	0	0	0	0	517	520	0	
1	0	0	0	0	512	514	0	
2	0	0	0	0	501	507	0	
3	0	0	0	0	489	508	0	
4	0	0	0	0	484	523	0	
5	0	0	0	0	480	534	0	
6	0	0	0	0	480	529	0	
7	0	0	0	0	479	519	0	
8	0	0	0	0	486	511	0	
9	0	0	0	0	492	510	0	
10	0	0	0	0	495	506	0	
11	0	0	0	0	496	506	0	
12	0	0	0	0	496	507	0	
13	0	0	0	0	494	502	0	
14	0	0	0	0	494	502	0	
15	0	0	0	0	493	506	0	
0	0	0	0	0	492	512	0	
1	0	0	0	0	487	521	0	
2	0	0	0	0	485	526	0	
3	0	0	0	0	487	529	0	
4	0	0	0	0	496	532	0	
5	0	0	0	0	505	531	1	
6	0	0	0	0	511	528	0	
7	0	0	0	0	519	523	0	
8	0	0	0	0	521	519	0	
9	0	0	0	0	519	515	0	
10	0	0	0	0	511	511	0	
11	0	0	0	0	499	511	0	
12	0	0	0	0	486	508	0	
13	0	0	0	0	480	510	0	
14	0	0	0	0	477	511	0	
15	0	0	0	0	478	511	0	
0	0	0	0	0	480	509	0	
1	0	0	0	0	477	503	0	
2	0	0	0	0	477	501	0	
3	0	0	0	0	480	505	0	
4	0	0	0	0	488	510	0	
5	0	0	0	0	492	515	0	
6	0	0	0	0	486	520	0	
7	0	0	0	0	481	519	0	
8	0	0	0	0	481	514	0	
9	0	0	0	0	483	507	0	
10	0	0	0	0	491	507	0	
11	0	0	0	0	501	510	0	
12	0	0	0	0	507	515	1	
13	0	0	0	0	516	527	0	
14	0	0	0	0	528	537	0	
15	0	0	0	0	537	539	0	
0	0	0	0	0	540	524	0	
1	0	0	0	0	541	506	0	
2	0	0	0	0	542	500	0	
3	0	0	0	0	540	505	0	
4	0	0	0	0	539	506	0	
5	0	0	0	0	536	503	0	
6	0	0	0	0	532	501	0	
7	0	0	0	0	523	500	0	
8	0	0	0	0	512	500	0	
9	0	0	0	0	500	498	0	
10	0	0	0	0	494	496	0	
11	0	0	0	0	492	498	0	
12	0	0	0	0	492	499	0	
13	0	0	0	0	490	496	0	
14	0	0	0	0	490	496	0	
15	0	0	0	0	489	500	0	
0	0	0	0	0	488	505	0	
1	0	0	0	0	491	508	0	
2	0	0	0	0	488	508	0	
3	0	0	0	0	484	508	0	
4	0	0	0	0	481	512	0	
5	0	0	0	0	476	517	0	
6	0	0	0	0	475	526	0	
7	0	0	0	0	474	534	0	
8	0	0	0	0	476	537	0	
9	0	0	0	0	475	540	0	
10	0	0	0	0	477	536	0	
11	0	0	0	0	484	528	0	
12	0	0	0	0	490	519	0	
13	0	0	0	0	493	509	0	
14	0	0	0	0	499	499	0	
15	0	0	0	0	504	494	0	
0	0	0	0	0	506	487	0	
1	0	0	0	0	505	483	0	
2	0	0	0	0	499	481	0	
3	0	0	0	0	494	484	0	
4	0	0	0	0	486	486	0	
5	0	0	0	0	479	484	0	
6	0	0	0	0	478	480	0	
7	0	0	0	0	474	475	0	
8	0	0	0	0	470	473	0	
9	0	0	0	0	468	474	0	
10	0	0	0	0	470	480	0	
11	0	0	0	0	470	492	0	
12	0	0	0	0	467	502	0	
13	0	0	0	0	470	510	0	
14	0	0	0	0	470	512	0	
15	0	0	0	0	476	501	0	
0	0	0	0	0	477	492	0	
1	0	0	0	0	478	486	0	
2	0	0	0	0	484	485	0	
3	0	0	0	0	486	483	1	
4	0	0	0	0	486	484	0	
5	0	0	0	0	484	484	0	
6	0	0	0	0	477	483	0	
7	0	0	0	0	473	480	0	
8	0	0	0	0	473	477	0	
9	0	0	0	0	475	478	0	
10	0	0	0	0	478	483	0	
11	0	0	0	0	476	487	0	
12	0	0	0	0	477	497	0	
13	0	0	0	0	476	504	0	
14	0	0	0	0	476	513	0	
15	0	0	0	0	478	511	0	
0	0	0	0	0	479	503	0	
1	0	0	0	0	482	494	0	
2	0	0	0	0	487	485	1	
3	0	0	0	0	493	477	0	
4	0	0	0	0	500	472	0	
5	0	0	0	0	505	469	0	
6	0	0	0	0	508	466	0	
7	0	0	0	0	503	465	0	
8	0	0	0	0	496	468	0	
9	0	0	0	0	488	470	0	
10	0	0	0	0	483	470	0	
11	0	0	0	0	480	472	0	
12	0	0	0	0	476	474	0	
13	0	0	0	0	476	480	0	
14	0	0	0	0	479	484	0	
15	0	0	0	0	483	490	0	
0	0	0	0	0	489	493	0	
1	0	0	0	0	492	493	1	
2	0	0	0	0	494	490	0	
3	0	0	0	0	498	486	0	
4	0	0	0	0	501	485	0	
5	0	0	0	0	504	481	0	
6	0	0	0	0	505	479	0	
7	0	0	0	0	505	477	0	
8	0	0	0	0	502	478	0	
9	0	0	0	0	496	477	0	
10	0	0	0	0	492	476	0	
11	0	0	0	0	487	473	0	
12	0	0	0	0	483	467	0	
13	0	0	0	0	480	464	0	
14	0	0	0	0	478	460	0	
15	0	0	0	0	480	465	0	
0	0	0	0	0	483	473	0	
1	0	0	0	0	486	478	0	
2	0	0	0	0	484	477	0	
3	0	0	0	0	486	474	0	
4	0	0	0	0	484	476	0	
5	0	0	0	0	484	480	1	
6	0	0	0	0	483	487	0	
7	0	0	0	0	480	499	0	
8	0	0	0	0	479	516	0	
9	0	0	0	0	481	530	1	
10	0	0	0	0	489	528	1	
11	0	0	0	0	501	518	0	
12	0	0	0	0	509	508	0	
13	0	0	0	0	501	498	0	
14	0	0	0	0	490	492	0	
15	0	0	0	0	480	493	0	
0	0	0	0	0	475	497	0	
1	0	0	0	0	479	496	0	
2	0	0	0	0	479	497	0	
3	0	0	0	0	480	494	0	
4	0	0	0	0	479	494	0	
5	0	0	0	0	481	494	0	
6	0	0	0	0	480	495	0	
7	0	0	0	0	479	497	0	
8	0	0	0	0	478	504	0	
9	0	0	0	0	475	510	0	
10	0	0	0	0	472	516	0	
11	0	0	0	0	470	524	0	
12	0	0	0	0	467	520	0	
13	0	0	0	0	470	511	0	
14	0	0	0	0	474	504	0	
15	0	0	0	0	480	495	0	
0	0	0	0	0	482	489	0	
1	0	0	0	0	484	483	0	
2	0	0	0	0	489	482	0	
3	0	0	0	0	493	486	0	
4	0	0	0	0	494	481	0	
5	0	0	0	0	502	477	0	
6	0	0	0	0	508	473	0	
7	0	0	0	0	512	475	0	
8	0	0	0	0	512	475	0	
9	0	0	0	0	508	477	0	
10	0	0	0	0	500	473	0	
11	0	0	0	0	493	465	0	
12	0	0	0	0	491	461	0	
13	0	0	0	0	492	456	0	
14	0	0	0	0	497	461	0	
15	0	0	0	0	502	463	0	
0	0	0	0	0	500	468	0	
1	0	0	0	0	494	478	0	
2	0	0	0	0	487	490	0	
3	0	0	0	0	487	498	0	
4	0	0	0	0	487	496	0	
5	0	0	0	0	488	490	0	
6	0	0	0	0	489	486	0	
7	0	0	0	0	489	483	0	
8	0	0	0	0	490	482	0	
9	0	0	0	0	491	482	0	
10	0	0	0	0	496	483	0	
11	0	0	0	0	496	480	0	
12	0	0	0	0	495	475	0	
13	0	0	0	0	492	461	0	
14	0	0	0	0	483	445	0	
15	0	0	0	0	478	437	0	
0	0	0	0	0	473	435	0	
1	0	0	0	0	475	436	0	
2	0	0	0	0	476	440	0	
3	0	0	0	0	479	443	0	
4	0	0	0	0	472	445	0	
5	0	0	0	0	464	443	0	
6	0	0	0	0	464	435	0	
7	0	0	0	0	468	434	0	
8	0	0	0	0	476	435	0	
9	0	0	0	0	478	435	0	
10	0	0	0	0	479	436	0	
11	0	0	0	0	479	440	0	
12	0	0	0	0	480	448	0	
13	0	0	0	0	480	457	0	
14	0	0	0	0	480	467	0	
15	0	0	0	0	479	473	0	
0	0	0	0	0	480	482	0	
1	0	0	0	0	484	495	0	
2	0	0	0	0	488	508	0	
3	0	0	0	0	489	515	0	
4	0	0	0	0	488	524	0	
5	0	0	0	0	493	533	0	
6	0	0	0	0	504	538	0	
7	0	0	0	0	518	539	1	
8	0	0	0	0	530	536	0	
9	0	0	0	0	535	529	0	
10	0	0	0	0	533	521	0	
11	0	0	0	0	527	516	0	
12	0	0	0	0	515	518	0	
13	0	0	0	0	499	523	0	
14	0	0	0	0	483	525	0	
15	0	0	0	0	471	525	1	
0	0	0	0	0	461	522	0	
1	0	0	0	0	455	521	0	
2	0	0	0	0	450	521	0	
3	0	0	0	0	445	525	0	
4	0	0	0	0	441	524	0	
5	0	0	0	0	444	519	0	
6	0	0	0	0	445	512	0	
7	0	0	0	0	444	507	0	
8	0	0	0	0	447	514	0	
9	0	0	0	0	451	524	1	
10	0	0	0	0	455	539	0	
11	0	0	0	0	455	540	0	
12	0	0	0	0	454	539	0	
13	0	0	0	0	455	536	1	
14	0	0	0	0	458	534	0	
15	0	0	0	0	462	536	0	
0	0	0	0	0	465	539	1	
1	0	0	0	0	465	543	1	
2	0	0	0	0	466	544	0	
3	0	0	0	0	467	544	1	
4	0	0	0	0	466	544	0	
5	0	0	0	0	473	543	1	
6	0	0	0	0	482	540	0	
7	0	0	0	0	494	537	0	
8	0	0	0	0	500	536	0	
9	0	0	0	0	500	537	0	
10	0	0	0	0	492	533	0	
11	0	0	0	0	480	523	0	
12	0	0	0	0	471	514	0	
13	0	0	0	0	461	510	0	
14	0	0	0	0	456	504	0	
15	0	0	0	0	456	504	0	
0	0	0	0	0	458	505	0	
1	0	0	0	0	462	514	0	
2	0	0	0	0	464	527	0	
3	0	0	0	0	465	537	0	
4	0	0	0	0	464	547	0	
5	0	0	0	0	459	551	0	
6	0	0	0	0	457	559	1	
7	0	0	0	0	457	563	1	
8	0	0	0	0	455	561	0	
9	0	0	0	0	456	556	1	
10	0	0	0	0	462	550	0	
11	0	0	0	0	468	540	0	
12	0	0	0	0	475	537	0	
13	0	0	0	0	473	533	0	
14	0	0	0	0	470	528	0	
15	0	0	0	0	468	516	0	
0	0	0	0	0	469	508	0	
1	0	0	0	0	471	496	0	
2	0	0	0	0	472	496	0	
3	0	0	0	0	477	504	0	
4	0	0	0	0	481	510	0	
5	0	0	0	0	480	514	0	
6	0	0	0	0	483	515	0	
7	0	0	0	0	483	519	0	
8	0	0	0	0	477	519	0	
9	0	0	0	0	472	516	0	
10	0	0	0	0	472	508	0	
11	0	0	0	0	469	501	0	
12	0	0	0	0	468	505	0	
13	0	0	0	0	465	514	0	
14	0	0	0	0	463	515	0	
15	0	0	0	0	468	507	0	
0	0	0	0	0	473	495	0	
1	0	0	0	0	479	483	0	
2	0	0	0	0	485	472	0	
3	0	0	0	0	492	463	0	
4	0	0	0	0	492	452	0	
5	0	0	0	0	497	449	0	
6	0	0	0	0	503	452	0	
7	0	0	0	0	505	461	0	
8	0	0	0	0	502	470	0	
9	0	0	0	0	497	486	0	
10	0	0	0	0	497	499	0	
11	0	0	0	0	499	499	0	
12	0	0	0	0	501	490	0	
13	0	0	0	0	503	480	0	
14	0	0	0	0	505	474	0	
15	0	0	0	0	504	468	0	
0	0	0	0	0	503	471	0	
1	0	0	0	0	497	479	0	
2	0	0	0	0	493	483	0	
3	0	0	0	0	490	491	0	
4	0	0	0	0	494	500	0	
5	0	0	0	0	499	508	0	
6	0	0	0	0	508	510	0	
7	0	0	0	0	515	506	0	
8	0	0	0	0	519	503	0	
9	0	0	0	0	514	502	0	
10	0	0	0	0	504	505	0	
11	0	0	0	0	495	510	0	
12	0	0	0	0	486	516	0	
13	0	0	0	0	473	513	0	
14	0	0	0	0	464	508	0	
15	0	0	0	0	463	507	0	
0	0	0	0	0	467	511	0	
1	0	0	0	0	472	514	0	
2	0	0	0	0	478	517	0	
3	0	0	0	0	480	524	0	
4	0	0	0	0	478	528	0	
5	0	0	0	0	476	532	0	
6	0	0	0	0	473	536	0	
7	0	0	0	0	476	537	0	
8	0	0	0	0	480	535	0	
9	0	0	0	0	487	531	0	
10	0	0	0	0	495	531	0	
11	0	0	0	0	501	533	0	
12	0	0	0	0	507	538	1	
13	0	0	0	0	508	544	1	
14	0	0	0	0	507	544	0	
15	0	0	0	0	509	540	0	
0	0	0	0	0	512	540	0	
1	0	0	0	0	511	539	1	
2	0	0	0	0	506	537	0	
3	0	0	0	0	502	543	0	
4	0	0	0	0	503	545	0	
5	0	0	0	0	506	533	0	
6	0	0	0	0	510	527	0	
7	0	0	0	0	518	520	0	
8	0	0	0	0	524	515	0	
9	0	0	0	0	528	510	0	
10	0	0	0	0	528	508	0	
11	0	0	0	0	529	508	0	
12	0	0	0	0	527	505	0	
13	0	0	0	0	526	499	0	
14	0	0	0	0	527	492	0	
15	0	0	0	0	521	487	0	
0	0	0	0	0	519	486	0	
1	0	0	0	0	516	484	0	
2	0	0	0	0	519	484	0	
3	0	0	0	0	522	485	0	
4	0	0	0	0	529	487	0	
5	0	0	0	0	535	484	0	
6	0	0	0	0	542	482	0	
7	0	0	0	0	550	481	0	
8	0	0	0	0	554	482	0	
9	0	0	0	0	547	481	0	
10	0	0	0	0	538	488	0	
11	0	0	0	0	527	492	0	
12	0	0	0	0	520	492	0	
13	0	0	0	0	518	495	0	
14	0	0	0	0	514	494	0	
15	0	0	0	0	507	496	0	
0	0	0	0	0	494	493	0	
1	0	0	0	0	480	488	0	
2	0	0	0	0	472	488	0	
3	0	0	0	0	464	488	0	
4	0	0	0	0	460	500	0	
5	0	0	0	0	453	508	0	
6	0	0	0	0	450	512	0	
7	0	0	0	0	450	513	0	
8	0	0	0	0	451	514	0	
9	0	0	0	0	454	513	0	
10	0	0	0	0	455	511	0	
11	0	0	0	0	460	507	0	
12	0	0	0	0	468	506	0	
13	0	0	0	0	476	507	0	
14	0	0	0	0	477	509	0	
15	0	0	0	0	474	515	0	
0	0	0	0	0	477	523	0	
1	0	0	0	0	477	531	0	
2	0	0	0	0	475	537	0	
3	0	0	0	0	475	540	1	
4	0	0	0	0	479	539	0	
5	0	0	0	0	480	543	0	
6	0	0	0	0	481	556	1	
7	0	0	0	0	484	572	0	
8	0	0	0	0	484	580	1	
9	0	0	0	0	491	573	1	
10	0	0	0	0	495	558	0	
11	0	0	0	0	499	543	0	
12	0	0	0	0	506	532	0	
13	0	0	0	0	518	525	0	
14	0	0	0	0	524	520	0	
15	0	0	0	0	528	520	0	
0	0	0	0	0	533	525	0	
1	0	0	0	0	539	516	0	
2	0	0	0	0	541	508	0	
3	0	0	0	0	542	502	0	
4	0	0	0	0	543	497	0	
5	0	0	0	0	545	494	0	
6	0	0	0	0	542	490	0	
7	0	0	0	0	541	488	0	
8	0	0	0	0	538	489	1	
9	0	0	0	0	539	493	0	
10	0	0	0	0	541	493	0	
11	0	0	0	0	542	496	0	
12	0	0	0	0	538	502	0	
13	0	0	0	0	531	508	0	
14	0	0	0	0	529	516	0	
15	0	0	0	0	532	522	0	
0	0	0	0	0	536	524	0	
1	0	0	0	0	540	529	0	
2	0	0	0	0	542	534	0	
3	0	0	0	0	542	537	0	
4	0	0	0	0	540	543	0	
5	0	0	0	0	540	543	0	
6	0	0	0	0	540	542	0	
7	0	0	0	0	537	533	0	
8	0	0	0	0	532	528	0	
9	0	0	0	0	526	530	0	
10	0	0	0	0	515	540	0	
11	0	0	0	0	507	555	1	
12	0	0	0	0	501	567	1	
13	0	0	0	0	496	576	1	
14	0	0	0	0	492	580	1	
15	0	0	0	0	485	572	0	
0	0	0	0	0	487	569	1	
1	0	0	0	0	492	567	1	
2	0	0	0	0	499	566	0	
3	0	0	0	0	505	566	1	
4	0	0	0	0	515	556	0	
5	0	0	0	0	528	551	1	
6	0	0	0	0	539	555	0	
7	0	0	0	0	544	562	1	
8	0	0	0	0	549	569	1	
9	0	0	0	0	551	563	0	
10	0	0	0	0	551	553	0	
11	0	0	0	0	555	545	1	
12	0	0	0	0	560	541	0	
13	0	0	0	0	561	537	0	
14	0	0	0	0	559	535	0	
15	0	0	0	0	560	532	0	
0	0	0	0	0	559	531	1	
1	0	0	0	0	555	529	1	
2	0	0	0	0	547	525	0	
3	0	0	0	0	537	520	0	
4	0	0	0	0	527	517	0	
5	0	0	0	0	523	515	0	
6	0	0	0	0	520	510	0	
7	0	0	0	0	519	504	0	
8	0	0	0	0	512	501	0	
9	0	0	0	0	504	505	0	
10	0	0	0	0	501	512	1	
11	0	0	0	0	502	514	0	
12	0	0	0	0	505	514	0	
13	0	0	0	0	515	511	0	
14	0	0	0	0	520	510	0	
15	0	0	0	0	523	513	0	
0	0	0	0	0	528	518	0	
1	0	0	0	0	533	524	0	
2	0	0	0	0	535	528	0	
3	0	0	0	0	534	531	0	
4	0	0	0	0	530	525	1	
5	0	0	0	0	523	515	0	
6	0	0	0	0	516	508	0	
7	0	0	0	0	509	498	0	
8	0	0	0	0	507	489	0	
9	0	0	0	0	506	484	0	
10	0	0	0	0	506	486	0	
11	0	0	0	0	510	488	0	
12	0	0	0	0	514	489	0	
13	0	0	0	0	514	492	0	
14	0	0	0	0	513	499	0	
15	0	0	0	0	512	504	0	
0	0	0	0	0	507	505	0	
1	0	0	0	0	502	503	0	
2	0	0	0	0	502	503	0	
3	0	0	0	0	505	504	0	
4	0	0	0	0	517	503	0	
5	0	0	0	0	529	502	0	
6	0	0	0	0	536	504	0	
7	0	0	0	0	537	509	0	
8	0	0	0	0	533	513	1	
9	0	0	0	0	526	515	0	
10	0	0	0	0	517	519	0	
11	0	0	0	0	504	523	0	
12	0	0	0	0	495	533	0	
13	0	0	0	0	488	547	1	
14	0	0	0	0	485	567	0	
15	0	0	0	0	484	576	1	
0	0	0	0	0	486	566	0	
1	0	0	0	0	496	545	1	
2	0	0	0	0	509	524	0	
3	0	0	0	0	524	508	0	
4	0	0	0	0	535	497	0	
5	0	0	0	0	538	490	0	
6	0	0	0	0	541	489	0	
7	0	0	0	0	547	488	0	
8	0	0	0	0	553	489	0	
9	0	0	0	0	552	492	0	
10	0	0	0	0	546	492	0	
11	0	0	0	0	546	490	0	
12	0	0	0	0	548	494	0	
13	0	0	0	0	543	496	0	
14	0	0	0	0	534	497	0	
15	0	0	0	0	522	494	0	
0	0	0	0	0	512	491	0	
1	0	0	0	0	505	489	0	
2	0	0	0	0	500	485	0	
3	0	0	0	0	501	486	0	
4	0	0	0	0	501	489	0	
5	0	0	0	0	498	497	0	
6	0	0	0	0	494	507	0	
7	0	0	0	0	491	516	0	
8	0	0	0	0	491	523	0	
9	0	0	0	0	491	533	0	
10	0	0	0	0	493	546	0	
11	0	0	0	0	502	556	1	
12	0	0	0	0	516	563	0	
13	0	0	0	0	532	567	1	
14	0	0	0	0	546	569	0	
15	0	0	0	0	554	570	1	
0	0	0	0	0	560	555	1	
1	0	0	0	0	560	540	0	
2	0	0	0	0	553	528	0	
3	0	0	0	0	546	522	0	
4	0	0	0	0	538	521	0	
5	0	0	0	0	534	524	0	
6	0	0	0	0	532	525	0	
7	0	0	0	0	532	519	0	
8	0	0	0	0	536	513	0	
9	0	0	0	0	540	514	0	
10	0	0	0	0	534	521	0	
11	0	0	0	0	524	531	0	
12	0	0	0	0	513	544	0	
13	0	0	0	0	501	547	0	
14	0	0	0	0	494	543	1	
15	0	0	0	0	489	537	0	
0	0	0	0	0	483	537	0	
1	0	0	0	0	480	540	1	
2	0	0	0	0	479	546	0	
3	0	0	0	0	485	554	1	
4	0	0	0	0	488	556	1	
5	0	0	0	0	497	557	0	
6	0	0	0	0	508	558	0	
7	0	0	0	0	519	553	0	
8	0	0	0	0	530	549	0	
9	0	0	0	0	536	548	1	
10	0	0	0	0	537	545	1	
11	0	0	0	0	532	545	1	
12	0	0	0	0	528	545	0	
13	0	0	0	0	524	544	1	
14	0	0	0	0	518	544	0	
15	0	0	0	0	515	543	0	
0	0	0	0	0	513	546	1	
1	0	0	0	0	510	547	0	
2	0	0	0	0	505	551	0	
3	0	0	0	0	499	556	1	
4	0	0	0	0	497	550	1	
5	0	0	0	0	500	539	0	
6	0	0	0	0	507	529	0	
7	0	0	0	0	510	523	0	
8	0	0	0	0	515	516	0	
9	0	0	0	0	522	514	0	
10	0	0	0	0	531	511	0	
11	0	0	0	0	536	513	0	
12	0	0	0	0	537	516	0	
13	0	0	0	0	539	521	1	
14	0	0	0	0	540	523	0	
15	0	0	0	0	536	524	0	
0	0	0	0	0	532	519	0	
1	0	0	0	0	531	522	0	
2	0	0	0	0	529	524	0	
3	0	0	0	0	530	526	0	
4	0	0	0	0	530	525	0	
5	0	0	0	0	526	524	0	
6	0	0	0	0	519	519	0	
7	0	0	0	0	519	513	0	
8	0	0	0	0	515	509	0	
9	0	0	0	0	507	502	0	
10	0	0	0	0	496	495	0	
11	0	0	0	0	487	490	0	
12	0	0	0	0	480	483	1	
13	0	0	0	0	472	486	0	
14	0	0	0	0	467	502	0	
15	0	0	0	0	466	520	0	
0	0	0	0	0	464	527	0	
1	0	0	0	0	466	531	0	
2	0	0	0	0	470	530	1	
3	0	0	0	0	476	530	0	
4	0	0	0	0	483	529	0	
5	0	0	0	0	487	532	0	
6	0	0	0	0	487	542	1	
7	0	0	0	0	488	546	1	
8	0	0	0	0	486	543	1	
9	0	0	0	0	482	539	0	
10	0	0	0	0	479	539	0	
11	0	0	0	0	471	533	1	
12	0	0	0	0	467	528	1	
13	0	0	0	0	468	524	0	
14	0	0	0	0	469	520	0	
15	0	0	0	0	476	524	0	
0	0	0	0	0	483	524	0	
1	0	0	0	0	486	520	0	
2	0	0	0	0	484	517	0	
3	0	0	0	0	483	510	0	
4	0	0	0	0	485	505	0	
5	0	0	0	0	488	502	0	
6	0	0	0	0	491	505	0	
7	0	0	0	0	489	504	0	
8	0	0	0	0	486	505	0	
9	0	0	0	0	485	508	0	
10	0	0	0	0	483	512	1	
11	0	0	0	0	484	514	0	
12	0	0	0	0	482	513	0	
13	0	0	0	0	482	511	0	
14	0	0	0	0	481	506	0	
15	0	0	0	0	487	501	0	
0	0	0	0	0	492	505	0	
1	0	0	0	0	493	514	0	
2	0	0	0	0	494	522	0	
3	0	0	0	0	495	534	0	
4	0	0	0	0	493	545	1	
5	0	0	0	0	490	550	1	
6	0	0	0	0	491	555	1	
7	0	0	0	0	498	552	0	
8	0	0	0	0	507	547	0	
9	0	0	0	0	518	541	0	
10	0	0	0	0	527	539	1	
11	0	0	0	0	533	537	0	
12	0	0	0	0	530	535	0	
13	0	0	0	0	521	531	0	
14	0	0	0	0	511	529	0	
15	0	0	0	0	499	529	0	
0	0	0	0	0	487	530	0	
1	0	0	0	0	479	534	0	
2	0	0	0	0	479	539	0	
3	0	0	0	0	478	530	0	
4	0	0	0	0	483	513	0	
5	0	0	0	0	492	501	0	
6	0	0	0	0	496	493	0	
7	0	0	0	0	496	488	0	
8	0	0	0	0	494	487	1	
9	0	0	0	0	493	493	0	
10	0	0	0	0	498	497	0	
11	0	0	0	0	502	505	0	
12	0	0	0	0	502	512	0	
13	0	0	0	0	508	509	0	
14	0	0	0	0	519	503	0	
15	0	0	0	0	531	504	0	
0	0	0	0	0	536	503	0	
1	0	0	0	0	538	503	0	
2	0	0	0	0	534	499	0	
3	0	0	0	0	526	492	0	
4	0	0	0	0	521	483	0	
5	0	0	0	0	519	475	0	
6	0	0	0	0	523	471	0	
7	0	0	0	0	524	473	0	
8	0	0	0	0	526	484	0	
9	0	0	0	0	530	496	0	
10	0	0	0	0	538	504	0	
11	0	0	0	0	547	508	0	
12	0	0	0	0	556	513	0	
13	0	0	0	0	565	514	0	
14	0	0	0	0	568	510	0	
15	0	0	0	0	562	506	0	
0	0	0	0	0	554	510	0	
1	0	0	0	0	547	509	0	
2	0	0	0	0	545	510	0	
3	0	0	0	0	547	507	0	
4	0	0	0	0	546	508	0	
5	0	0	0	0	545	512	0	
6	0	0	0	0	547	515	0	
7	0	0	0	0	548	519	0	
8	0	0	0	0	546	526	0	
9	0	0	0	0	542	531	0	
10	0	0	0	0	537	537	0	
11	0	0	0	0	535	542	0	
12	0	0	0	0	531	542	0	
13	0	0	0	0	529	539	0	
14	0	0	0	0	528	534	0	
15	0	0	0	0	533	536	0	
0	0	0	0	0	536	537	0	
1	0	0	0	0	534	534	0	
2	0	0	0	0	532	536	0	
3	0	0	0	0	530	540	0	
4	0	0	0	0	526	552	1	
5	0	0	0	0	524	564	1	
6	0	0	0	0	526	569	0	
7	0	0	0	0	532	566	1	
8	0	0	0	0	539	560	0	
9	0	0	0	0	552	556	1	
10	0	0	0	0	561	551	0	
11	0	0	0	0	568	549	0	
12	0	0	0	0	570	548	0	
13	0	0	0	0	571	551	1	
14	0	0	0	0	566	551	1	
15	0	0	0	0	561	554	1	
0	0	0	0	0	558	557	1	
1	0	0	0	0	555	556	1	
2	0	0	0	0	548	552	1	
3	0	0	0	0	534	542	0	
4	0	0	0	0	521	531	0	
5	0	0	0	0	510	515	0	
6	0	0	0	0	499	494	0	
7	0	0	0	0	495	481	0	
8	0	0	0	0	491	466	0	
9	0	0	0	0	490	459	0	
10	0	0	0	0	492	454	0	
11	0	0	0	0	497	452	0	
12	0	0	0	0	505	456	0	
13	0	0	0	0	512	464	0	
14	0	0	0	0	520	472	0	
15	0	0	0	0	524	474	0	
0	0	0	0	0	524	472	0	
1	0	0	0	0	528	471	0	
2	0	0	0	0	532	467	0	
3	0	0	0	0	531	467	0	
4	0	0	0	0	528	473	0	
5	0	0	0	0	527	481	0	
6	0	0	0	0	524	482	0	
7	0	0	0	0	527	481	0	
8	0	0	0	0	529	478	1	
9	0	0	0	0	527	480	0	
10	0	0	0	0	521	487	0	
11	0	0	0	0	515	493	0	
12	0	0	0	0	513	506	0	
13	0	0	0	0	513	515	0	
14	0	0	0	0	516	524	0	
15	0	0	0	0	521	535	0	
0	0	0	0	0	522	543	0	
1	0	0	0	0	525	552	1	
2	0	0	0	0	531	555	1	
3	0	0	0	0	536	547	0	
4	0	0	0	0	539	534	0	
5	0	0	0	0	538	521	0	
6	0	0	0	0	542	511	0	
7	0	0	0	0	545	505	0	
8	0	0	0	0	546	500	0	
9	0	0	0	0	548	499	0	
10	0	0	0	0	545	503	0	
11	0	0	0	0	543	509	0	
12	0	0	0	0	544	502	0	
13	0	0	0	0	546	492	0	
14	0	0	0	0	547	484	0	
15	0	0	0	0	547	477	0	
0	0	0	0	0	546	477	0	
1	0	0	0	0	543	473	0	
2	0	0	0	0	542	471	0	
3	0	0	0	0	542	469	0	
4	0	0	0	0	537	469	0	
5	0	0	0	0	536	475	0	
6	0	0	0	0	535	480	0	
7	0	0	0	0	536	483	0	
8	0	0	0	0	537	479	0	
9	0	0	0	0	533	464	0	
10	0	0	0	0	529	459	0	
11	0	0	0	0	519	461	0	
12	0	0	0	0	516	462	0	
13	0	0	0	0	518	465	0	
14	0	0	0	0	522	468	0	
15	0	0	0	0	524	473	0	
0	0	0	0	0	527	475	0	
1	0	0	0	0	528	478	0	
2	0	0	0	0	527	484	0	
3	0	0	0	0	522	485	0	
4	0	0	0	0	518	485	0	
5	0	0	0	0	514	490	0	
6	0	0	0	0	513	492	0	
7	0	0	0	0	513	489	0	
8	0	0	0	0	510	485	0	
9	0	0	0	0	508	487	0	
10	0	0	0	0	514	497	0	
11	0	0	0	0	520	508	0	
12	0	0	0	0	522	516	0	
13	0	0	0	0	521	525	0	
14	0	0	0	0	513	533	0	
15	0	0	0	0	507	539	0	
0	0	0	0	0	507	542	0	
1	0	0	0	0	510	545	1	
2	0	0	0	0	511	547	0	
3	0	0	0	0	516	547	0	
4	0	0	0	0	516	544	0	
5	0	0	0	0	512	540	0	
6	0	0	0	0	504	540	0	
7	0	0	0	0	488	542	0	
8	0	0	0	0	474	544	0	
9	0	0	0	0	463	540	0	
10	0	0	0	0	461	536	1	
11	0	0	0	0	463	537	0	
12	0	0	0	0	464	542	0	
13	0	0	0	0	468	547	1	
14	0	0	0	0	474	551	1	
15	0	0	0	0	485	550	1	
0	0	0	0	0	493	553	1	
1	0	0	0	0	498	554	0	
2	0	0	0	0	510	563	1	
3	0	0	0	0	521	579	1	
4	0	0	0	0	532	591	1	
5	0	0	0	0	534	602	1	
6	0	0	0	0	532	600	1	
7	0	0	0	0	534	590	1	
8	0	0	0	0	537	583	1	
9	0	0	0	0	543	575	1	
10	0	0	0	0	543	563	1	
11	0	0	0	0	541	551	0	
12	0	0	0	0	543	541	0	
13	0	0	0	0	545	530	0	
14	0	0	0	0	553	523	0	
15	0	0	0	0	556	524	0	
0	0	0	0	0	555	524	0	
1	0	0	0	0	556	526	0	
2	0	0	0	0	554	529	0	
3	0	0	0	0	558	539	1	
4	0	0	0	0	562	546	1	
5	0	0	0	0	563	545	0	
6	0	0	0	0	564	539	0	
7	0	0	0	0	565	528	1	
8	0	0	0	0	567	518	0	
9	0	0	0	0	569	507	0	
10	0	0	0	0	569	504	0	
11	0	0	0	0	563	503	0	
12	0	0	0	0	561	504	0	
13	0	0	0	0	564	509	0	
14	0	0	0	0	570	513	0	
15	0	0	0	0	569	514	0	
0	0	0	0	0	564	514	0	
1	0	0	0	0	557	511	0	
2	0	0	0	0	548	510	0	
3	0	0	0	0	539	509	0	
4	0	0	0	0	536	506	0	
5	0	0	0	0	528	502	0	
6	0	0	0	0	519	499	0	
7	0	0	0	0	514	495	0	
8	0	0	0	0	509	496	0	
9	0	0	0	0	501	501	0	
10	0	0	0	0	500	499	0	
11	0	0	0	0	499	496	1	
12	0	0	0	0	502	500	0	
13	0	0	0	0	502	508	0	
14	0	0	0	0	499	514	0	
15	0	0	0	0	499	521	0	
0	0	0	0	0	499	518	1	
1	0	0	0	0	500	515	0	
2	0	0	0	0	502	513	0	
3	0	0	0	0	499	509	0	
4	0	0	0	0	494	505	0	
5	0	0	0	0	488	502	0	
6	0	0	0	0	483	501	0	
7	0	0	0	0	486	500	0	
8	0	0	0	0	486	500	0	
9	0	0	0	0	492	499	0	
10	0	0	0	0	500	499	0	
11	0	0	0	0	509	497	0	
12	0	0	0	0	512	494	0	
13	0	0	0	0	513	490	0	
14	0	0	0	0	515	489	0	
15	0	0	0	0	515	494	0	
0	0	0	0	0	516	497	0	
1	0	0	0	0	518	502	0	
2	0	0	0	0	515	504	0	
3	0	0	0	0	516	507	0	
4	0	0	0	0	512	509	0	
5	0	0	0	0	508	510	0	
6	0	0	0	0	506	509	0	
7	0	0	0	0	502	510	0	
8	0	0	0	0	496	505	0	
9	0	0	0	0	487	503	0	
10	0	0	0	0	486	504	0	
11	0	0	0	0	487	508	0	
12	0	0	0	0	490	518	0	
13	0	0	0	0	496	527	0	
14	0	0	0	0	504	529	0	
15	0	0	0	0	510	524	0	
0	0	0	0	0	512	514	0	
1	0	0	0	0	518	499	0	
2	0	0	0	0	521	488	0	
3	0	0	0	0	524	476	0	
4	0	0	0	0	521	468	0	
5	0	0	0	0	514	470	0	
6	0	0	0	0	510	473	0	
7	0	0	0	0	504	483	0	
8	0	0	0	0	500	494	0	
9	0	0	0	0	501	500	0	
10	0	0	0	0	500	504	0	
11	0	0	0	0	496	505	0	
12	0	0	0	0	489	506	0	
13	0	0	0	0	488	508	0	
14	0	0	0	0	486	510	0	
15	0	0	0	0	487	513	0	
0	0	0	0	0	485	520	0	
1	0	0	0	0	484	535	1	
2	0	0	0	0	487	543	0	
3	0	0	0	0	489	541	0	
4	0	0	0	0	493	536	0	
5	0	0	0	0	498	535	0	
6	0	0	0	0	505	534	0	
7	0	0	0	0	512	535	0	
8	0	0	0	0	519	533	0	
9	0	0	0	0	522	534	1	
10	0	0	0	0	523	532	0	
11	0	0	0	0	524	531	0	
12	0	0	0	0	526	532	0	
13	0	0	0	0	524	538	0	
14	0	0	0	0	519	543	1	
15	0	0	0	0	521	536	0	
0	0	0	0	0	525	528	0	
1	0	0	0	0	527	524	0	
2	0	0	0	0	526	523	0	
3	0	0	0	0	521	525	0	
4	0	0	0	0	516	528	0	
5	0	0	0	0	514	531	0	
6	0	0	0	0	511	534	0	
7	0	0	0	0	507	539	0	
8	0	0	0	0	503	543	1	
9	0	0	0	0	495	541	0	
10	0	0	0	0	492	536	0	
11	0	0	0	0	492	532	0	
12	0	0	0	0	488	529	0	
13	0	0	0	0	486	525	0	
14	0	0	0	0	480	524	0	
15	0	0	0	0	478	528	0	
0	0	0	0	0	474	531	0	
1	0	0	0	0	479	531	0	
2	0	0	0	0	482	527	0	
3	0	0	0	0	473	523	0	
4	0	0	0	0	461	524	0	
5	0	0	0	0	450	527	0	
6	0	0	0	0	443	533	0	
7	0	0	0	0	440	537	0	
8	0	0	0	0	439	540	0	
9	0	0	0	0	437	539	0	
10	0	0	0	0	435	542	0	
11	0	0	0	0	434	548	0	
12	0	0	0	0	434	556	1	
13	0	0	0	0	435	565	0	
14	0	0	0	0	436	579	1	
15	0	0	0	0	443	582	1	
0	0	0	0	0	450	583	1	
1	0	0	0	0	459	582	1	
2	0	0	0	0	461	568	0	
3	0	0	0	0	463	560	1	
4	0	0	0	0	466	555	1	
5	0	0	0	0	468	553	1	
6	0	0	0	0	475	552	1	
7	0	0	0	0	476	547	0	
8	0	0	0	0	478	546	0	
9	0	0	0	0	476	543	1	
10	0	0	0	0	478	543	0	
11	0	0	0	0	482	545	0	
12	0	0	0	0	486	543	0	
13	0	0	0	0	491	543	1	
14	0	0	0	0	495	536	1	
15	0	0	0	0	495	534	0	
0	0	0	0	0	496	535	0	
1	0	0	0	0	497	531	0	
2	0	0	0	0	498	530	0	
3	0	0	0	0	491	524	0	
4	0	0	0	0	486	524	0	
5	0	0	0	0	487	526	0	
6	0	0	0	0	487	529	0	
7	0	0	0	0	485	531	0	
8	0	0	0	0	480	535	1	
9	0	0	0	0	477	534	1	
10	0	0	0	0	476	532	0	
11	0	0	0	0	479	531	0	
12	0	0	0	0	481	537	0	
13	0	0	0	0	480	542	1	
14	0	0	0	0	480	541	0	
15	0	0	0	0	483	539	0	
0	0	0	0	0	482	536	0	
1	0	0	0	0	482	532	0	
2	0	0	0	0	481	523	0	
3	0	0	0	0	475	516	0	
4	0	0	0	0	470	518	0	
5	0	0	0	0	464	521	0	
6	0	0	0	0	454	522	0	
7	0	0	0	0	441	513	0	
8	0	0	0	0	433	508	0	
9	0	0	0	0	432	509	0	
10	0	0	0	0	434	504	0	
11	0	0	0	0	444	499	0	
12	0	0	0	0	457	495	0	
13	0	0	0	0	469	496	0	
14	0	0	0	0	480	499	0	
15	0	0	0	0	489	502	0	
0	0	0	0	0	497	512	0	
1	0	0	0	0	505	514	0	
2	0	0	0	0	510	501	0	
3	0	0	0	0	517	488	0	
4	0	0	0	0	519	480	0	
5	0	0	0	0	515	475	0	
6	0	0	0	0	512	470	0	
7	0	0	0	0	508	468	0	
8	0	0	0	0	505	468	0	
9	0	0	0	0	503	472	0	
10	0	0	0	0	503	475	0	
11	0	0	0	0	508	483	0	
12	0	0	0	0	510	491	0	
13	0	0	0	0	515	499	0	
14	0	0	0	0	518	503	0	
15	0	0	0	0	525	508	0	
0	0	0	0	0	529	518	0	
1	0	0	0	0	534	535	0	
2	0	0	0	0	539	552	1	
3	0	0	0	0	544	555	0	
4	0	0	0	0	545	550	1	
5	0	0	0	0	542	547	1	
6	0	0	0	0	538	547	1	
7	0	0	0	0	532	552	1	
8	0	0	0	0	527	556	0	
9	0	0	0	0	527	560	1	
10	0	0	0	0	526	560	1	
11	0	0	0	0	525	561	0	
12	0	0	0	0	526	560	1	
13	0	0	0	0	528	556	0	
14	0	0	0	0	534	544	0	
15	0	0	0	0	536	531	0	
0	0	0	0	0	531	517	0	
1	0	0	0	0	518	506	0	
2	0	0	0	0	504	504	0	
3	0	0	0	0	488	504	0	
4	0	0	0	0	475	514	0	
5	0	0	0	0	467	524	0	
6	0	0	0	0	461	527	0	
7	0	0	0	0	459	527	0	
8	0	0	0	0	459	523	0	
9	0	0	0	0	463	519	0	
10	0	0	0	0	470	516	0	
11	0	0	0	0	482	515	0	
12	0	0	0	0	491	515	0	
13	0	0	0	0	502	519	0	
14	0	0	0	0	513	527	0	
15	0	0	0	0	521	537	0	
0	0	0	0	0	524	541	0	
1	0	0	0	0	522	545	0	
2	0	0	0	0	514	551	1	
3	0	0	0	0	506	551	0	
4	0	0	0	0	500	543	0	
5	0	0	0	0	496	537	0	
6	0	0	0	0	494	536	0	
7	0	0	0	0	495	545	0	
8	0	0	0	0	499	549	0	
9	0	0	0	0	509	549	0	
10	0	0	0	0	521	549	1	
11	0	0	0	0	531	552	0	
12	0	0	0	0	537	552	1	
13	0	0	0	0	541	547	0	
14	0	0	0	0	541	542	1	
15	0	0	0	0	537	535	0	
0	0	0	0	0	533	525	0	
1	0	0	0	0	534	522	0	
2	0	0	0	0	532	526	0	
3	0	0	0	0	530	534	0	
4	0	0	0	0	527	537	1	
5	0	0	0	0	524	537	0	
6	0	0	0	0	519	532	0	
7	0	0	0	0	518	528	1	
8	0	0	0	0	518	519	0	
9	0	0	0	0	516	513	0	
10	0	0	0	0	512	509	0	
11	0	0	0	0	510	504	0	
12	0	0	0	0	509	504	0	
13	0	0	0	0	513	505	0	
14	0	0	0	0	523	508	0	
15	0	0	0	0	531	508	0	
0	0	0	0	0	540	507	0	
1	0	0	0	0	536	507	0	
2	0	0	0	0	531	508	0	
3	0	0	0	0	530	510	0	
4	0	0	0	0	531	514	0	
5	0	0	0	0	530	527	0	
6	0	0	0	0	527	537	1	
7	0	0	0	0	526	547	0	
8	0	0	0	0	529	556	1	
9	0	0	0	0	535	551	0	
10	0	0	0	0	541	544	0	
11	0	0	0	0	543	535	1	
12	0	0	0	0	537	520	0	
13	0	0	0	0	524	505	0	
14	0	0	0	0	511	494	0	
15	0	0	0	0	498	487	0	
0	0	0	0	0	486	487	1	
1	0	0	0	0	481	485	0	
2	0	0	0	0	484	489	0	
3	0	0	0	0	491	499	0	
4	0	0	0	0	497	511	1	
5	0	0	0	0	505	520	0	
6	0	0	0	0	514	526	0	
7	0	0	0	0	528	528	0	
8	0	0	0	0	543	526	0	
9	0	0	0	0	560	531	0	
10	0	0	0	0	568	531	0	
11	0	0	0	0	569	531	0	
12	0	0	0	0	572	529	0	
13	0	0	0	0	569	520	0	
14	0	0	0	0	567	514	0	
15	0	0	0	0	563	507	0	
0	0	0	0	0	556	503	0	
1	0	0	0	0	549	502	0	
2	0	0	0	0	545	503	0	
3	0	0	0	0	546	512	0	
4	0	0	0	0	545	519	0	
5	0	0	0	0	545	516	0	
6	0	0	0	0	547	512	0	
7	0	0	0	0	544	504	0	
8	0	0	0	0	535	495	0	
9	0	0	0	0	525	487	0	
10	0	0	0	0	516	481	0	
11	0	0	0	0	509	476	0	
12	0	0	0	0	502	471	0	
13	0	0	0	0	500	468	0	
14	0	0	0	0	499	469	0	
15	0	0	0	0	498	468	0	
0	0	0	0	0	498	464	0	
1	0	0	0	0	496	454	0	
2	0	0	0	0	491	444	0	
3	0	0	0	0	487	442	0	
4	0	0	0	0	484	447	0	
5	0	0	0	0	485	452	0	
6	0	0	0	0	488	453	0	
7	0	0	0	0	491	455	0	
8	0	0	0	0	494	456	0	
9	0	0	0	0	501	460	0	
10	0	0	0	0	509	468	0	
11	0	0	0	0	517	478	0	
12	0	0	0	0	521	487	0	
13	0	0	0	0	526	496	0	
14	0	0	0	0	526	499	0	
15	0	0	0	0	522	506	0	
0	0	0	0	0	517	511	0	
1	0	0	0	0	515	511	0	
2	0	0	0	0	518	509	0	
3	0	0	0	0	519	505	0	
4	0	0	0	0	524	503	0	
5	0	0	0	0	527	505	0	
6	0	0	0	0	533	513	0	
7	0	0	0	0	536	518	0	
8	0	0	0	0	531	522	0	
9	0	0	0	0	524	528	0	
10	0	0	0	0	520	524	0	
11	0	0	0	0	513	519	0	
12	0	0	0	0	508	512	0	
13	0	0	0	0	504	496	0	
14	0	0	0	0	496	479	0	
15	0	0	0	0	486	462	0	
0	0	0	0	0	476	449	0	
1	0	0	0	0	470	442	0	
2	0	0	0	0	467	440	0	
3	0	0	0	0	465	439	0	
4	0	0	0	0	458	443	0	
5	0	0	0	0	457	454	0	
6	0	0	0	0	455	470	0	
7	0	0	0	0	454	488	0	
8	0	0	0	0	455	502	0	
9	0	0	0	0	455	507	0	
10	0	0	0	0	455	517	0	
11	0	0	0	0	451	522	0	
12	0	0	0	0	444	526	0	
13	0	0	0	0	439	531	0	
14	0	0	0	0	434	533	0	
15	0	0	0	0	435	531	0	
0	0	0	0	0	440	530	1	
1	0	0	0	0	446	528	0	
2	0	0	0	0	450	526	0	
3	0	0	0	0	451	523	0	
4	0	0	0	0	452	521	0	
5	0	0	0	0	452	518	0	
6	0	0	0	0	450	521	0	
7	0	0	0	0	447	523	0	
8	0	0	0	0	447	519	0	
9	0	0	0	0	451	515	0	
10	0	0	0	0	458	511	0	
11	0	0	0	0	467	510	0	
12	0	0	0	0	472	509	0	
13	0	0	0	0	476	502	0	
14	0	0	0	0	483	491	0	
15	0	0	0	0	488	484	1	
0	0	0	0	0	494	477	0	
1	0	0	0	0	495	474	0	
2	0	0	0	0	500	477	0	
3	0	0	0	0	502	483	0	
4	0	0	0	0	504	488	0	
5	0	0	0	0	505	490	0	
6	0	0	0	0	511	493	0	
7	0	0	0	0	516	500	0	
8	0	0	0	0	520	506	0	
9	0	0	0	0	519	507	1	
10	0	0	0	0	511	504	0	
11	0	0	0	0	505	505	0	
12	0	0	0	0	502	502	0	
13	0	0	0	0	502	495	0	
14	0	0	0	0	503	492	0	
15	0	0	0	0	505	492	0	
0	0	0	0	0	508	497	0	
1	0	0	0	0	508	502	0	
2	0	0	0	0	506	504	0	
3	0	0	0	0	509	496	0	
4	0	0	0	0	508	483	0	
5	0	0	0	0	502	474	0	
6	0	0	0	0	494	466	0	
7	0	0	0	0	490	467	0	
8	0	0	0	0	486	471	0	
9	0	0	0	0	483	480	0	
10	0	0	0	0	480	489	0	
11	0	0	0	0	478	497	0	
12	0	0	0	0	478	504	0	
13	0	0	0	0	480	508	0	
14	0	0	0	0	484	508	0	
15	0	0	0	0	493	511	0	
0	0	0	0	0	500	507	0	
1	0	0	0	0	505	496	0	
2	0	0	0	0	507	483	0	
3	0	0	0	0	508	470	0	
4	0	0	0	0	509	455	0	
5	0	0	0	0	509	444	0	
6	0	0	0	0	507	435	0	
7	0	0	0	0	507	430	0	
8	0	0	0	0	510	430	0	
9	0	0	0	0	517	429	0	
10	0	0	0	0	527	428	0	
11	0	0	0	0	540	432	0	
12	0	0	0	0	544	434	0	
13	0	0	0	0	546	434	0	
14	0	0	0	0	546	438	0	
15	0	0	0	0	539	441	0	
0	0	0	0	0	531	446	0	
1	0	0	0	0	527	448	0	
2	0	0	0	0	531	444	0	
3	0	0	0	0	536	441	0	
4	0	0	0	0	537	439	0	
5	0	0	0	0	537	439	0	
6	0	0	0	0	534	440	0	
7	0	0	0	0	534	445	0	
8	0	0	0	0	536	454	0	
9	0	0	0	0	536	460	0	
10	0	0	0	0	536	464	0	
11	0	0	0	0	533	466	0	
12	0	0	0	0	531	466	0	
13	0	0	0	0	529	469	0	
14	0	0	0	0	524	470	0	
15	0	0	0	0	519	469	0	
0	0	0	0	0	516	470	0	
1	0	0	0	0	512	471	0	
2	0	0	0	0	510	481	0	
3	0	0	0	0	508	496	0	
4	0	0	0	0	511	514	0	
5	0	0	0	0	509	520	0	
6	0	0	0	0	508	519	0	
7	0	0	0	0	511	511	0	
8	0	0	0	0	517	507	0	
9	0	0	0	0	524	508	0	
10	0	0	0	0	528	505	0	
11	0	0	0	0	532	503	0	
12	0	0	0	0	534	499	0	
13	0	0	0	0	534	495	0	
14	0	0	0	0	534	498	0	
15	0	0	0	0	531	500	0	
0	0	0	0	0	524	502	0	
1	0	0	0	0	518	500	0	
2	0	0	0	0	512	504	0	
3	0	0	0	0	510	515	0	
4	0	0	0	0	508	522	0	
5	0	0	0	0	507	527	0	
6	0	0	0	0	507	532	0	
7	0	0	0	0	504	536	0	
8	0	0	0	0	506	536	1	
9	0	0	0	0	508	540	1	
10	0	0	0	0	504	550	1	
11	0	0	0	0	500	558	0	
12	0	0	0	0	501	554	0	
13	0	0	0	0	505	550	1	
14	0	0	0	0	507	541	0	
15	0	0	0	0	506	537	0	
0	0	0	0	0	506	537	0	
1	0	0	0	0	502	534	0	
2	0	0	0	0	500	531	0	
3	0	0	0	0	502	534	0	
4	0	0	0	0	505	540	0	
5	0	0	0	0	510	550	1	
6	0	0	0	0	515	558	0	
7	0	0	0	0	516	566	1	
8	0	0	0	0	519	559	1	
9	0	0	0	0	525	545	0	
10	0	0	0	0	527	533	0	
11	0	0	0	0	524	523	0	
12	0	0	0	0	520	517	0	
13	0	0	0	0	515	512	0	
14	0	0	0	0	510	510	0	
15	0	0	0	0	506	512	0	
0	0	0	0	0	499	515	0	
1	0	0	0	0	505	519	0	
2	0	0	0	0	519	514	0	
3	0	0	0	0	534	507	0	
4	0	0	0	0	545	507	0	
5	0	0	0	0	543	508	0	
6	0	0	0	0	537	513	0	
7	0	0	0	0	528	515	1	
8	0	0	0	0	522	512	0	
9	0	0	0	0	520	510	0	
10	0	0	0	0	519	506	0	
11	0	0	0	0	519	499	0	
12	0	0	0	0	524	489	0	
13	0	0	0	0	527	482	0	
14	0	0	0	0	531	480	0	
15	0	0	0	0	532	483	0	
0	0	0	0	0	535	487	0	
1	0	0	0	0	535	491	0	
2	0	0	0	0	536	500	0	
3	0	0	0	0	533	510	0	
4	0	0	0	0	532	523	0	
5	0	0	0	0	533	525	0	
6	0	0	0	0	533	523	0	
7	0	0	0	0	528	519	0	
8	0	0	0	0	523	516	0	
9	0	0	0	0	520	512	0	
10	0	0	0	0	515	507	0	
11	0	0	0	0	515	508	0	
12	0	0	0	0	519	508	0	
13	0	0	0	0	520	508	0	
14	0	0	0	0	518	510	0	
15	0	0	0	0	512	510	0	
0	0	0	0	0	509	509	0	
1	0	0	0	0	507	508	0	
2	0	0	0	0	509	505	0	
3	0	0	0	0	508	501	0	
4	0	0	0	0	507	495	0	
5	0	0	0	0	507	490	0	
6	0	0	0	0	509	489	0	
7	0	0	0	0	513	488	0	
8	0	0	0	0	516	487	0	
9	0	0	0	0	516	490	0	
10	0	0	0	0	515	492	0	
11	0	0	0	0	516	495	0	
12	0	0	0	0	517	497	0	
13	0	0	0	0	517	502	0	
14	0	0	0	0	520	504	0	
15	0	0	0	0	525	502	0	
0	0	0	0	0	526	499	0	
1	0	0	0	0	526	499	0	
2	0	0	0	0	525	497	0	
3	0	0	0	0	526	497	0	
4	0	0	0	0	525	498	0	
5	0	0	0	0	522	502	0	
6	0	0	0	0	517	507	0	
7	0	0	0	0	513	510	0	
8	0	0	0	0	511	506	0	
9	0	0	0	0	516	503	0	
10	0	0	0	0	522	497	0	
11	0	0	0	0	528	493	0	
12	0	0	0	0	536	493	0	
13	0	0	0	0	549	497	0	
14	0	0	0	0	560	503	0	
15	0	0	0	0	563	502	0	
0	0	0	0	0	559	499	0	
1	0	0	0	0	544	498	0	
2	0	0	0	0	528	494	0	
3	0	0	0	0	516	488	0	
4	0	0	0	0	504	486	0	
5	0	0	0	0	493	488	0	
6	0	0	0	0	483	489	0	
7	0	0	0	0	478	491	0	
8	0	0	0	0	475	492	0	
9	0	0	0	0	475	492	0	
10	0	0	0	0	480	495	0	
11	0	0	0	0	480	491	0	
12	0	0	0	0	479	485	0	
13	0	0	0	0	476	481	0	
14	0	0	0	0	476	479	0	
15	0	0	0	0	478	478	0	
0	0	0	0	0	480	476	0	
1	0	0	0	0	478	478	0	
2	0	0	0	0	479	483	0	
3	0	0	0	0	479	488	0	
4	0	0	0	0	481	496	0	
5	0	0	0	0	486	499	0	
6	0	0	0	0	487	503	0	
7	0	0	0	0	489	503	0	
8	0	0	0	0	488	502	0	
9	0	0	0	0	485	502	0	
10	0	0	0	0	482	504	0	
11	0	0	0	0	482	506	0	
12	0	0	0	0	482	507	0	
13	0	0	0	0	478	512	0	
14	0	0	0	0	480	518	0	
15	0	0	0	0	480	523	0	
0	0	0	0	0	486	532	0	
1	0	0	0	0	488	530	1	
2	0	0	0	0	494	521	0	
3	0	0	0	0	496	514	0	
4	0	0	0	0	496	512	0	
5	0	0	0	0	496	512	0	
6	0	0	0	0	495	506	0	
7	0	0	0	0	491	497	0	
8	0	0	0	0	491	494	0	
9	0	0	0	0	487	490	0	
10	0	0	0	0	485	494	0	
11	0	0	0	0	480	496	0	
12	0	0	0	0	480	503	0	
13	0	0	0	0	484	515	0	
14	0	0	0	0	486	519	0	
15	0	0	0	0	496	514	0	
0	0	0	0	0	503	507	1	
1	0	0	0	0	504	502	0	
2	0	0	0	0	497	503	0	
3	0	0	0	0	484	504	0	
4	0	0	0	0	467	508	0	
5	0	0	0	0	452	512	0	
6	0	0	0	0	445	519	1	
7	0	0	0	0	446	523	0	
8	0	0	0	0	447	527	0	
9	0	0	0	0	443	528	0	
10	0	0	0	0	440	524	1	
11	0	0	0	0	446	518	1	
12	0	0	0	0	451	510	0	
13	0	0	0	0	449	504	0	
14	0	0	0	0	446	503	0	
15	0	0	0	0	442	498	0	
0	0	0	0	0	444	499	1	
1	0	0	0	0	447	506	0	
2	0	0	0	0	451	511	0	
3	0	0	0	0	452	520	0	
4	0	0	0	0	454	519	1	
5	0	0	0	0	461	507	1	
6	0	0	0	0	465	492	0	
7	0	0	0	0	467	481	0	
8	0	0	0	0	471	474	0	
9	0	0	0	0	478	474	0	
10	0	0	0	0	486	481	0	
11	0	0	0	0	490	486	0	
12	0	0	0	0	489	487	0	
13	0	0	0	0	486	492	0	
14	0	0	0	0	483	492	0	
15	0	0	0	0	488	488	0	
0	0	0	0	0	496	488	0	
1	0	0	0	0	499	493	0	
2	0	0	0	0	502	502	0	
3	0	0	0	0	503	508	0	
4	0	0	0	0	508	508	1	
5	0	0	0	0	511	505	0	
6	0	0	0	0	519	496	0	
7	0	0	0	0	527	495	0	
8	0	0	0	0	531	503	0	
9	0	0	0	0	535	516	0	
10	0	0	0	0	536	523	0	
11	0	0	0	0	534	519	0	
12	0	0	0	0	530	513	0	
13	0	0	0	0	523	509	0	
14	0	0	0	0	514	506	0	
15	0	0	0	0	505	505	0	
0	0	0	0	0	492	500	0	
1	0	0	0	0	480	499	0	
2	0	0	0	0	473	503	0	
3	0	0	0	0	475	516	0	
4	0	0	0	0	487	519	0	
5	0	0	0	0	499	513	0	
6	0	0	0	0	508	510	0	
7	0	0	0	0	509	507	0	
8	0	0	0	0	505	504	0	
9	0	0	0	0	504	504	0	
10	0	0	0	0	509	503	0	
11	0	0	0	0	511	499	0	
12	0	0	0	0	513	492	0	
13	0	0	0	0	512	486	0	
14	0	0	0	0	512	484	0	
15	0	0	0	0	510	485	0	
0	0	0	0	0	506	490	0	
1	0	0	0	0	501	497	0	
2	0	0	0	0	494	503	0	
3	0	0	0	0	488	505	0	
4	0	0	0	0	487	508	0	
5	0	0	0	0	492	506	0	
6	0	0	0	0	497	503	0	
7	0	0	0	0	500	501	0	
8	0	0	0	0	503	501	0	
9	0	0	0	0	504	502	0	
10	0	0	0	0	504	505	0	
11	0	0	0	0	508	510	0	
12	0	0	0	0	512	512	0	
13	0	0	0	0	520	516	0	
14	0	0	0	0	524	519	0	
15	0	0	0	0	530	529	1	
0	0	0	0	0	536	542	0	
1	0	0	0	0	540	553	1	
2	0	0	0	0	535	560	1	
3	0	0	0	0	527	557	0	
4	0	0	0	0	521	543	1	
5	0	0	0	0	515	527	0	
6	0	0	0	0	514	516	0	
7	0	0	0	0	514	509	0	
8	0	0	0	0	511	502	0	
9	0	0	0	0	515	503	0	
10	0	0	0	0	524	504	0	
11	0	0	0	0	528	509	0	
12	0	0	0	0	532	514	0	
13	0	0	0	0	535	524	0	
14	0	0	0	0	531	527	0	
15	0	0	0	0	529	524	0	
0	0	0	0	0	532	526	0	
1	0	0	0	0	540	531	0	
2	0	0	0	0	547	534	0	
3	0	0	0	0	550	539	1	
4	0	0	0	0	547	540	0	
5	0	0	0	0	544	541	0	
6	0	0	0	0	541	542	0	
7	0	0	0	0	533	539	0	
8	0	0	0	0	521	542	0	
9	0	0	0	0	506	545	1	
10	0	0	0	0	490	551	0	
11	0	0	0	0	474	552	1	
12	0	0	0	0	457	545	0	
13	0	0	0	0	442	540	1	
14	0	0	0	0	435	536	0	
15	0	0	0	0	437	534	0	
0	0	0	0	0	441	534	0	
1	0	0	0	0	445	530	0	
2	0	0	0	0	451	530	0	
3	0	0	0	0	458	533	0	
4	0	0	0	0	465	540	1	
5	0	0	0	0	468	545	1	
6	0	0	0	0	469	549	0	
7	0	0	0	0	472	555	1	
8	0	0	0	0	478	561	1	
9	0	0	0	0	484	565	1	
10	0	0	0	0	494	561	1	
11	0	0	0	0	503	559	1	
12	0	0	0	0	508	554	1	
13	0	0	0	0	513	545	1	
14	0	0	0	0	519	537	0	
15	0	0	0	0	526	535	0	
0	0	0	0	0	531	535	0	
1	0	0	0	0	536	532	1	
2	0	0	0	0	539	529	0	
3	0	0	0	0	541	530	0	
4	0	0	0	0	542	531	0	
5	0	0	0	0	539	531	0	
6	0	0	0	0	534	534	0	
7	0	0	0	0	527	534	0	
8	0	0	0	0	519	534	0	
9	0	0	0	0	515	536	0	
10	0	0	0	0	512	535	0	
11	0	0	0	0	508	531	0	
12	0	0	0	0	507	527	0	
13	0	0	0	0	505	522	0	
14	0	0	0	0	499	517	0	
15	0	0	0	0	495	511	0	
0	0	0	0	0	496	511	0	
1	0	0	0	0	497	512	0	
2	0	0	0	0	498	512	0	
3	0	0	0	0	501	512	0	
4	0	0	0	0	503	510	0	
5	0	0	0	0	501	510	0	
6	0	0	0	0	497	512	0	
7	0	0	0	0	494	517	0	
8	0	0	0	0	494	520	0	
9	0	0	0	0	491	527	0	
10	0	0	0	0	487	532	0	
11	0	0	0	0	489	536	0	
12	0	0	0	0	489	541	0	
13	0	0	0	0	492	552	1	
14	0	0	0	0	497	555	0	
15	0	0	0	0	500	551	0	
0	0	0	0	0	505	548	1	
1	0	0	0	0	509	546	0	
2	0	0	0	0	521	539	0	
3	0	0	0	0	531	537	0	
4	0	0	0	0	541	538	1	
5	0	0	0	0	546	535	0	
6	0	0	0	0	548	528	0	
7	0	0	0	0	547	526	0	
8	0	0	0	0	545	524	0	
9	0	0	0	0	540	520	0	
10	0	0	0	0	539	516	0	
11	0	0	0	0	537	510	0	
12	0	0	0	0	535	503	0	
13	0	0	0	0	534	496	0	
14	0	0	0	0	527	492	0	
15	0	0	0	0	521	487	0	
0	0	0	0	0	521	489	0	
1	0	0	0	0	526	496	0	
2	0	0	0	0	535	501	0	
3	0	0	0	0	543	501	0	
4	0	0	0	0	550	499	0	
5	0	0	0	0	548	492	0	
6	0	0	0	0	542	483	0	
7	0	0	0	0	535	478	0	
8	0	0	0	0	526	482	0	
9	0	0	0	0	514	488	0	
10	0	0	0	0	505	495	0	
11	0	0	0	0	496	503	0	
12	0	0	0	0	488	511	0	
13	0	0	0	0	485	519	0	
14	0	0	0	0	485	527	0	
15	0	0	0	0	489	527	0	
0	0	0	0	0	496	520	0	
1	0	0	0	0	499	509	0	
2	0	0	0	0	504	504	0	
3	0	0	0	0	505	505	0	
4	0	0	0	0	508	511	0	
5	0	0	0	0	510	514	0	
6	0	0	0	0	512	516	0	
7	0	0	0	0	515	519	0	
8	0	0	0	0	520	522	0	
9	0	0	0	0	529	528	0	
10	0	0	0	0	538	537	0	
11	0	0	0	0	537	545	0	
12	0	0	0	0	536	554	1	
13	0	0	0	0	527	568	1	
14	0	0	0	0	519	579	1	
15	0	0	0	0	519	579	1	
0	0	0	0	0	515	574	0	
1	0	0	0	0	515	571	1	
2	0	0	0	0	513	567	1	
3	0	0	0	0	521	567	1	
4	0	0	0	0	529	566	1	
5	0	0	0	0	532	566	1	
6	0	0	0	0	534	572	1	
7	0	0	0	0	531	572	1	
8	0	0	0	0	530	577	0	
9	0	0	0	0	527	583	1	
10	0	0	0	0	525	587	1	
11	0	0	0	0	528	590	1	
12	0	0	0	0	531	589	1	
13	0	0	0	0	535	587	1	
14	0	0	0	0	539	585	1	
15	0	0	0	0	537	580	1	
0	0	0	0	0	538	578	1	
1	0	0	0	0	535	578	1	
2	0	0	0	0	534	582	0	
3	0	0	0	0	533	586	1	
4	0	0	0	0	530	576	1	
5	0	0	0	0	532	561	1	
6	0	0	0	0	531	541	1	
7	0	0	0	0	527	527	0	
8	0	0	0	0	521	522	0	
9	0	0	0	0	517	516	0	
10	0	0	0	0	518	515	0	
11	0	0	0	0	516	512	1	
12	0	0	0	0	511	513	0	
13	0	0	0	0	504	518	0	
14	0	0	0	0	499	523	0	
15	0	0	0	0	490	530	0	
0	0	0	0	0	480	534	1	
1	0	0	0	0	470	541	1	
2	0	0	0	0	465	542	0	
3	0	0	0	0	465	537	0	
4	0	0	0	0	468	533	0	
5	0	0	0	0	472	533	1	
6	0	0	0	0	475	536	0	
7	0	0	0	0	478	542	0	
8	0	0	0	0	476	543	0	
9	0	0	0	0	471	550	1	
10	0	0	0	0	466	556	1	
11	0	0	0	0	461	558	0	
12	0	0	0	0	455	554	1	
13	0	0	0	0	451	546	0	
14	0	0	0	0	455	542	0	
15	0	0	0	0	464	543	1	
0	0	0	0	0	470	541	1	
1	0	0	0	0	471	537	1	
2	0	0	0	0	466	539	0	
3	0	0	0	0	462	547	0	
4	0	0	0	0	461	560	0	
5	0	0	0	0	462	577	1	
6	0	0	0	0	467	590	1	
7	0	0	0	0	475	582	1	
8	0	0	0	0	480	567	1	
9	0	0	0	0	482	551	1	
10	0	0	0	0	477	536	0	
11	0	0	0	0	472	526	0	
12	0	0	0	0	470	520	0	
13	0	0	0	0	471	520	0	
14	0	0	0	0	474	517	0	
15	0	0	0	0	481	513	0	
0	0	0	0	0	487	511	0	
1	0	0	0	0	496	509	0	
2	0	0	0	0	502	505	0	
3	0	0	0	0	510	504	0	
4	0	0	0	0	515	500	0	
5	0	0	0	0	516	499	0	
6	0	0	0	0	512	499	0	
7	0	0	0	0	510	507	0	
8	0	0	0	0	509	509	0	
9	0	0	0	0	505	508	0	
10	0	0	0	0	499	508	0	
11	0	0	0	0	492	503	0	
12	0	0	0	0	490	494	0	
13	0	0	0	0	490	492	0	
14	0	0	0	0	492	496	0	
15	0	0	0	0	491	500	0	
0	0	0	0	0	487	503	0	
1	0	0	0	0	487	502	0	
2	0	0	0	0	492	501	0	
3	0	0	0	0	497	497	0	
4	0	0	0	0	492	495	0	
5	0	0	0	0	484	491	0	
6	0	0	0	0	480	487	0	
7	0	0	0	0	476	485	0	
8	0	0	0	0	475	488	0	
9	0	0	0	0	478	498	0	
10	0	0	0	0	480	519	0	
11	0	0	0	0	483	531	0	
12	0	0	0	0	489	535	0	
13	0	0	0	0	494	535	0	
14	0	0	0	0	496	536	0	
15	0	0	0	0	500	538	0	
0	0	0	0	0	507	537	1	
1	0	0	0	0	507	535	0	
2	0	0	0	0	503	537	0	
3	0	0	0	0	495	540	0	
4	0	0	0	0	486	540	0	
5	0	0	0	0	483	537	0	
6	0	0	0	0	486	541	0	
7	0	0	0	0	493	545	0	
8	0	0	0	0	501	550	1	
9	0	0	0	0	504	555	0	
10	0	0	0	0	508	560	1	
11	0	0	0	0	510	557	1	
12	0	0	0	0	513	549	0	
13	0	0	0	0	520	537	0	
14	0	0	0	0	525	525	0	
15	0	0	0	0	528	516	0	
0	0	0	0	0	527	517	0	
1	0	0	0	0	524	517	0	
2	0	0	0	0	521	512	0	
3	0	0	0	0	516	496	0	
4	0	0	0	0	507	478	0	
5	0	0	0	0	499	469	0	
6	0	0	0	0	492	467	0	
7	0	0	0	0	487	469	0	
8	0	0	0	0	474	473	0	
9	0	0	0	0	462	480	0	
10	0	0	0	0	455	486	0	
11	0	0	0	0	452	492	0	
12	0	0	0	0	445	498	0	
13	0	0	0	0	438	501	0	
14	0	0	0	0	435	500	0	
15	0	0	0	0	435	502	0	
0	0	0	0	0	440	503	0	
1	0	0	0	0	446	503	0	
2	0	0	0	0	453	502	0	
3	0	0	0	0	459	500	0	
4	0	0	0	0	465	496	0	
5	0	0	0	0	472	495	1	
6	0	0	0	0	478	492	0	
7	0	0	0	0	486	488	0	
8	0	0	0	0	496	488	0	
9	0	0	0	0	501	484	1	
10	0	0	0	0	504	482	0	
11	0	0	0	0	504	483	0	
12	0	0	0	0	504	484	0	
13	0	0	0	0	504	486	0	
14	0	0	0	0	500	486	0	
15	0	0	0	0	500	485	0	
0	0	0	0	0	502	485	0	
1	0	0	0	0	500	487	0	
2	0	0	0	0	499	493	0	
3	0	0	0	0	504	498	0	
4	0	0	0	0	510	499	1	
5	0	0	0	0	519	500	0	
6	0	0	0	0	526	503	0	
7	0	0	0	0	536	508	0	
8	0	0	0	0	545	509	0	
9	0	0	0	0	553	506	1	
10	0	0	0	0	558	502	0	
11	0	0	0	0	556	496	0	
12	0	0	0	0	553	491	0	
13	0	0	0	0	559	489	0	
14	0	0	0	0	571	492	0	
15	0	0	0	0	576	494	0	
0	0	0	0	0	583	501	0	
1	0	0	0	0	584	515	0	
2	0	0	0	0	577	533	1	
3	0	0	0	0	571	545	1	
4	0	0	0	0	562	545	1	
5	0	0	0	0	553	531	0	
6	0	0	0	0	545	520	0	
7	0	0	0	0	539	510	0	
8	0	0	0	0	535	502	1	
9	0	0	0	0	529	494	0	
10	0	0	0	0	520	487	0	
11	0	0	0	0	512	492	0	
12	0	0	0	0	503	495	0	
13	0	0	0	0	493	499	0	
14	0	0	0	0	487	504	0	
15	0	0	0	0	484	505	0	
0	0	0	0	0	482	509	0	
1	0	0	0	0	480	511	0	
2	0	0	0	0	474	513	0	
3	0	0	0	0	470	513	0	
4	0	0	0	0	472	517	0	
5	0	0	0	0	470	520	0	
6	0	0	0	0	468	531	0	
7	0	0	0	0	463	541	0	
8	0	0	0	0	460	548	0	
9	0	0	0	0	460	548	0	
10	0	0	0	0	466	542	0	
11	0	0	0	0	476	532	0	
12	0	0	0	0	485	524	0	
13	0	0	0	0	490	518	0	
14	0	0	0	0	491	507	0	
15	0	0	0	0	488	498	0	
0	0	0	0	0	489	490	0	
1	0	0	0	0	489	489	0	
2	0	0	0	0	494	487	0	
3	0	0	0	0	504	483	0	
4	0	0	0	0	512	483	0	
5	0	0	0	0	517	488	0	
6	0	0	0	0	521	495	0	
7	0	0	0	0	521	497	0	
8	0	0	0	0	516	495	0	
9	0	0	0	0	512	496	0	
10	0	0	0	0	505	495	0	
11	0	0	0	0	499	492	0	
12	0	0	0	0	488	487	0	
13	0	0	0	0	479	481	0	
14	0	0	0	0	479	477	0	
15	0	0	0	0	482	472	0	
0	0	0	0	0	483	472	0	
1	0	0	0	0	478	479	0	
2	0	0	0	0	472	483	0	
3	0	0	0	0	469	485	0	
4	0	0	0	0	465	484	0	
5	0	0	0	0	463	484	0	
6	0	0	0	0	467	484	0	
7	0	0	0	0	475	483	0	
8	0	0	0	0	483	489	0	
9	0	0	0	0	493	494	0	
10	0	0	0	0	501	500	0	
11	0	0	0	0	508	498	0	
12	0	0	0	0	517	485	0	
13	0	0	0	0	530	478	0	
14	0	0	0	0	540	475	0	
15	0	0	0	0	546	470	0	
0	0	0	0	0	547	470	0	
1	0	0	0	0	547	473	0	
2	0	0	0	0	547	479	0	
3	0	0	0	0	549	487	0	
4	0	0	0	0	545	494	0	
5	0	0	0	0	539	499	0	
6	0	0	0	0	529	509	0	
7	0	0	0	0	526	521	0	
8	0	0	0	0	520	532	0	
9	0	0	0	0	519	534	0	
10	0	0	0	0	519	533	0	
11	0	0	0	0	521	531	0	
12	0	0	0	0	521	528	0	
13	0	0	0	0	519	527	0	
14	0	0	0	0	516	525	1	
15	0	0	0	0	513	527	0	
0	0	0	0	0	511	533	0	
1	0	0	0	0	512	539	1	
2	0	0	0	0	515	543	1	
3	0	0	0	0	521	547	1	
4	0	0	0	0	528	546	1	
5	0	0	0	0	533	540	0	
6	0	0	0	0	543	536	0	
7	0	0	0	0	550	530	1	
8	0	0	0	0	548	527	1	
9	0	0	0	0	540	524	0	
10	0	0	0	0	530	525	0	
11	0	0	0	0	518	525	0	
12	0	0	0	0	508	524	0	
13	0	0	0	0	499	522	0	
14	0	0	0	0	487	521	0	
15	0	0	0	0	474	518	0	
0	0	0	0	0	464	515	0	
1	0	0	0	0	457	512	0	
2	0	0	0	0	451	506	0	
3	0	0	0	0	447	511	0	
4	0	0	0	0	441	518	0	
5	0	0	0	0	441	526	0	
6	0	0	0	0	447	537	1	
7	0	0	0	0	458	550	1	
8	0	0	0	0	467	563	1	
9	0	0	0	0	477	576	1	
10	0	0	0	0	488	578	1	
11	0	0	0	0	499	567	1	
12	0	0	0	0	513	556	1	
13	0	0	0	0	523	543	0	
14	0	0	0	0	527	532	0	
15	0	0	0	0	529	525	0	
0	0	0	0	0	531	520	1	
1	0	0	0	0	531	515	1	
2	0	0	0	0	531	509	0	
3	0	0	0	0	532	499	0	
4	0	0	0	0	534	488	0	
5	0	0	0	0	533	481	0	
6	0	0	0	0	531	475	0	
7	0	0	0	0	527	463	0	
8	0	0	0	0	522	460	0	
9	0	0	0	0	515	462	0	
10	0	0	0	0	511	467	0	
11	0	0	0	0	509	479	0	
12	0	0	0	0	508	488	0	
13	0	0	0	0	512	500	0	
14	0	0	0	0	519	508	0	
15	0	0	0	0	527	509	1	
0	0	0	0	0	529	507	1	
1	0	0	0	0	531	503	0	
2	0	0	0	0	534	497	0	
3	0	0	0	0	534	494	0	
4	0	0	0	0	531	492	1	
5	0	0	0	0	529	494	0	
6	0	0	0	0	526	500	0	
7	0	0	0	0	521	504	0	
8	0	0	0	0	513	506	1	
9	0	0	0	0	503	512	0	
10	0	0	0	0	491	518	0	
11	0	0	0	0	487	521	0	
12	0	0	0	0	482	527	0	
13	0	0	0	0	478	531	1	
14	0	0	0	0	476	523	0	
15	0	0	0	0	476	515	0	
0	0	0	0	0	479	507	0	
1	0	0	0	0	486	500	0	
2	0	0	0	0	492	497	0	
3	0	0	0	0	493	493	0	
4	0	0	0	0	495	489	0	
5	0	0	0	0	494	486	0	
6	0	0	0	0	492	483	0	
7	0	0	0	0	491	477	0	
8	0	0	0	0	489	472	0	
9	0	0	0	0	494	468	0	
10	0	0	0	0	501	466	0	
11	0	0	0	0	503	468	0	
12	0	0	0	0	503	478	0	
13	0	0	0	0	502	484	0	
14	0	0	0	0	503	487	0	
15	0	0	0	0	502	487	0	
0	0	0	0	0	499	491	0	
1	0	0	0	0	502	495	0	
2	0	0	0	0	505	497	0	
3	0	0	0	0	513	504	0	
4	0	0	0	0	524	511	0	
5	0	0	0	0	536	513	0	
6	0	0	0	0	548	518	0	
7	0	0	0	0	547	518	0	
8	0	0	0	0	542	520	0	
9	0	0	0	0	536	522	0	
10	0	0	0	0	534	513	0	
11	0	0	0	0	537	505	0	
12	0	0	0	0	542	502	0	
13	0	0	0	0	550	503	0	
14	0	0	0	0	556	503	0	
15	0	0	0	0	557	503	0	
0	0	0	0	0	556	502	0	
1	0	0	0	0	549	503	0	
2	0	0	0	0	540	508	0	
3	0	0	0	0	534	516	0	
4	0	0	0	0	528	518	0	
5	0	0	0	0	528	511	0	
6	0	0	0	0	526	507	0	
7	0	0	0	0	526	506	0	
8	0	0	0	0	525	513	0	
9	0	0	0	0	521	518	0	
10	0	0	0	0	519	520	0	
11	0	0	0	0	523	518	0	
12	0	0	0	0	527	516	0	
13	0	0	0	0	531	519	0	
14	0	0	0	0	534	525	0	
15	0	0	0	0	536	537	0	
0	0	0	0	0	532	547	0	
1	0	0	0	0	533	548	1	
2	0	0	0	0	538	547	0	
3	0	0	0	0	545	542	0	
4	0	0	0	0	550	538	0	
5	0	0	0	0	547	532	0	
6	0	0	0	0	543	528	0	
7	0	0	0	0	538	528	0	
8	0	0	0	0	534	528	0	
9	0	0	0	0	529	526	0	
10	0	0	0	0	529	524	0	
11	0	0	0	0	538	518	0	
12	0	0	0	0	547	512	0	
13	0	0	0	0	546	508	0	
14	0	0	0	0	543	512	0	
15	0	0	0	0	539	515	0	
0	0	0	0	0	529	519	0	
1	0	0	0	0	520	527	1	
2	0	0	0	0	515	527	0	
3	0	0	0	0	512	528	0	
4	0	0	0	0	508	525	1	
5	0	0	0	0	505	523	0	
6	0	0	0	0	504	518	0	
7	0	0	0	0	505	515	0	
8	0	0	0	0	510	519	0	
9	0	0	0	0	512	530	1	
10	0	0	0	0	517	540	1	
11	0	0	0	0	518	547	1	
12	0	0	0	0	517	555	1	
13	0	0	0	0	511	552	1	
14	0	0	0	0	508	541	0	
15	0	0	0	0	508	526	0	
0	0	0	0	0	507	513	0	
1	0	0	0	0	509	504	0	
2	0	0	0	0	515	502	1	
3	0	0	0	0	518	504	0	
4	0	0	0	0	516	512	1	
5	0	0	0	0	515	519	0	
6	0	0	0	0	513	524	0	
7	0	0	0	0	515	531	0	
8	0	0	0	0	515	536	1	
9	0	0	0	0	520	538	0	
10	0	0	0	0	526	538	0	
11	0	0	0	0	528	539	0	
12	0	0	0	0	523	538	0	
13	0	0	0	0	523	540	0	
14	0	0	0	0	525	540	1	
15	0	0	0	0	524	539	0	
0	0	0	0	0	521	539	0	
1	0	0	0	0	518	539	0	
2	0	0	0	0	515	538	1	
3	0	0	0	0	513	540	1	
4	0	0	0	0	514	545	0	
5	0	0	0	0	514	553	0	
6	0	0	0	0	516	562	1	
7	0	0	0	0	520	571	1	
8	0	0	0	0	524	580	1	
9	0	0	0	0	527	591	1	
10	0	0	0	0	530	594	1	
11	0	0	0	0	532	590	1	
12	0	0	0	0	536	586	1	
13	0	0	0	0	537	579	1	
14	0	0	0	0	534	571	1	
15	0	0	0	0	529	560	0	
0	0	0	0	0	527	550	1	
1	0	0	0	0	528	542	0	
2	0	0	0	0	528	542	1	
3	0	0	0	0	532	544	0	
4	0	0	0	0	540	550	0	
5	0	0	0	0	548	556	1	
6	0	0	0	0	555	558	1	
7	0	0	0	0	558	560	1	
8	0	0	0	0	558	562	1	
9	0	0	0	0	556	557	0	
10	0	0	0	0	553	553	1	
11	0	0	0	0	546	555	1	
12	0	0	0	0	540	559	1	
13	0	0	0	0	532	563	1	
14	0	0	0	0	527	565	1	
15	0	0	0	0	526	565	1	
0	0	0	0	0	521	569	1	
1	0	0	0	0	517	571	1	
2	0	0	0	0	512	567	1	
3	0	0	0	0	508	557	0	
4	0	0	0	0	510	541	1	
5	0	0	0	0	519	526	0	
6	0	0	0	0	530	514	0	
7	0	0	0	0	540	509	0	
8	0	0	0	0	546	507	0	
9	0	0	0	0	554	508	0	
10	0	0	0	0	548	511	1	
11	0	0	0	0	537	516	0	
12	0	0	0	0	528	528	0	
13	0	0	0	0	522	536	0	
14	0	0	0	0	521	533	1	
15	0	0	0	0	518	527	0	
0	0	0	0	0	513	521	0	
1	0	0	0	0	509	517	0	
2	0	0	0	0	504	507	0	
3	0	0	0	0	504	498	0	
4	0	0	0	0	502	494	0	
5	0	0	0	0	494	496	0	
6	0	0	0	0	489	500	0	
7	0	0	0	0	489	499	0	
8	0	0	0	0	493	502	0	
9	0	0	0	0	496	503	0	
10	0	0	0	0	500	507	0	
11	0	0	0	0	500	508	0	
12	0	0	0	0	499	511	0	
13	0	0	0	0	503	513	0	
14	0	0	0	0	506	517	0	
15	0	0	0	0	512	521	0	
0	0	0	0	0	517	527	0	
1	0	0	0	0	516	530	0	
2	0	0	0	0	519	532	0	
3	0	0	0	0	529	530	0	
4	0	0	0	0	542	527	0	
5	0	0	0	0	558	521	0	
6	0	0	0	0	564	510	0	
7	0	0	0	0	563	506	0	
8	0	0	0	0	556	501	0	
9	0	0	0	0	544	497	0	
10	0	0	0	0	530	493	0	
11	0	0	0	0	515	487	0	
12	0	0	0	0	503	484	0	
13	0	0	0	0	488	480	0	
14	0	0	0	0	481	483	0	
15	0	0	0	0	478	485	0	
0	0	0	0	0	479	477	0	
1	0	0	0	0	472	470	0	
2	0	0	0	0	468	471	0	
3	0	0	0	0	465	472	0	
4	0	0	0	0	462	471	0	
5	0	0	0	0	460	474	0	
6	0	0	0	0	458	483	0	
7	0	0	0	0	459	496	0	
8	0	0	0	0	461	506	0	
9	0	0	0	0	464	507	0	
10	0	0	0	0	473	507	0	
11	0	0	0	0	484	508	0	
12	0	0	0	0	491	507	0	
13	0	0	0	0	491	505	0	
14	0	0	0	0	486	507	0	
15	0	0	0	0	478	512	0	
0	0	0	0	0	474	520	0	
1	0	0	0	0	472	518	0	
2	0	0	0	0	474	516	1	
3	0	0	0	0	476	518	0	
4	0	0	0	0	473	518	0	
5	0	0	0	0	475	524	1	
6	0	0	0	0	474	528	0	
7	0	0	0	0	476	534	1	
8	0	0	0	0	476	539	0	
9	0	0	0	0	478	540	0	
10	0	0	0	0	487	537	0	
11	0	0	0	0	495	535	1	
12	0	0	0	0	501	534	0	
13	0	0	0	0	508	535	0	
14	0	0	0	0	513	536	0	
15	0	0	0	0	519	543	1	
0	0	0	0	0	524	552	1	
1	0	0	0	0	526	558	1	
2	0	0	0	0	524	563	1	
3	0	0	0	0	524	556	1	
4	0	0	0	0	523	539	0	
5	0	0	0	0	527	524	0	
6	0	0	0	0	530	513	0	
7	0	0	0	0	531	505	0	
8	0	0	0	0	533	504	0	
9	0	0	0	0	535	510	0	
10	0	0	0	0	539	517	1	
11	0	0	0	0	541	526	1	
12	0	0	0	0	540	532	0	
13	0	0	0	0	533	537	0	
14	0	0	0	0	527	539	0	
15	0	0	0	0	521	536	0	
0	0	0	0	0	519	533	0	
1	0	0	0	0	517	530	0	
2	0	0	0	0	518	529	0	
3	0	0	0	0	519	527	0	
4	0	0	0	0	519	527	0	
5	0	0	0	0	516	525	1	
6	0	0	0	0	514	522	0	
7	0	0	0	0	510	518	0	
8	0	0	0	0	510	509	0	
9	0	0	0	0	514	498	1	
10	0	0	0	0	520	489	0	
11	0	0	0	0	524	487	0	
12	0	0	0	0	527	494	0	
13	0	0	0	0	524	504	0	
14	0	0	0	0	518	510	0	
15	0	0	0	0	515	512	0	
0	0	0	0	0	513	509	0	
1	0	0	0	0	513	502	0	
2	0	0	0	0	515	501	0	
3	0	0	0	0	515	504	0	
4	0	0	0	0	515	509	0	
5	0	0	0	0	514	516	0	
6	0	0	0	0	521	524	0	
7	0	0	0	0	529	532	0	
8	0	0	0	0	544	537	0	
9	0	0	0	0	559	530	0	
10	0	0	0	0	571	518	0	
11	0	0	0	0	576	505	0	
12	0	0	0	0	578	500	0	
13	0	0	0	0	572	497	0	
14	0	0	0	0	567	497	0	
15	0	0	0	0	563	498	0	
0	0	0	0	0	564	494	0	
1	0	0	0	0	566	493	1	
2	0	0	0	0	563	492	0	
3	0	0	0	0	558	494	0	
4	0	0	0	0	550	492	0	
5	0	0	0	0	545	489	0	
6	0	0	0	0	541	483	0	
7	0	0	0	0	534	480	0	
8	0	0	0	0	525	479	0	
9	0	0	0	0	514	475	0	
10	0	0	0	0	508	471	0	
11	0	0	0	0	505	472	0	
12	0	0	0	0	509	472	0	
13	0	0	0	0	514	472	0	
14	0	0	0	0	519	470	0	
15	0	0	0	0	521	464	0	
0	0	0	0	0	522	457	0	
1	0	0	0	0	523	455	0	
2	0	0	0	0	523	456	0	
3	0	0	0	0	522	456	0	
4	0	0	0	0	515	453	0	
5	0	0	0	0	507	454	0	
6	0	0	0	0	498	458	0	
7	0	0	0	0	492	462	0	
8	0	0	0	0	485	472	0	
9	0	0	0	0	480	470	0	
10	0	0	0	0	483	465	0	
11	0	0	0	0	487	463	0	
12	0	0	0	0	494	465	0	
13	0	0	0	0	500	465	0	
14	0	0	0	0	508	463	0	
15	0	0	0	0	515	459	0	
0	0	0	0	0	518	460	0	
1	0	0	0	0	515	465	0	
2	0	0	0	0	514	472	0	
3	0	0	0	0	512	472	0	
4	0	0	0	0	513	468	0	
5	0	0	0	0	510	469	0	
6	0	0	0	0	502	472	0	
7	0	0	0	0	496	472	0	
8	0	0	0	0	487	470	0	
9	0	0	0	0	480	472	0	
10	0	0	0	0	480	473	0	
11	0	0	0	0	486	479	0	
12	0	0	0	0	487	487	0	
13	0	0	0	0	489	486	0	
14	0	0	0	0	493	483	0	
15	0	0	0	0	494	480	0	
0	0	0	0	0	497	479	0	
1	0	0	0	0	499	478	0	
2	0	0	0	0	501	477	0	
3	0	0	0	0	500	479	0	
4	0	0	0	0	500	478	0	
5	0	0	0	0	497	478	0	
6	0	0	0	0	493	479	0	
7	0	0	0	0	492	483	0	
8	0	0	0	0	489	480	0	
9	0	0	0	0	487	480	0	
10	0	0	0	0	483	480	0	
11	0	0	0	0	476	482	0	
12	0	0	0	0	475	482	0	
13	0	0	0	0	471	475	0	
14	0	0	0	0	466	472	0	
15	0	0	0	0	471	475	0	
0	0	0	0	0	476	480	0	
1	0	0	0	0	489	485	0	
2	0	0	0	0	502	486	0	
3	0	0	0	0	513	486	0	
4	0	0	0	0	523	488	0	
5	0	0	0	0	524	488	0	
6	0	0	0	0	520	492	0	
7	0	0	0	0	523	487	0	
8	0	0	0	0	528	477	0	
9	0	0	0	0	533	465	0	
10	0	0	0	0	540	460	0	
11	0	0	0	0	543	453	0	
12	0	0	0	0	543	452	0	
13	0	0	0	0	539	450	0	
14	0	0	0	0	535	450	0	
15	0	0	0	0	531	452	0	
0	0	0	0	0	523	455	0	
1	0	0	0	0	519	468	0	
2	0	0	0	0	514	481	0	
3	0	0	0	0	511	493	0	
4	0	0	0	0	506	499	0	
5	0	0	0	0	502	496	0	
6	0	0	0	0	499	495	0	
7	0	0	0	0	507	494	0	
8	0	0	0	0	518	494	0	
9	0	0	0	0	531	493	0	
10	0	0	0	0	532	494	0	
11	0	0	0	0	530	496	0	
12	0	0	0	0	522	499	1	
13	0	0	0	0	515	506	1	
14	0	0	0	0	508	513	0	
15	0	0	0	0	499	517	0	
0	0	0	0	0	492	521	0	
1	0	0	0	0	484	524	0	
2	0	0	0	0	475	526	0	
3	0	0	0	0	469	519	0	
4	0	0	0	0	466	509	0	
5	0	0	0	0	465	504	0	
6	0	0	0	0	466	497	0	
7	0	0	0	0	469	494	0	
8	0	0	0	0	475	493	0	
9	0	0	0	0	482	492	0	
10	0	0	0	0	489	496	0	
11	0	0	0	0	493	503	0	
12	0	0	0	0	493	508	0	
13	0	0	0	0	490	510	0	
14	0	0	0	0	489	508	0	
15	0	0	0	0	493	506	0	
0	0	0	0	0	496	499	0	
1	0	0	0	0	503	488	0	
2	0	0	0	0	508	480	0	
3	0	0	0	0	509	474	0	
4	0	0	0	0	511	478	0	
5	0	0	0	0	513	483	0	
6	0	0	0	0	514	492	0	
7	0	0	0	0	515	498	0	
8	0	0	0	0	517	508	0	
9	0	0	0	0	521	513	0	
10	0	0	0	0	525	518	0	
11	0	0	0	0	532	524	0	
12	0	0	0	0	534	531	0	
13	0	0	0	0	537	538	0	
14	0	0	0	0	543	543	1	
15	0	0	0	0	545	545	0	
0	0	0	0	0	542	547	0	
1	0	0	0	0	543	547	1	
2	0	0	0	0	543	545	0	
3	0	0	0	0	544	548	1	
4	0	0	0	0	544	551	1	
5	0	0	0	0	543	560	1	
6	0	0	0	0	543	571	1	
7	0	0	0	0	543	568	1	
8	0	0	0	0	542	568	1	
9	0	0	0	0	542	576	1	
10	0	0	0	0	540	579	1	
11	0	0	0	0	534	575	1	
12	0	0	0	0	525	558	0	
13	0	0	0	0	519	542	1	
14	0	0	0	0	510	524	0	
15	0	0	0	0	502	515	0	
0	0	0	0	0	493	512	0	
1	0	0	0	0	487	509	0	
2	0	0	0	0	487	513	0	
3	0	0	0	0	484	519	1	
4	0	0	0	0	480	526	0	
5	0	0	0	0	479	536	0	
6	0	0	0	0	481	540	0	
7	0	0	0	0	488	540	0	
8	0	0	0	0	495	540	0	
9	0	0	0	0	501	547	1	
10	0	0	0	0	504	555	1	
11	0	0	0	0	505	561	0	
12	0	0	0	0	505	568	1	
13	0	0	0	0	504	569	1	
14	0	0	0	0	505	567	1	
15	0	0	0	0	505	561	1	
0	0	0	0	0	506	553	0	
1	0	0	0	0	508	552	1	
2	0	0	0	0	512	552	1	
3	0	0	0	0	518	547	1	
4	0	0	0	0	519	540	0	
5	0	0	0	0	525	539	1	
6	0	0	0	0	527	539	0	
7	0	0	0	0	531	539	0	
8	0	0	0	0	534	543	0	
9	0	0	0	0	528	543	0	
10	0	0	0	0	528	544	1	
11	0	0	0	0	527	546	0	
12	0	0	0	0	525	551	1	
13	0	0	0	0	525	547	0	
14	0	0	0	0	522	539	0	
15	0	0	0	0	525	532	0	
0	0	0	0	0	522	523	0	
1	0	0	0	0	522	512	0	
2	0	0	0	0	524	507	0	
3	0	0	0	0	522	505	0	
4	0	0	0	0	520	505	0	
5	0	0	0	0	515	504	0	
6	0	0	0	0	508	512	0	
7	0	0	0	0	502	520	0	
8	0	0	0	0	501	528	0	
9	0	0	0	0	494	533	0	
10	0	0	0	0	491	536	0	
11	0	0	0	0	491	536	0	
12	0	0	0	0	491	539	1	
13	0	0	0	0	494	542	1	
14	0	0	0	0	494	544	0	
15	0	0	0	0	495	541	0	
0	0	0	0	0	494	531	1	
1	0	0	0	0	491	525	0	
2	0	0	0	0	492	528	0	
3	0	0	0	0	495	531	0	
4	0	0	0	0	501	533	1	
5	0	0	0	0	504	534	0	
6	0	0	0	0	506	540	0	
7	0	0	0	0	511	543	0	
8	0	0	0	0	517	547	0	
9	0	0	0	0	521	545	1	
10	0	0	0	0	527	543	0	
11	0	0	0	0	530	545	0	
12	0	0	0	0	527	543	0	
13	0	0	0	0	519	536	1	
14	0	0	0	0	511	535	0	
15	0	0	0	0	502	527	0	
0	0	0	0	0	495	520	1	
1	0	0	0	0	496	514	0	
2	0	0	0	0	497	505	0	
3	0	0	0	0	499	501	0	
4	0	0	0	0	506	501	0	
5	0	0	0	0	515	504	1	
6	0	0	0	0	520	509	0	
7	0	0	0	0	522	515	0	
8	0	0	0	0	522	523	1	
9	0	0	0	0	521	528	0	
10	0	0	0	0	518	531	0	
11	0	0	0	0	514	536	0	
12	0	0	0	0	510	535	0	
13	0	0	0	0	505	535	0	
14	0	0	0	0	500	527	0	
15	0	0	0	0	489	522	0	
0	0	0	0	0	480	519	0	
1	0	0	0	0	472	516	0	
2	0	0	0	0	473	517	1	
3	0	0	0	0	479	519	0	
4	0	0	0	0	488	523	0	
5	0	0	0	0	492	533	0	
6	0	0	0	0	486	543	0	
7	0	0	0	0	476	550	0	
8	0	0	0	0	466	552	1	
9	0	0	0	0	456	556	1	
10	0	0	0	0	444	551	1	
11	0	0	0	0	438	545	0	
12	0	0	0	0	435	534	1	
13	0	0	0	0	435	520	0	
14	0	0	0	0	442	508	0	
15	0	0	0	0	447	496	0	
0	0	0	0	0	450	484	0	
1	0	0	0	0	459	480	0	
2	0	0	0	0	467	483	0	
3	0	0	0	0	477	499	0	
4	0	0	0	0	482	513	0	
5	0	0	0	0	486	515	0	
6	0	0	0	0	486	506	0	
7	0	0	0	0	486	496	0	
8	0	0	0	0	492	492	0	
9	0	0	0	0	499	489	0	
10	0	0	0	0	508	487	0	
11	0	0	0	0	521	487	0	
12	0	0	0	0	539	492	0	
13	0	0	0	0	551	495	0	
14	0	0	0	0	557	500	0	
15	0	0	0	0	556	504	0	
0	0	0	0	0	560	509	0	
1	0	0	0	0	563	511	0	
2	0	0	0	0	563	519	0	
3	0	0	0	0	561	527	0	
4	0	0	0	0	555	528	0	
5	0	0	0	0	547	531	1	
6	0	0	0	0	537	531	0	
7	0	0	0	0	531	530	0	
8	0	0	0	0	525	525	0	
9	0	0	0	0	522	518	0	
10	0	0	0	0	524	512	0	
11	0	0	0	0	526	508	0	
12	0	0	0	0	533	506	0	
13	0	0	0	0	539	505	0	
14	0	0	0	0	540	507	0	
15	0	0	0	0	542	519	0	
0	0	0	0	0	539	531	0	
1	0	0	0	0	537	540	0	
2	0	0	0	0	540	544	0	
3	0	0	0	0	536	542	0	
4	0	0	0	0	539	534	0	
5	0	0	0	0	538	516	0	
6	0	0	0	0	530	504	0	
7	0	0	0	0	521	495	0	
8	0	0	0	0	510	494	0	
9	0	0	0	0	503	499	0	
10	0	0	0	0	503	504	0	
11	0	0	0	0	504	504	0	
12	0	0	0	0	506	507	0	
13	0	0	0	0	511	512	0	
14	0	0	0	0	510	513	0	
15	0	0	0	0	513	512	0	
0	0	0	0	0	522	514	0	
1	0	0	0	0	531	512	0	
2	0	0	0	0	536	513	0	
3	0	0	0	0	532	512	0	
4	0	0	0	0	524	507	1	
5	0	0	0	0	519	504	1	
6	0	0	0	0	511	498	0	
7	0	0	0	0	506	492	0	
8	0	0	0	0	504	489	0	
9	0	0	0	0	505	487	0	
10	0	0	0	0	511	487	1	
11	0	0	0	0	516	490	0	
12	0	0	0	0	523	496	0	
13	0	0	0	0	530	505	0	
14	0	0	0	0	531	511	0	
15	0	0	0	0	533	511	0	
0	0	0	0	0	534	511	0	
1	0	0	0	0	533	514	0	
2	0	0	0	0	532	519	0	
3	0	0	0	0	534	526	0	
4	0	0	0	0	536	531	1	
5	0	0	0	0	543	534	0	
6	0	0	0	0	545	526	0	
7	0	0	0	0	541	515	0	
8	0	0	0	0	540	503	0	
9	0	0	0	0	544	496	0	
10	0	0	0	0	551	496	0	
11	0	0	0	0	554	497	0	
12	0	0	0	0	550	497	0	
13	0	0	0	0	541	500	0	
14	0	0	0	0	528	503	1	
15	0	0	0	0	520	512	0	
0	0	0	0	0	512	521	0	
1	0	0	0	0	504	532	1	
2	0	0	0	0	499	538	0	
3	0	0	0	0	497	542	0	
4	0	0	0	0	497	545	0	
5	0	0	0	0	492	545	0	
6	0	0	0	0	487	541	0	
7	0	0	0	0	482	538	0	
8	0	0	0	0	479	538	0	
9	0	0	0	0	478	539	0	
10	0	0	0	0	476	540	0	
11	0	0	0	0	480	537	0	
12	0	0	0	0	487	533	0	
13	0	0	0	0	496	532	0	
14	0	0	0	0	507	535	0	
15	0	0	0	0	516	541	0	
0	0	0	0	0	527	551	1	
1	0	0	0	0	534	558	1	
2	0	0	0	0	536	563	1	
3	0	0	0	0	536	562	1	
4	0	0	0	0	536	549	1	
5	0	0	0	0	540	536	0	
6	0	0	0	0	543	527	0	
7	0	0	0	0	547	526	0	
8	0	0	0	0	551	523	0	
9	0	0	0	0	558	522	0	
10	0	0	0	0	561	522	1	
11	0	0	0	0	564	525	0	
12	0	0	0	0	566	528	0	
13	0	0	0	0	562	531	0	
14	0	0	0	0	554	529	0	
15	0	0	0	0	551	527	0	
0	0	0	0	0	547	528	0	
1	0	0	0	0	543	530	0	
2	0	0	0	0	536	531	0	
3	0	0	0	0	529	529	0	
4	0	0	0	0	525	529	1	
5	0	0	0	0	523	530	0	
6	0	0	0	0	522	534	0	
7	0	0	0	0	518	540	0	
8	0	0	0	0	514	538	0	
9	0	0	0	0	509	529	0	
10	0	0	0	0	504	518	0	
11	0	0	0	0	502	514	0	
12	0	0	0	0	502	511	0	
13	0	0	0	0	509	506	0	
14	0	0	0	0	524	505	0	
15	0	0	0	0	537	503	0	
0	0	0	0	0	547	499	0	
1	0	0	0	0	555	492	0	
2	0	0	0	0	564	485	0	
3	0	0	0	0	570	486	0	
4	0	0	0	0	566	494	0	
5	0	0	0	0	551	505	0	
6	0	0	0	0	538	504	0	
7	0	0	0	0	529	494	0	
8	0	0	0	0	522	486	0	
9	0	0	0	0	515	483	0	
10	0	0	0	0	511	483	0	
11	0	0	0	0	507	487	0	
12	0	0	0	0	507	493	0	
13	0	0	0	0	510	500	0	
14	0	0	0	0	512	502	0	
15	0	0	0	0	516	504	0	
0	0	0	0	0	515	504	0	
1	0	0	0	0	519	503	0	
2	0	0	0	0	522	508	0	
3	0	0	0	0	527	512	0	
4	0	0	0	0	529	513	0	
5	0	0	0	0	531	512	0	
6	0	0	0	0	527	512	0	
7	0	0	0	0	523	516	0	
8	0	0	0	0	518	516	0	
9	0	0	0	0	513	514	0	
10	0	0	0	0	512	512	0	
11	0	0	0	0	510	507	0	
12	0	0	0	0	507	504	1	
13	0	0	0	0	509	499	0	
14	0	0	0	0	514	500	0	
15	0	0	0	0	512	500	0	
0	0	0	0	0	509	500	0	
1	0	0	0	0	510	501	0	
2	0	0	0	0	511	502	0	
3	0	0	0	0	511	508	0	
4	0	0	0	0	510	512	0	
5	0	0	0	0	506	504	0	
6	0	0	0	0	504	497	0	
7	0	0	0	0	509	495	0	
8	0	0	0	0	515	492	0	
9	0	0	0	0	519	483	0	
10	0	0	0	0	521	474	0	
11	0	0	0	0	522	470	0	
12	0	0	0	0	526	467	0	
13	0	0	0	0	524	466	0	
14	0	0	0	0	517	463	0	
15	0	0	0	0	511	463	0	
0	0	0	0	0	508	472	0	
1	0	0	0	0	508	480	0	
2	0	0	0	0	509	482	0	
3	0	0	0	0	510	483	0	
4	0	0	0	0	511	483	0	
5	0	0	0	0	510	486	0	
6	0	0	0	0	504	483	0	
7	0	0	0	0	496	477	0	
8	0	0	0	0	490	469	0	
9	0	0	0	0	483	466	0	
10	0	0	0	0	479	468	0	
11	0	0	0	0	477	472	0	
12	0	0	0	0	480	474	0	
13	0	0	0	0	487	476	0	
14	0	0	0	0	488	474	0	
15	0	0	0	0	496	472	0	
0	0	0	0	0	501	466	1	
1	0	0	0	0	505	462	0	
2	0	0	0	0	509	460	0	
3	0	0	0	0	512	461	0	
4	0	0	0	0	519	467	0	
5	0	0	0	0	521	473	0	
6	0	0	0	0	519	478	0	
7	0	0	0	0	521	487	0	
8	0	0	0	0	516	487	0	
9	0	0	0	0	512	485	0	
10	0	0	0	0	505	483	0	
11	0	0	0	0	500	480	1	
12	0	0	0	0	496	476	0	
13	0	0	0	0	494	472	0	
14	0	0	0	0	493	471	0	
15	0	0	0	0	493	474	0	
0	0	0	0	0	500	478	1	
1	0	0	0	0	505	474	0	
2	0	0	0	0	510	473	0	
3	0	0	0	0	510	478	0	
4	0	0	0	0	509	482	0	
5	0	0	0	0	515	491	0	
6	0	0	0	0	523	502	0	
7	0	0	0	0	522	508	0	
8	0	0	0	0	524	512	0	
9	0	0	0	0	523	517	0	
10	0	0	0	0	520	522	0	
11	0	0	0	0	518	527	0	
12	0	0	0	0	515	519	0	
13	0	0	0	0	510	510	1	
14	0	0	0	0	499	504	0	
15	0	0	0	0	490	498	0	
0	0	0	0	0	487	486	0	
1	0	0	0	0	487	476	0	
2	0	0	0	0	488	470	0	
3	0	0	0	0	483	465	0	
4	0	0	0	0	478	459	0	
5	0	0	0	0	480	454	0	
6	0	0	0	0	482	448	0	
7	0	0	0	0	487	448	0	
8	0	0	0	0	491	446	0	
9	0	0	0	0	493	440	0	
10	0	0	0	0	495	435	0	
11	0	0	0	0	496	427	0	
12	0	0	0	0	499	420	0	
13	0	0	0	0	500	416	0	
14	0	0	0	0	500	419	0	
15	0	0	0	0	500	430	0	
0	0	0	0	0	499	440	0	
1	0	0	0	0	499	454	0	
2	0	0	0	0	499	458	0	
3	0	0	0	0	499	462	0	
4	0	0	0	0	499	463	0	
5	0	0	0	0	503	463	0	
6	0	0	0	0	511	465	0	
7	0	0	0	0	519	462	0	
8	0	0	0	0	528	463	0	
9	0	0	0	0	532	463	0	
10	0	0	0	0	533	465	0	
11	0	0	0	0	529	467	0	
12	0	0	0	0	523	460	0	
13	0	0	0	0	513	456	0	
14	0	0	0	0	504	455	0	
15	0	0	0	0	498	455	0	
0	0	0	0	0	493	455	0	
1	0	0	0	0	488	455	0	
2	0	0	0	0	485	457	0	
3	0	0	0	0	483	464	0	
4	0	0	0	0	482	475	0	
5	0	0	0	0	478	483	0	
6	0	0	0	0	476	490	0	
7	0	0	0	0	476	502	0	
8	0	0	0	0	483	506	0	
9	0	0	0	0	491	496	0	
10	0	0	0	0	496	489	0	
11	0	0	0	0	494	483	0	
12	0	0	0	0	492	482	0	
13	0	0	0	0	491	486	0	
14	0	0	0	0	494	491	0	
15	0	0	0	0	497	492	0	
0	0	0	0	0	500	487	0	
1	0	0	0	0	502	483	0	
2	0	0	0	0	496	484	0	
3	0	0	0	0	488	492	0	
4	0	0	0	0	478	501	0	
5	0	0	0	0	472	511	0	
6	0	0	0	0	468	515	0	
7	0	0	0	0	466	512	0	
8	0	0	0	0	471	510	0	
9	0	0	0	0	470	502	0	
10	0	0	0	0	480	498	0	
11	0	0	0	0	491	497	0	
12	0	0	0	0	500	502	0	
13	0	0	0	0	511	505	0	
14	0	0	0	0	516	505	0	
15	0	0	0	0	523	505	0	
0	0	0	0	0	527	507	1	
1	0	0	0	0	529	508	0	
2	0	0	0	0	526	512	0	
3	0	0	0	0	524	518	0	
4	0	0	0	0	525	526	0	
5	0	0	0	0	524	532	1	
6	0	0	0	0	524	536	0	
7	0	0	0	0	526	539	0	
8	0	0	0	0	526	539	0	
9	0	0	0	0	526	536	0	
10	0	0	0	0	519	532	0	
11	0	0	0	0	515	532	0	
12	0	0	0	0	506	537	0	
13	0	0	0	0	502	537	0	
14	0	0	0	0	502	534	0	
15	0	0	0	0	506	527	0	
0	0	0	0	0	514	523	0	
1	0	0	0	0	515	513	0	
2	0	0	0	0	520	509	0	
3	0	0	0	0	525	503	0	
4	0	0	0	0	529	496	0	
5	0	0	0	0	535	490	0	
6	0	0	0	0	537	480	0	
7	0	0	0	0	534	472	0	
8	0	0	0	0	530	464	0	
9	0	0	0	0	526	460	1	
10	0	0	0	0	519	453	0	
11	0	0	0	0	514	449	0	
12	0	0	0	0	514	456	0	
13	0	0	0	0	515	465	0	
14	0	0	0	0	519	477	0	
15	0	0	0	0	530	487	0	
0	0	0	0	0	546	487	0	
1	0	0	0	0	562	493	0	
2	0	0	0	0	565	502	0	
3	0	0	0	0	559	508	1	
4	0	0	0	0	553	506	0	
5	0	0	0	0	549	493	0	
6	0	0	0	0	550	489	1	
7	0	0	0	0	547	483	0	
8	0	0	0	0	547	480	0	
9	0	0	0	0	541	483	0	
10	0	0	0	0	538	493	0	
11	0	0	0	0	535	497	0	
12	0	0	0	0	532	496	0	
13	0	0	0	0	529	495	0	
14	0	0	0	0	525	493	0	
15	0	0	0	0	523	484	0	
0	0	0	0	0	524	474	0	
1	0	0	0	0	526	464	0	
2	0	0	0	0	531	460	0	
3	0	0	0	0	538	459	0	
4	0	0	0	0	546	459	0	
5	0	0	0	0	556	461	0	
6	0	0	0	0	564	463	0	
7	0	0	0	0	572	466	0	
8	0	0	0	0	574	471	0	
9	0	0	0	0	573	472	0	
10	0	0	0	0	570	468	0	
11	0	0	0	0	570	461	0	
12	0	0	0	0	571	455	0	
13	0	0	0	0	577	454	0	
14	0	0	0	0	575	461	0	
15	0	0	0	0	571	472	0	
0	0	0	0	0	563	480	0	
1	0	0	0	0	556	484	0	
2	0	0	0	0	550	484	0	
3	0	0	0	0	540	483	0	
4	0	0	0	0	530	481	0	
5	0	0	0	0	524	474	0	
6	0	0	0	0	520	469	0	
7	0	0	0	0	514	464	0	
8	0	0	0	0	512	460	0	
9	0	0	0	0	511	458	0	
10	0	0	0	0	508	456	0	
11	0	0	0	0	500	459	0	
12	0	0	0	0	491	463	0	
13	0	0	0	0	484	470	0	
14	0	0	0	0	483	478	0	
15	0	0	0	0	484	478	0	
0	0	0	0	0	487	478	0	
1	0	0	0	0	492	476	0	
2	0	0	0	0	498	476	0	
3	0	0	0	0	504	477	0	
4	0	0	0	0	512	481	0	
5	0	0	0	0	518	493	0	
6	0	0	0	0	524	510	0	
7	0	0	0	0	528	523	0	
8	0	0	0	0	537	531	0	
9	0	0	0	0	544	531	0	
10	0	0	0	0	551	530	0	
11	0	0	0	0	555	528	0	
12	0	0	0	0	553	529	0	
13	0	0	0	0	551	527	1	
14	0	0	0	0	545	524	0	
15	0	0	0	0	546	522	0	
0	0	0	0	0	551	519	0	
1	0	0	0	0	556	515	0	
2	0	0	0	0	556	504	0	
3	0	0	0	0	560	495	0	
4	0	0	0	0	568	488	0	
5	0	0	0	0	574	481	0	
6	0	0	0	0	575	477	0	
7	0	0	0	0	572	472	0	
8	0	0	0	0	565	471	0	
9	0	0	0	0	559	475	0	
10	0	0	0	0	551	481	0	
11	0	0	0	0	540	486	0	
12	0	0	0	0	536	489	0	
13	0	0	0	0	531	493	0	
14	0	0	0	0	522	494	0	
15	0	0	0	0	513	490	0	
0	0	0	0	0	506	488	0	
1	0	0	0	0	500	489	1	
2	0	0	0	0	493	483	0	
3	0	0	0	0	491	477	0	
4	0	0	0	0	489	474	0	
5	0	0	0	0	490	469	0	
6	0	0	0	0	493	468	0	
7	0	0	0	0	499	472	0	
8	0	0	0	0	508	481	0	
9	0	0	0	0	511	491	0	
10	0	0	0	0	508	502	0	
11	0	0	0	0	506	514	0	
12	0	0	0	0	504	528	0	
13	0	0	0	0	502	544	1	
14	0	0	0	0	499	556	1	
15	0	0	0	0	499	561	1	
0	0	0	0	0	499	563	1	
1	0	0	0	0	498	562	1	
2	0	0	0	0	497	561	1	
3	0	0	0	0	497	560	1	
4	0	0	0	0	495	558	1	
5	0	0	0	0	496	556	1	
6	0	0	0	0	501	554	0	
7	0	0	0	0	502	551	1	
8	0	0	0	0	499	553	0	
9	0	0	0	0	494	561	1	
10	0	0	0	0	490	564	1	
11	0	0	0	0	491	558	1	
12	0	0	0	0	491	551	1	
13	0	0	0	0	491	547	0	
14	0	0	0	0	487	544	0	
15	0	0	0	0	482	542	0	
0	0	0	0	0	484	547	0	
1	0	0	0	0	488	544	1	
2	0	0	0	0	491	530	0	
3	0	0	0	0	492	517	0	
4	0	0	0	0	493	504	0	
5	0	0	0	0	498	490	0	
6	0	0	0	0	501	485	0	
7	0	0	0	0	504	487	0	
8	0	0	0	0	502	488	0	
9	0	0	0	0	502	493	0	
10	0	0	0	0	505	501	0	
11	0	0	0	0	515	510	0	
12	0	0	0	0	528	518	0	
13	0	0	0	0	535	517	0	
14	0	0	0	0	542	511	0	
15	0	0	0	0	540	502	0	
0	0	0	0	0	540	494	0	
1	0	0	0	0	534	489	0	
2	0	0	0	0	528	483	0	
3	0	0	0	0	525	476	0	
4	0	0	0	0	523	471	0	
5	0	0	0	0	521	465	0	
6	0	0	0	0	518	461	0	
7	0	0	0	0	512	455	0	
8	0	0	0	0	509	451	0	
9	0	0	0	0	507	449	0	
10	0	0	0	0	505	446	0	
11	0	0	0	0	507	443	0	
12	0	0	0	0	511	439	0	
13	0	0	0	0	513	439	0	
14	0	0	0	0	508	441	0	
15	0	0	0	0	503	450	0	
0	0	0	0	0	500	457	0	
1	0	0	0	0	494	462	0	
2	0	0	0	0	487	467	0	
3	0	0	0	0	480	472	0	
4	0	0	0	0	477	479	0	
5	0	0	0	0	476	475	0	
6	0	0	0	0	474	468	0	
7	0	0	0	0	468	463	0	
8	0	0	0	0	461	459	0	
9	0	0	0	0	455	454	0	
10	0	0	0	0	453	451	0	
11	0	0	0	0	452	448	0	
12	0	0	0	0	456	444	0	
13	0	0	0	0	460	443	0	
14	0	0	0	0	463	450	0	
15	0	0	0	0	467	458	0	
0	0	0	0	0	470	459	0	
1	0	0	0	0	476	459	0	
2	0	0	0	0	483	462	0	
3	0	0	0	0	490	466	0	
4	0	0	0	0	496	464	0	
5	0	0	0	0	502	452	0	
6	0	0	0	0	502	444	0	
7	0	0	0	0	499	443	0	
8	0	0	0	0	499	444	0	
9	0	0	0	0	503	444	0	
10	0	0	0	0	504	438	0	
11	0	0	0	0	503	432	0	
12	0	0	0	0	496	426	0	
13	0	0	0	0	489	424	0	
14	0	0	0	0	483	425	0	
15	0	0	0	0	476	427	0	
0	0	0	0	0	470	430	0	
1	0	0	0	0	466	436	0	
2	0	0	0	0	462	438	0	
3	0	0	0	0	460	443	0	
4	0	0	0	0	462	449	0	
5	0	0	0	0	470	456	0	
6	0	0	0	0	478	461	0	
7	0	0	0	0	494	466	0	
8	0	0	0	0	505	472	0	
9	0	0	0	0	502	482	0	
10	0	0	0	0	501	493	0	
11	0	0	0	0	497	492	1	
12	0	0	0	0	495	486	0	
13	0	0	0	0	498	483	0	
14	0	0	0	0	497	478	0	
15	0	0	0	0	499	477	0	
0	0	0	0	0	499	477	0	
1	0	0	0	0	501	473	0	
2	0	0	0	0	505	471	0	
3	0	0	0	0	509	472	0	
4	0	0	0	0	511	477	0	
5	0	0	0	0	511	485	0	
6	0	0	0	0	516	494	1	
7	0	0	0	0	525	500	0	
8	0	0	0	0	536	501	0	
9	0	0	0	0	549	504	0	
10	0	0	0	0	558	503	1	
11	0	0	0	0	563	503	0	
12	0	0	0	0	562	501	0	
13	0	0	0	0	557	495	0	
14	0	0	0	0	551	492	0	
15	0	0	0	0	543	495	0	
0	0	0	0	0	529	502	0	
1	0	0	0	0	522	508	0	
2	0	0	0	0	519	511	0	
3	0	0	0	0	521	519	0	
4	0	0	0	0	526	531	0	
5	0	0	0	0	536	529	0	
6	0	0	0	0	543	515	0	
7	0	0	0	0	539	497	0	
8	0	0	0	0	528	484	0	
9	0	0	0	0	514	473	0	
10	0	0	0	0	505	469	1	
11	0	0	0	0	497	465	0	
12	0	0	0	0	490	460	0	
13	0	0	0	0	487	462	0	
14	0	0	0	0	487	466	0	
15	0	0	0	0	488	476	0	
0	0	0	0	0	492	486	0	
1	0	0	0	0	495	489	0	
2	0	0	0	0	505	495	0	
3	0	0	0	0	512	502	0	
4	0	0	0	0	524	506	0	
5	0	0	0	0	531	508	0	
6	0	0	0	0	536	505	0	
7	0	0	0	0	549	501	0	
8	0	0	0	0	559	495	0	
9	0	0	0	0	561	489	0	
10	0	0	0	0	557	487	0	
11	0	0	0	0	550	486	0	
12	0	0	0	0	546	487	0	
13	0	0	0	0	546	487	0	
14	0	0	0	0	547	490	0	
15	0	0	0	0	548	495	0	
0	0	0	0	0	548	496	0	
1	0	0	0	0	547	498	0	
2	0	0	0	0	543	496	0	
3	0	0	0	0	541	498	0	
4	0	0	0	0	537	497	0	
5	0	0	0	0	536	489	0	
6	0	0	0	0	539	479	0	
7	0	0	0	0	541	474	0	
8	0	0	0	0	543	479	0	
9	0	0	0	0	547	484	0	
10	0	0	0	0	550	488	0	
11	0	0	0	0	551	487	0	
12	0	0	0	0	551	493	0	
13	0	0	0	0	549	504	0	
14	0	0	0	0	547	519	0	
15	0	0	0	0	545	525	0	
0	0	0	0	0	544	531	1	
1	0	0	0	0	547	528	0	
2	0	0	0	0	553	519	0	
3	0	0	0	0	558	513	0	
4	0	0	0	0	557	508	0	
5	0	0	0	0	559	500	0	
6	0	0	0	0	565	492	0	
7	0	0	0	0	567	485	0	
8	0	0	0	0	561	480	0	
9	0	0	0	0	553	479	0	
10	0	0	0	0	551	487	0	
11	0	0	0	0	547	497	0	
12	0	0	0	0	545	496	0	
13	0	0	0	0	545	496	0	
14	0	0	0	0	550	491	0	
15	0	0	0	0	559	484	0	
0	0	0	0	0	569	483	0	
1	0	0	0	0	570	480	0	
2	0	0	0	0	561	483	0	
3	0	0	0	0	552	487	0	
4	0	0	0	0	547	492	1	
5	0	0	0	0	541	493	0	
6	0	0	0	0	535	492	0	
7	0	0	0	0	528	490	0	
8	0	0	0	0	523	487	0	
9	0	0	0	0	515	493	0	
10	0	0	0	0	509	501	0	
11	0	0	0	0	502	508	0	
12	0	0	0	0	498	517	0	
13	0	0	0	0	499	528	0	
14	0	0	0	0	503	534	1	
15	0	0	0	0	511	528	0	
0	0	0	0	0	517	518	0	
1	0	0	0	0	523	513	0	
2	0	0	0	0	526	507	0	
3	0	0	0	0	531	500	0	
4	0	0	0	0	536	497	0	
5	0	0	0	0	537	500	0	
6	0	0	0	0	541	503	0	
7	0	0	0	0	541	502	0	
8	0	0	0	0	542	501	1	
9	0	0	0	0	538	500	0	
10	0	0	0	0	529	499	0	
11	0	0	0	0	517	503	0	
12	0	0	0	0	507	507	0	
13	0	0	0	0	500	515	0	
14	0	0	0	0	497	527	0	
15	0	0	0	0	500	537	0	
0	0	0	0	0	506	545	0	
1	0	0	0	0	510	551	1	
2	0	0	0	0	516	563	1	
3	0	0	0	0	518	568	1	
4	0	0	0	0	518	560	1	
5	0	0	0	0	515	554	1	
6	0	0	0	0	513	543	0	
7	0	0	0	0	512	538	0	
8	0	0	0	0	507	540	0	
9	0	0	0	0	501	537	1	
10	0	0	0	0	498	533	0	
11	0	0	0	0	492	525	0	
12	0	0	0	0	495	522	0	
13	0	0	0	0	502	519	1	
14	0	0	0	0	511	518	1	
15	0	0	0	0	517	520	0	
0	0	0	0	0	521	526	0	
1	0	0	0	0	526	539	1	
2	0	0	0	0	530	541	0	
3	0	0	0	0	535	534	1	
4	0	0	0	0	539	527	0	
5	0	0	0	0	540	518	0	
6	0	0	0	0	538	512	0	
7	0	0	0	0	537	505	0	
8	0	0	0	0	532	504	1	
9	0	0	0	0	526	504	0	
10	0	0	0	0	523	507	0	
11	0	0	0	0	525	508	0	
12	0	0	0	0	532	508	0	
13	0	0	0	0	540	513	0	
14	0	0	0	0	547	522	0	
15	0	0	0	0	553	526	0	
0	0	0	0	0	563	535	0	
1	0	0	0	0	570	543	1	
2	0	0	0	0	572	547	1	
3	0	0	0	0	572	551	1	
4	0	0	0	0	568	553	0	
5	0	0	0	0	557	557	1	
6	0	0	0	0	543	560	1	
7	0	0	0	0	534	558	1	
8	0	0	0	0	528	551	1	
9	0	0	0	0	526	536	0	
10	0	0	0	0	524	517	0	
11	0	0	0	0	519	507	0	
12	0	0	0	0	516	499	0	
13	0	0	0	0	516	505	0	
14	0	0	0	0	513	519	0	
15	0	0	0	0	515	532	0	
0	0	0	0	0	520	545	0	
1	0	0	0	0	527	550	1	
2	0	0	0	0	539	547	0	
3	0	0	0	0	551	540	0	
4	0	0	0	0	551	539	0	
5	0	0	0	0	544	532	0	
6	0	0	0	0	543	519	1	
7	0	0	0	0	539	503	0	
8	0	0	0	0	533	496	0	
9	0	0	0	0	529	493	0	
10	0	0	0	0	527	489	0	
11	0	0	0	0	530	489	0	
12	0	0	0	0	532	495	0	
13	0	0	0	0	535	500	0	
14	0	0	0	0	535	506	0	
15	0	0	0	0	533	516	0	
0	0	0	0	0	532	524	0	
1	0	0	0	0	534	531	0	
2	0	0	0	0	536	536	0	
3	0	0	0	0	535	538	1	
4	0	0	0	0	533	534	0	
5	0	0	0	0	528	536	0	
6	0	0	0	0	524	540	0	
7	0	0	0	0	525	540	0	
8	0	0	0	0	531	540	0	
9	0	0	0	0	543	542	0	
10	0	0	0	0	553	546	0	
11	0	0	0	0	558	548	1	
12	0	0	0	0	558	547	1	
13	0	0	0	0	556	547	1	
14	0	0	0	0	557	550	0	
15	0	0	0	0	556	549	1	
0	0	0	0	0	553	546	0	
1	0	0	0	0	543	545	1	
2	0	0	0	0	536	542	0	
3	0	0	0	0	534	538	0	
4	0	0	0	0	534	535	0	
5	0	0	0	0	532	532	0	
6	0	0	0	0	531	528	0	
7	0	0	0	0	531	524	1	
8	0	0	0	0	537	521	0	
9	0	0	0	0	540	520	0	
10	0	0	0	0	541	519	0	
11	0	0	0	0	537	517	0	
12	0	0	0	0	534	515	0	
13	0	0	0	0	528	510	0	
14	0	0	0	0	527	505	0	
15	0	0	0	0	530	497	0	
0	0	0	0	0	534	484	0	
1	0	0	0	0	544	478	1	
2	0	0	0	0	553	476	0	
3	0	0	0	0	559	481	0	
4	0	0	0	0	560	487	0	
5	0	0	0	0	557	492	0	
6	0	0	0	0	550	495	0	
7	0	0	0	0	543	491	0	
8	0	0	0	0	540	483	0	
9	0	0	0	0	541	477	0	
10	0	0	0	0	544	476	0	
11	0	0	0	0	544	485	0	
12	0	0	0	0	539	492	0	
13	0	0	0	0	532	493	0	
14	0	0	0	0	525	491	0	
15	0	0	0	0	519	488	0	
0	0	0	0	0	514	491	0	
1	0	0	0	0	505	489	0	
2	0	0	0	0	491	484	0	
3	0	0	0	0	482	483	0	
4	0	0	0	0	475	481	0	
5	0	0	0	0	473	486	0	
6	0	0	0	0	471	488	1	
7	0	0	0	0	472	501	0	
8	0	0	0	0	473	513	0	
9	0	0	0	0	476	512	0	
10	0	0	0	0	481	512	0	
11	0	0	0	0	491	510	0	
12	0	0	0	0	502	504	0	
13	0	0	0	0	520	501	0	
14	0	0	0	0	539	498	0	
15	0	0	0	0	555	503	0	
0	0	0	0	0	566	508	1	
1	0	0	0	0	575	515	1	
2	0	0	0	0	583	521	0	
3	0	0	0	0	588	525	0	
4	0	0	0	0	587	526	0	
5	0	0	0	0	583	527	0	
6	0	0	0	0	580	524	1	
7	0	0	0	0	574	524	0	
8	0	0	0	0	564	520	0	
9	0	0	0	0	558	520	0	
10	0	0	0	0	548	519	0	
11	0	0	0	0	540	515	1	
12	0	0	0	0	537	502	0	
13	0	0	0	0	535	489	0	
14	0	0	0	0	530	481	0	
15	0	0	0	0	527	472	0	
0	0	0	0	0	523	467	0	
1	0	0	0	0	516	470	0	
2	0	0	0	0	511	472	0	
3	0	0	0	0	509	471	0	
4	0	0	0	0	506	471	0	
5	0	0	0	0	503	476	0	
6	0	0	0	0	500	482	0	
7	0	0	0	0	504	489	0	
8	0	0	0	0	509	493	0	
9	0	0	0	0	520	500	0	
10	0	0	0	0	533	508	1	
11	0	0	0	0	546	505	0	
12	0	0	0	0	560	503	0	
13	0	0	0	0	574	500	0	
14	0	0	0	0	581	496	0	
15	0	0	0	0	589	495	0	
0	0	0	0	0	594	496	0	
1	0	0	0	0	595	501	0	
2	0	0	0	0	598	504	1	
3	0	0	0	0	596	496	0	
4	0	0	0	0	592	488	0	
5	0	0	0	0	583	485	0	
6	0	0	0	0	576	486	0	
7	0	0	0	0	569	487	0	
8	0	0	0	0	569	489	0	
9	0	0	0	0	564	489	1	
10	0	0	0	0	559	489	0	
11	0	0	0	0	550	493	0	
12	0	0	0	0	542	501	0	
13	0	0	0	0	532	510	0	
14	0	0	0	0	522	516	1	
15	0	0	0	0	511	522	0	
0	0	0	0	0	499	525	0	
1	0	0	0	0	489	525	0	
2	0	0	0	0	481	522	0	
3	0	0	0	0	478	523	0	
4	0	0	0	0	476	526	0	
5	0	0	0	0	478	531	0	
6	0	0	0	0	487	541	0	
7	0	0	0	0	492	548	0	
8	0	0	0	0	496	544	0	
9	0	0	0	0	499	531	0	
10	0	0	0	0	497	524	0	
11	0	0	0	0	496	522	0	
12	0	0	0	0	494	516	0	
13	0	0	0	0	495	513	0	
14	0	0	0	0	502	505	0	
15	0	0	0	0	510	498	0	
0	0	0	0	0	517	494	0	
1	0	0	0	0	522	496	0	
2	0	0	0	0	527	503	0	
3	0	0	0	0	529	511	0	
4	0	0	0	0	530	520	0	
5	0	0	0	0	530	532	1	
6	0	0	0	0	527	540	0	
7	0	0	0	0	526	551	1	
8	0	0	0	0	526	561	1	
9	0	0	0	0	531	568	1	
10	0	0	0	0	529	565	1	
11	0	0	0	0	532	561	0	
12	0	0	0	0	541	551	1	
13	0	0	0	0	555	543	0	
14	0	0	0	0	567	534	0	
15	0	0	0	0	575	527	1	
0	0	0	0	0	575	523	0	
1	0	0	0	0	571	526	0	
2	0	0	0	0	565	531	0	
3	0	0	0	0	555	536	1	
4	0	0	0	0	541	544	0	
5	0	0	0	0	535	559	1	
6	0	0	0	0	540	566	1	
7	0	0	0	0	542	561	1	
8	0	0	0	0	542	553	1	
9	0	0	0	0	540	545	1	
10	0	0	0	0	536	535	0	
11	0	0	0	0	535	523	0	
12	0	0	0	0	538	509	0	
13	0	0	0	0	537	498	0	
14	0	0	0	0	535	493	0	
15	0	0	0	0	534	490	0	
0	0	0	0	0	531	489	0	
1	0	0	0	0	528	494	0	
2	0	0	0	0	530	504	0	
3	0	0	0	0	529	511	0	
4	0	0	0	0	528	519	0	
5	0	0	0	0	526	525	0	
6	0	0	0	0	521	532	0	
7	0	0	0	0	516	534	0	
8	0	0	0	0	512	536	0	
9	0	0	0	0	510	529	0	
10	0	0	0	0	507	521	0	
11	0	0	0	0	505	516	0	
12	0	0	0	0	505	509	0	
13	0	0	0	0	509	507	0	
14	0	0	0	0	509	504	0	
15	0	0	0	0	507	503	0	
0	0	0	0	0	507	504	0	
1	0	0	0	0	501	502	0	
2	0	0	0	0	502	501	0	
3	0	0	0	0	501	499	0	
4	0	0	0	0	501	499	1	
5	0	0	0	0	505	498	0	
6	0	0	0	0	509	505	0	
7	0	0	0	0	516	512	0	
8	0	0	0	0	521	516	0	
9	0	0	0	0	524	519	0	
10	0	0	0	0	525	525	0	
11	0	0	0	0	531	533	0	
12	0	0	0	0	534	537	0	
13	0	0	0	0	532	538	0	
14	0	0	0	0	531	539	1	
15	0	0	0	0	527	536	0	
0	0	0	0	0	520	524	0	
1	0	0	0	0	519	515	0	
2	0	0	0	0	513	506	0	
3	0	0	0	0	511	500	0	
4	0	0	0	0	507	498	0	
5	0	0	0	0	499	503	0	
6	0	0	0	0	496	513	1	
7	0	0	0	0	489	524	0	
8	0	0	0	0	489	526	1	
9	0	0	0	0	501	516	0	
10	0	0	0	0	508	506	0	
11	0	0	0	0	512	498	0	
12	0	0	0	0	511	492	0	
13	0	0	0	0	508	491	0	
14	0	0	0	0	504	499	0	
15	0	0	0	0	502	508	0	
0	0	0	0	0	503	522	0	
1	0	0	0	0	503	538	1	
2	0	0	0	0	503	558	1	
3	0	0	0	0	502	572	1	
4	0	0	0	0	501	581	1	
5	0	0	0	0	499	585	1	
6	0	0	0	0	498	590	1	
7	0	0	0	0	494	588	1	
8	0	0	0	0	489	586	1	
9	0	0	0	0	487	584	1	
10	0	0	0	0	486	580	1	
11	0	0	0	0	484	575	1	
12	0	0	0	0	486	572	1	
13	0	0	0	0	484	573	1	
14	0	0	0	0	482	570	1	
15	0	0	0	0	478	568	1	
0	0	0	0	0	471	563	1	
1	0	0	0	0	469	559	1	
2	0	0	0	0	467	555	0	
3	0	0	0	0	463	547	0	
4	0	0	0	0	459	541	1	
5	0	0	0	0	457	536	0	
6	0	0	0	0	457	528	0	
7	0	0	0	0	459	521	0	
8	0	0	0	0	457	514	0	
9	0	0	0	0	451	512	0	
10	0	0	0	0	450	519	0	
11	0	0	0	0	447	527	0	
12	0	0	0	0	449	533	0	
13	0	0	0	0	457	540	0	
14	0	0	0	0	467	544	1	
15	0	0	0	0	476	545	0	
0	0	0	0	0	482	542	0	
1	0	0	0	0	486	540	0	
2	0	0	0	0	489	533	0	
3	0	0	0	0	493	528	0	
4	0	0	0	0	500	523	0	
5	0	0	0	0	506	513	0	
6	0	0	0	0	507	507	0	
7	0	0	0	0	500	500	0	
8	0	0	0	0	493	508	0	
9	0	0	0	0	481	524	0	
10	0	0	0	0	465	536	0	
11	0	0	0	0	456	536	0	
12	0	0	0	0	455	532	0	
13	0	0	0	0	458	533	0	
14	0	0	0	0	462	535	0	
15	0	0	0	0	466	537	0	
0	0	0	0	0	467	537	0	
1	0	0	0	0	462	534	0	
2	0	0	0	0	459	529	1	
3	0	0	0	0	460	527	0	
4	0	0	0	0	460	534	0	
5	0	0	0	0	463	546	1	
6	0	0	0	0	467	552	1	
7	0	0	0	0	476	552	1	
8	0	0	0	0	483	552	0	
9	0	0	0	0	492	546	1	
10	0	0	0	0	502	538	0	
11	0	0	0	0	512	531	0	
12	0	0	0	0	516	523	1	
13	0	0	0	0	521	512	0	
14	0	0	0	0	522	505	0	
15	0	0	0	0	522	499	0	
0	0	0	0	0	521	493	0	
1	0	0	0	0	522	489	0	
2	0	0	0	0	526	493	0	
3	0	0	0	0	530	505	0	
4	0	0	0	0	532	520	0	
5	0	0	0	0	531	537	0	
6	0	0	0	0	527	546	0	
7	0	0	0	0	526	547	0	
8	0	0	0	0	534	547	0	
9	0	0	0	0	543	545	1	
10	0	0	0	0	551	544	1	
11	0	0	0	0	556	540	0	
12	0	0	0	0	555	536	0	
13	0	0	0	0	555	537	0	
14	0	0	0	0	551	536	0	
15	0	0	0	0	544	535	0	
0	0	0	0	0	540	533	0	
1	0	0	0	0	533	531	0	
2	0	0	0	0	530	530	0	
3	0	0	0	0	527	526	0	
4	0	0	0	0	524	521	0	
5	0	0	0	0	522	518	1	
6	0	0	0	0	524	519	0	
7	0	0	0	0	527	521	0	
8	0	0	0	0	526	528	0	
9	0	0	0	0	527	539	1	
10	0	0	0	0	528	550	1	
11	0	0	0	0	531	559	0	
12	0	0	0	0	536	554	1	
13	0	0	0	0	543	542	0	
14	0	0	0	0	548	535	0	
15	0	0	0	0	552	530	0	
0	0	0	0	0	551	523	0	
1	0	0	0	0	551	518	1	
2	0	0	0	0	542	513	0	
3	0	0	0	0	531	512	0	
4	0	0	0	0	521	514	0	
5	0	0	0	0	513	516	0	
6	0	0	0	0	505	520	0	
7	0	0	0	0	498	523	0	
8	0	0	0	0	490	525	0	
9	0	0	0	0	483	529	1	
10	0	0	0	0	475	535	0	
11	0	0	0	0	469	540	0	
12	0	0	0	0	467	544	0	
13	0	0	0	0	472	543	0	
14	0	0	0	0	474	545	1	
15	0	0	0	0	478	543	0	
0	0	0	0	0	479	546	1	
1	0	0	0	0	482	557	1	
2	0	0	0	0	481	566	1	
3	0	0	0	0	478	568	1	
4	0	0	0	0	471	566	0	
5	0	0	0	0	466	561	1	
6	0	0	0	0	464	556	1	
7	0	0	0	0	467	549	1	
8	0	0	0	0	468	542	0	
9	0	0	0	0	470	539	0	
10	0	0	0	0	473	540	1	
11	0	0	0	0	476	536	0	
12	0	0	0	0	479	528	0	
13	0	0	0	0	480	516	0	
14	0	0	0	0	486	508	0	
15	0	0	0	0	496	506	0	
0	0	0	0	0	495	508	0	
1	0	0	0	0	487	504	0	
2	0	0	0	0	479	502	0	
3	0	0	0	0	477	502	0	
4	0	0	0	0	474	500	0	
5	0	0	0	0	470	502	0	
6	0	0	0	0	466	504	0	
7	0	0	0	0	467	506	0	
8	0	0	0	0	470	509	0	
9	0	0	0	0	472	513	0	
10	0	0	0	0	471	515	0	
11	0	0	0	0	473	512	0	
12	0	0	0	0	478	509	0	
13	0	0	0	0	481	506	0	
14	0	0	0	0	477	516	0	
15	0	0	0	0	473	527	0	
0	0	0	0	0	467	530	0	
1	0	0	0	0	463	523	1	
2	0	0	0	0	467	513	0	
3	0	0	0	0	471	506	0	
4	0	0	0	0	475	499	0	
5	0	0	0	0	473	495	0	
6	0	0	0	0	472	497	0	
7	0	0	0	0	472	503	0	
8	0	0	0	0	478	507	0	
9	0	0	0	0	481	508	0	
10	0	0	0	0	483	507	0	
11	0	0	0	0	483	505	0	
12	0	0	0	0	483	510	0	
13	0	0	0	0	481	514	0	
14	0	0	0	0	481	512	0	
15	0	0	0	0	483	507	0	
0	0	0	0	0	487	506	1	
1	0	0	0	0	491	507	0	
2	0	0	0	0	489	504	0	
3	0	0	0	0	485	502	0	
4	0	0	0	0	482	503	0	
5	0	0	0	0	476	497	0	
6	0	0	0	0	470	490	0	
7	0	0	0	0	466	481	0	
8	0	0	0	0	462	473	0	
9	0	0	0	0	458	465	0	
10	0	0	0	0	456	465	0	
11	0	0	0	0	451	462	0	
12	0	0	0	0	446	455	0	
13	0	0	0	0	446	454	0	
14	0	0	0	0	447	449	0	
15	0	0	0	0	451	445	0	
0	0	0	0	0	455	445	0	
1	0	0	0	0	452	449	0	
2	0	0	0	0	445	452	0	
3	0	0	0	0	439	458	0	
4	0	0	0	0	438	464	0	
5	0	0	0	0	439	471	0	
6	0	0	0	0	444	481	0	
7	0	0	0	0	453	491	0	
8	0	0	0	0	467	497	0	
9	0	0	0	0	484	507	0	
10	0	0	0	0	500	518	0	
11	0	0	0	0	514	522	0	
12	0	0	0	0	521	519	0	
13	0	0	0	0	521	513	0	
14	0	0	0	0	518	510	0	
15	0	0	0	0	515	511	0	
0	0	0	0	0	512	514	0	
1	0	0	0	0	510	518	0	
2	0	0	0	0	505	510	0	
3	0	0	0	0	497	501	0	
4	0	0	0	0	492	494	0	
5	0	0	0	0	488	488	0	
6	0	0	0	0	489	486	0	
7	0	0	0	0	487	483	0	
8	0	0	0	0	492	485	0	
9	0	0	0	0	500	488	0	
10	0	0	0	0	504	492	0	
11	0	0	0	0	503	494	0	
12	0	0	0	0	497	502	0	
13	0	0	0	0	493	513	0	
14	0	0	0	0	493	520	0	
15	0	0	0	0	502	526	0	
0	0	0	0	0	511	529	0	
1	0	0	0	0	514	530	0	
2	0	0	0	0	512	527	1	
3	0	0	0	0	509	525	0	
4	0	0	0	0	508	517	0	
5	0	0	0	0	507	510	0	
6	0	0	0	0	504	509	0	
7	0	0	0	0	502	499	0	
8	0	0	0	0	502	493	0	
9	0	0	0	0	501	489	0	
10	0	0	0	0	498	481	0	
11	0	0	0	0	496	481	0	
12	0	0	0	0	489	485	0	
13	0	0	0	0	483	488	0	
14	0	0	0	0	479	486	0	
15	0	0	0	0	472	482	0	
0	0	0	0	0	469	478	0	
1	0	0	0	0	468	472	0	
2	0	0	0	0	471	468	0	
3	0	0	0	0	476	469	0	
4	0	0	0	0	478	469	0	
5	0	0	0	0	481	471	0	
6	0	0	0	0	482	467	0	
7	0	0	0	0	483	463	0	
8	0	0	0	0	484	461	0	
9	0	0	0	0	486	460	0	
10	0	0	0	0	491	459	0	
11	0	0	0	0	491	457	1	
12	0	0	0	0	487	452	0	
13	0	0	0	0	488	456	0	
14	0	0	0	0	493	469	0	
15	0	0	0	0	498	478	0	
0	0	0	0	0	504	487	0	
1	0	0	0	0	504	499	0	
2	0	0	0	0	500	507	0	
3	0	0	0	0	497	506	0	
4	0	0	0	0	493	508	0	
5	0	0	0	0	488	513	0	
6	0	0	0	0	486	512	0	
7	0	0	0	0	485	509	0	
8	0	0	0	0	483	510	0	
9	0	0	0	0	478	509	0	
10	0	0	0	0	468	505	0	
11	0	0	0	0	466	502	0	
12	0	0	0	0	471	504	0	
13	0	0	0	0	472	507	0	
14	0	0	0	0	478	508	0	
15	0	0	0	0	484	510	0	
0	0	0	0	0	496	512	0	
1	0	0	0	0	502	512	1	
2	0	0	0	0	504	511	0	
3	0	0	0	0	502	513	0	
4	0	0	0	0	499	504	0	
5	0	0	0	0	494	494	0	
6	0	0	0	0	493	490	0	
7	0	0	0	0	497	486	0	
8	0	0	0	0	507	486	0	
9	0	0	0	0	517	489	1	
10	0	0	0	0	520	494	0	
11	0	0	0	0	519	498	0	
12	0	0	0	0	514	502	0	
13	0	0	0	0	508	502	0	
14	0	0	0	0	505	503	0	
15	0	0	0	0	502	499	0	
0	0	0	0	0	497	491	0	
1	0	0	0	0	498	482	0	
2	0	0	0	0	502	467	0	
3	0	0	0	0	511	457	0	
4	0	0	0	0	514	456	0	
5	0	0	0	0	516	462	0	
6	0	0	0	0	518	467	0	
7	0	0	0	0	521	474	0	
8	0	0	0	0	523	483	0	
9	0	0	0	0	525	491	0	
10	0	0	0	0	527	499	0	
11	0	0	0	0	524	504	0	
12	0	0	0	0	519	507	0	
13	0	0	0	0	514	508	0	
14	0	0	0	0	511	508	0	
15	0	0	0	0	517	511	0	
0	0	0	0	0	525	511	0	
1	0	0	0	0	534	505	1	
2	0	0	0	0	541	502	0	
3	0	0	0	0	546	501	0	
4	0	0	0	0	552	507	0	
5	0	0	0	0	559	515	0	
6	0	0	0	0	560	508	0	
7	0	0	0	0	560	500	1	
8	0	0	0	0	553	496	0	
9	0	0	0	0	547	493	0	
10	0	0	0	0	544	494	0	
11	0	0	0	0	541	495	0	
12	0	0	0	0	535	501	0	
13	0	0	0	0	531	508	0	
14	0	0	0	0	530	516	0	
15	0	0	0	0	536	522	0	
0	0	0	0	0	536	524	1	
1	0	0	0	0	543	526	1	
2	0	0	0	0	555	524	0	
3	0	0	0	0	564	520	0	
4	0	0	0	0	565	518	0	
5	0	0	0	0	556	515	0	
6	0	0	0	0	545	514	0	
7	0	0	0	0	532	514	0	
8	0	0	0	0	519	512	0	
9	0	0	0	0	504	509	0	
10	0	0	0	0	487	508	0	
11	0	0	0	0	473	511	0	
12	0	0	0	0	464	513	0	
13	0	0	0	0	465	512	0	
14	0	0	0	0	467	511	0	
15	0	0	0	0	468	507	0	
0	0	0	0	0	468	509	0	
1	0	0	0	0	466	511	0	
2	0	0	0	0	468	515	0	
3	0	0	0	0	481	516	0	
4	0	0	0	0	495	520	0	
5	0	0	0	0	514	525	0	
6	0	0	0	0	525	517	0	
7	0	0	0	0	534	504	0	
8	0	0	0	0	535	492	0	
9	0	0	0	0	531	484	0	
10	0	0	0	0	527	478	0	
11	0	0	0	0	523	476	0	
12	0	0	0	0	521	478	0	
13	0	0	0	0	515	483	0	
14	0	0	0	0	513	485	0	
15	0	0	0	0	510	481	0	
0	0	0	0	0	513	486	0	
1	0	0	0	0	517	491	0	
2	0	0	0	0	523	490	0	
3	0	0	0	0	526	490	0	
4	0	0	0	0	525	492	0	
5	0	0	0	0	529	494	0	
6	0	0	0	0	537	500	1	
7	0	0	0	0	543	507	0	
8	0	0	0	0	544	515	0	
9	0	0	0	0	547	520	0	
10	0	0	0	0	548	528	0	
11	0	0	0	0	549	537	0	
12	0	0	0	0	550	548	1	
13	0	0	0	0	558	552	1	
14	0	0	0	0	565	542	1	
15	0	0	0	0	571	530	0	
0	0	0	0	0	572	522	0	
1	0	0	0	0	572	514	0	
2	0	0	0	0	569	510	0	
3	0	0	0	0	563	502	0	
4	0	0	0	0	552	497	0	
5	0	0	0	0	536	500	1	
6	0	0	0	0	526	499	0	
7	0	0	0	0	523	503	0	
8	0	0	0	0	521	507	0	
9	0	0	0	0	518	511	0	
10	0	0	0	0	512	520	0	
11	0	0	0	0	508	520	0	
12	0	0	0	0	502	513	0	
13	0	0	0	0	500	507	0	
14	0	0	0	0	498	504	0	
15	0	0	0	0	494	505	0	
0	0	0	0	0	487	506	0	
1	0	0	0	0	487	506	0	
2	0	0	0	0	491	512	0	
3	0	0	0	0	494	515	0	
4	0	0	0	0	499	518	1	
5	0	0	0	0	503	519	0	
6	0	0	0	0	507	520	0	
7	0	0	0	0	511	525	0	
8	0	0	0	0	517	526	0	
9	0	0	0	0	526	527	0	
10	0	0	0	0	527	525	0	
11	0	0	0	0	529	522	0	
12	0	0	0	0	532	520	0	
13	0	0	0	0	531	520	0	
14	0	0	0	0	524	521	0	
15	0	0	0	0	520	519	0	
0	0	0	0	0	515	508	0	
1	0	0	0	0	509	499	0	
2	0	0	0	0	505	490	0	
3	0	0	0	0	502	481	0	
4	0	0	0	0	495	478	0	
5	0	0	0	0	484	479	0	
6	0	0	0	0	476	482	0	
7	0	0	0	0	470	486	0	
8	0	0	0	0	468	488	0	
9	0	0	0	0	471	494	0	
10	0	0	0	0	480	507	0	
11	0	0	0	0	488	517	0	
12	0	0	0	0	491	518	0	
13	0	0	0	0	491	519	0	
14	0	0	0	0	492	518	0	
15	0	0	0	0	488	520	0	
0	0	0	0	0	486	516	0	
1	0	0	0	0	482	506	0	
2	0	0	0	0	476	503	0	
3	0	0	0	0	470	504	0	
4	0	0	0	0	463	502	0	
5	0	0	0	0	462	503	1	
6	0	0	0	0	461	505	0	
7	0	0	0	0	463	507	0	
8	0	0	0	0	464	508	0	
9	0	0	0	0	468	506	0	
10	0	0	0	0	474	505	0	
11	0	0	0	0	481	505	0	
12	0	0	0	0	487	504	0	
13	0	0	0	0	483	505	0	
14	0	0	0	0	476	507	0	
15	0	0	0	0	472	510	1	
0	0	0	0	0	468	513	0	
1	0	0	0	0	466	515	0	
2	0	0	0	0	463	518	0	
3	0	0	0	0	459	518	0	
4	0	0	0	0	454	527	0	
5	0	0	0	0	450	534	0	
6	0	0	0	0	447	537	0	
7	0	0	0	0	447	533	0	
8	0	0	0	0	450	527	0	
9	0	0	0	0	457	521	1	
10	0	0	0	0	463	518	0	
11	0	0	0	0	466	516	0	
12	0	0	0	0	464	521	0	
13	0	0	0	0	467	523	0	
14	0	0	0	0	464	525	1	
15	0	0	0	0	465	530	0	
0	0	0	0	0	467	526	0	
1	0	0	0	0	468	517	0	
2	0	0	0	0	468	512	0	
3	0	0	0	0	461	506	0	
4	0	0	0	0	455	495	0	
5	0	0	0	0	454	487	0	
6	0	0	0	0	452	483	0	
7	0	0	0	0	448	482	0	
8	0	0	0	0	446	481	0	
9	0	0	0	0	445	486	0	
10	0	0	0	0	444	492	0	
11	0	0	0	0	440	502	0	
12	0	0	0	0	443	513	0	
13	0	0	0	0	451	528	0	
14	0	0	0	0	461	540	0	
15	0	0	0	0	473	538	1	
0	0	0	0	0	487	527	0	
1	0	0	0	0	499	512	0	
2	0	0	0	0	504	500	0	
3	0	0	0	0	508	496	0	
4	0	0	0	0	514	497	0	
5	0	0	0	0	524	502	0	
6	0	0	0	0	528	507	0	
7	0	0	0	0	526	508	0	
8	0	0	0	0	520	509	0	
9	0	0	0	0	513	512	1	
10	0	0	0	0	509	515	0	
11	0	0	0	0	507	516	0	
12	0	0	0	0	505	515	1	
13	0	0	0	0	499	511	0	
14	0	0	0	0	494	517	1	
15	0	0	0	0	487	520	0	
0	0	0	0	0	478	524	0	
1	0	0	0	0	473	527	0	
2	0	0	0	0	470	528	0	
3	0	0	0	0	472	525	0	
4	0	0	0	0	473	516	0	
5	0	0	0	0	480	508	0	
6	0	0	0	0	488	499	0	
7	0	0	0	0	499	493	0	
8	0	0	0	0	509	492	1	
9	0	0	0	0	517	492	0	
10	0	0	0	0	527	487	0	
11	0	0	0	0	537	483	0	
12	0	0	0	0	547	477	0	
13	0	0	0	0	555	473	0	
14	0	0	0	0	556	474	0	
15	0	0	0	0	548	479	0	
0	0	0	0	0	537	488	0	
1	0	0	0	0	525	494	0	
2	0	0	0	0	517	501	0	
3	0	0	0	0	518	500	0	
4	0	0	0	0	519	499	0	
5	0	0	0	0	524	499	0	
6	0	0	0	0	529	497	0	
7	0	0	0	0	531	501	0	
8	0	0	0	0	535	507	0	
9	0	0	0	0	539	511	0	
10	0	0	0	0	547	519	1	
11	0	0	0	0	551	526	0	
12	0	0	0	0	549	527	0	
13	0	0	0	0	542	524	0	
14	0	0	0	0	536	519	0	
15	0	0	0	0	527	515	0	
0	0	0	0	0	522	516	0	
1	0	0	0	0	515	518	0	
2	0	0	0	0	505	520	0	
3	0	0	0	0	496	522	0	
4	0	0	0	0	495	531	1	
5	0	0	0	0	497	543	1	
6	0	0	0	0	502	553	0	
7	0	0	0	0	505	547	0	
8	0	0	0	0	503	533	0	
9	0	0	0	0	499	518	0	
10	0	0	0	0	493	504	0	
11	0	0	0	0	489	490	0	
12	0	0	0	0	485	478	0	
13	0	0	0	0	484	472	0	
14	0	0	0	0	481	467	0	
15	0	0	0	0	480	458	0	
0	0	0	0	0	479	451	0	
1	0	0	0	0	479	451	0	
2	0	0	0	0	476	456	0	
3	0	0	0	0	471	465	0	
4	0	0	0	0	465	470	0	
5	0	0	0	0	460	476	0	
6	0	0	0	0	459	482	0	
7	0	0	0	0	455	480	0	
8	0	0	0	0	456	475	0	
9	0	0	0	0	457	471	0	
10	0	0	0	0	456	464	0	
11	0	0	0	0	457	459	0	
12	0	0	0	0	460	454	0	
13	0	0	0	0	464	446	0	
14	0	0	0	0	469	441	0	
15	0	0	0	0	475	448	0	
0	0	0	0	0	481	457	0	
1	0	0	0	0	484	465	0	
2	0	0	0	0	488	471	0	
3	0	0	0	0	492	475	0	
4	0	0	0	0	496	483	0	
5	0	0	0	0	495	490	0	
6	0	0	0	0	490	496	0	
7	0	0	0	0	486	501	0	
8	0	0	0	0	483	503	0	
9	0	0	0	0	482	491	0	
10	0	0	0	0	484	477	0	
11	0	0	0	0	487	468	0	
12	0	0	0	0	495	464	0	
13	0	0	0	0	504	461	0	
14	0	0	0	0	510	460	0	
15	0	0	0	0	511	459	0	
0	0	0	0	0	505	460	0	
1	0	0	0	0	499	465	0	
2	0	0	0	0	490	466	0	
3	0	0	0	0	487	469	0	
4	0	0	0	0	484	469	0	
5	0	0	0	0	481	471	0	
6	0	0	0	0	481	473	0	
7	0	0	0	0	480	478	0	
8	0	0	0	0	478	491	0	
9	0	0	0	0	472	506	0	
10	0	0	0	0	467	509	0	
11	0	0	0	0	472	505	0	
12	0	0	0	0	475	501	0	
13	0	0	0	0	478	495	0	
14	0	0	0	0	478	489	0	
15	0	0	0	0	477	487	0	
0	0	0	0	0	481	488	0	
1	0	0	0	0	485	492	0	
2	0	0	0	0	489	498	0	
3	0	0	0	0	495	500	0	
4	0	0	0	0	502	494	0	
5	0	0	0	0	511	492	0	
6	0	0	0	0	513	493	0	
7	0	0	0	0	508	496	0	
8	0	0	0	0	506	499	0	
9	0	0	0	0	505	498	0	
10	0	0	0	0	509	500	0	
11	0	0	0	0	514	497	0	
12	0	0	0	0	515	496	0	
13	0	0	0	0	517	505	0	
14	0	0	0	0	518	514	0	
15	0	0	0	0	515	524	0	
0	0	0	0	0	511	528	0	
1	0	0	0	0	505	525	0	
2	0	0	0	0	502	521	0	
3	0	0	0	0	498	515	0	
4	0	0	0	0	498	510	1	
5	0	0	0	0	497	502	0	
6	0	0	0	0	503	499	0	
7	0	0	0	0	505	497	0	
8	0	0	0	0	503	499	0	
9	0	0	0	0	502	503	0	
10	0	0	0	0	499	498	0	
11	0	0	0	0	496	494	0	
12	0	0	0	0	495	488	0	
13	0	0	0	0	493	486	0	
14	0	0	0	0	490	479	0	
15	0	0	0	0	490	477	0	
0	0	0	0	0	489	474	0	
1	0	0	0	0	492	477	0	
2	0	0	0	0	493	483	0	
3	0	0	0	0	499	486	0	
4	0	0	0	0	507	487	0	
5	0	0	0	0	513	485	0	
6	0	0	0	0	520	482	0	
7	0	0	0	0	526	481	0	
8	0	0	0	0	530	486	0	
9	0	0	0	0	527	494	0	
10	0	0	0	0	526	502	0	
11	0	0	0	0	527	511	0	
12	0	0	0	0	529	512	0	
13	0	0	0	0	527	519	0	
14	0	0	0	0	521	531	0	
15	0	0	0	0	512	539	0	
0	0	0	0	0	509	541	0	
1	0	0	0	0	510	530	1	
2	0	0	0	0	511	516	0	
3	0	0	0	0	509	504	0	
4	0	0	0	0	511	493	0	
5	0	0	0	0	513	488	0	
6	0	0	0	0	513	487	0	
7	0	0	0	0	510	487	0	
8	0	0	0	0	511	484	0	
9	0	0	0	0	513	487	0	
10	0	0	0	0	519	495	0	
11	0	0	0	0	526	506	0	
12	0	0	0	0	526	515	0	
13	0	0	0	0	524	518	0	
14	0	0	0	0	525	515	0	
15	0	0	0	0	525	509	0	
0	0	0	0	0	527	499	0	
1	0	0	0	0	528	496	1	
2	0	0	0	0	529	492	0	
3	0	0	0	0	528	492	0	
4	0	0	0	0	531	494	0	
5	0	0	0	0	530	492	0	
6	0	0	0	0	529	492	0	
7	0	0	0	0	529	490	0	
8	0	0	0	0	531	494	0	
9	0	0	0	0	532	504	0	
10	0	0	0	0	529	519	0	
11	0	0	0	0	531	531	0	
12	0	0	0	0	535	536	0	
13	0	0	0	0	536	538	0	
14	0	0	0	0	537	538	0	
15	0	0	0	0	534	530	0	
0	0	0	0	0	531	524	0	
1	0	0	0	0	525	518	0	
2	0	0	0	0	521	509	0	
3	0	0	0	0	522	509	0	
4	0	0	0	0	526	506	0	
5	0	0	0	0	529	497	0	
6	0	0	0	0	534	492	0	
7	0	0	0	0	540	489	0	
8	0	0	0	0	547	486	0	
9	0	0	0	0	553	484	0	
10	0	0	0	0	552	481	0	
11	0	0	0	0	548	478	0	
12	0	0	0	0	544	477	0	
13	0	0	0	0	543	476	0	
14	0	0	0	0	540	479	0	
15	0	0	0	0	538	483	0	
0	0	0	0	0	537	476	1	
1	0	0	0	0	542	467	0	
2	0	0	0	0	549	464	0	
3	0	0	0	0	556	464	0	
4	0	0	0	0	566	462	0	
5	0	0	0	0	572	457	0	
6	0	0	0	0	573	455	0	
7	0	0	0	0	568	459	0	
8	0	0	0	0	558	461	0	
9	0	0	0	0	552	464	0	
10	0	0	0	0	555	470	0	
11	0	0	0	0	563	472	0	
12	0	0	0	0	570	473	0	
13	0	0	0	0	572	478	0	
14	0	0	0	0	569	480	0	
15	0	0	0	0	567	482	0	
0	0	0	0	0	556	484	0	
1	0	0	0	0	548	487	0	
2	0	0	0	0	545	489	0	
3	0	0	0	0	540	489	0	
4	0	0	0	0	540	491	0	
5	0	0	0	0	538	493	1	
6	0	0	0	0	532	494	0	
7	0	0	0	0	526	496	0	
8	0	0	0	0	523	499	0	
9	0	0	0	0	523	501	0	
10	0	0	0	0	529	495	0	
11	0	0	0	0	542	490	0	
12	0	0	0	0	557	490	0	
13	0	0	0	0	572	496	1	
14	0	0	0	0	579	499	0	
15	0	0	0	0	580	504	1	
0	0	0	0	0	573	505	0	
1	0	0	0	0	561	496	0	
2	0	0	0	0	556	487	0	
3	0	0	0	0	556	487	0	
4	0	0	0	0	563	489	0	
5	0	0	0	0	565	486	0	
6	0	0	0	0	563	484	0	
7	0	0	0	0	557	486	0	
8	0	0	0	0	548	492	0	
9	0	0	0	0	542	500	1	
10	0	0	0	0	535	508	0	
11	0	0	0	0	529	515	0	
12	0	0	0	0	523	524	0	
13	0	0	0	0	519	532	0	
14	0	0	0	0	519	535	0	
15	0	0	0	0	524	532	0	
0	0	0	0	0	532	526	0	
1	0	0	0	0	538	521	0	
2	0	0	0	0	543	519	0	
3	0	0	0	0	549	523	0	
4	0	0	0	0	551	526	0	
5	0	0	0	0	551	528	0	
6	0	0	0	0	547	531	0	
7	0	0	0	0	550	536	0	
8	0	0	0	0	553	541	0	
9	0	0	0	0	554	539	0	
10	0	0	0	0	554	531	0	
11	0	0	0	0	554	517	0	
12	0	0	0	0	548	505	0	
13	0	0	0	0	543	500	0	
14	0	0	0	0	537	502	0	
15	0	0	0	0	532	506	0	
0	0	0	0	0	526	512	0	
1	0	0	0	0	523	512	0	
2	0	0	0	0	526	511	0	
3	0	0	0	0	530	513	0	
4	0	0	0	0	535	513	0	
5	0	0	0	0	539	518	1	
6	0	0	0	0	543	522	0	
7	0	0	0	0	551	527	0	
8	0	0	0	0	556	533	0	
9	0	0	0	0	563	543	1	
10	0	0	0	0	572	555	1	
11	0	0	0	0	573	561	1	
12	0	0	0	0	565	565	1	
13	0	0	0	0	560	567	1	
14	0	0	0	0	551	566	1	
15	0	0	0	0	546	563	1	
0	0	0	0	0	542	557	1	
1	0	0	0	0	544	551	1	
2	0	0	0	0	549	554	0	
3	0	0	0	0	551	559	1	
4	0	0	0	0	556	560	1	
5	0	0	0	0	566	559	1	
6	0	0	0	0	572	561	1	
7	0	0	0	0	572	565	1	
8	0	0	0	0	571	564	1	
9	0	0	0	0	571	562	1	
10	0	0	0	0	572	560	1	
11	0	0	0	0	580	558	0	
12	0	0	0	0	585	555	1	
13	0	0	0	0	589	556	1	
14	0	0	0	0	592	550	0	
15	0	0	0	0	593	537	0	
0	0	0	0	0	593	527	0	
1	0	0	0	0	587	526	0	
2	0	0	0	0	579	527	0	
3	0	0	0	0	577	530	0	
4	0	0	0	0	574	529	0	
5	0	0	0	0	570	530	0	
6	0	0	0	0	565	531	0	
7	0	0	0	0	560	529	0	
8	0	0	0	0	558	529	0	
9	0	0	0	0	557	532	0	
10	0	0	0	0	557	538	0	
11	0	0	0	0	556	540	0	
12	0	0	0	0	561	531	0	
13	0	0	0	0	571	525	1	
14	0	0	0	0	575	522	0	
15	0	0	0	0	577	521	0	
0	0	0	0	0	579	521	0	
1	0	0	0	0	578	517	0	
2	0	0	0	0	579	513	0	
3	0	0	0	0	577	509	0	
4	0	0	0	0	572	508	0	
5	0	0	0	0	564	505	0	
6	0	0	0	0	558	502	1	
7	0	0	0	0	555	501	0	
8	0	0	0	0	553	499	0	
9	0	0	0	0	555	500	0	
10	0	0	0	0	556	510	0	
11	0	0	0	0	557	519	0	
12	0	0	0	0	553	525	0	
13	0	0	0	0	551	520	0	
14	0	0	0	0	550	517	0	
15	0	0	0	0	543	516	0	
0	0	0	0	0	537	515	0	
1	0	0	0	0	535	513	1	
2	0	0	0	0	536	512	0	
3	0	0	0	0	540	512	0	
4	0	0	0	0	543	510	0	
5	0	0	0	0	545	504	0	
6	0	0	0	0	552	500	0	
7	0	0	0	0	561	500	0	
8	0	0	0	0	576	497	0	
9	0	0	0	0	592	486	0	
10	0	0	0	0	601	473	0	
11	0	0	0	0	603	467	0	
12	0	0	0	0	604	465	0	
13	0	0	0	0	599	466	0	
14	0	0	0	0	587	461	0	
15	0	0	0	0	575	459	0	
0	0	0	0	0	568	461	0	
1	0	0	0	0	560	467	0	
2	0	0	0	0	550	471	0	
3	0	0	0	0	542	475	0	
4	0	0	0	0	529	480	0	
5	0	0	0	0	518	487	0	
6	0	0	0	0	509	497	0	
7	0	0	0	0	499	507	0	
8	0	0	0	0	498	514	0	
9	0	0	0	0	500	515	0	
10	0	0	0	0	502	513	1	
11	0	0	0	0	506	509	0	
12	0	0	0	0	514	500	0	
13	0	0	0	0	521	491	0	
14	0	0	0	0	527	478	0	
15	0	0	0	0	535	467	0	
0	0	0	0	0	541	463	0	
1	0	0	0	0	546	463	0	
2	0	0	0	0	546	473	0	
3	0	0	0	0	545	493	0	
4	0	0	0	0	542	505	0	
5	0	0	0	0	541	507	0	
6	0	0	0	0	538	511	0	
7	0	0	0	0	532	519	0	
8	0	0	0	0	532	527	0	
9	0	0	0	0	538	535	1	
10	0	0	0	0	545	543	0	
11	0	0	0	0	550	542	0	
12	0	0	0	0	553	538	0	
13	0	0	0	0	551	534	0	
14	0	0	0	0	546	521	0	
15	0	0	0	0	543	508	0	
0	0	0	0	0	539	503	0	
1	0	0	0	0	534	496	0	
2	0	0	0	0	527	489	0	
3	0	0	0	0	523	483	0	
4	0	0	0	0	522	479	0	
5	0	0	0	0	523	482	0	
6	0	0	0	0	531	485	0	
7	0	0	0	0	532	483	0	
8	0	0	0	0	536	481	0	
9	0	0	0	0	537	482	0	
10	0	0	0	0	532	483	0	
11	0	0	0	0	528	490	0	
12	0	0	0	0	524	499	0	
13	0	0	0	0	520	509	0	
14	0	0	0	0	516	521	0	
15	0	0	0	0	511	532	1	
0	0	0	0	0	508	532	0	
1	0	0	0	0	501	530	0	
2	0	0	0	0	492	530	1	
3	0	0	0	0	486	526	0	
4	0	0	0	0	481	515	0	
5	0	0	0	0	483	507	0	
6	0	0	0	0	488	500	0	
7	0	0	0	0	495	498	0	
8	0	0	0	0	503	499	0	
9	0	0	0	0	509	503	0	
10	0	0	0	0	515	510	0	
11	0	0	0	0	527	510	0	
12	0	0	0	0	538	511	0	
13	0	0	0	0	548	511	0	
14	0	0	0	0	556	512	0	
15	0	0	0	0	556	512	0	
0	0	0	0	0	550	513	0	
1	0	0	0	0	539	512	0	
2	0	0	0	0	530	507	0	
3	0	0	0	0	520	503	0	
4	0	0	0	0	512	504	0	
5	0	0	0	0	502	510	0	
6	0	0	0	0	501	517	1	
7	0	0	0	0	502	517	0	
8	0	0	0	0	510	509	0	
9	0	0	0	0	519	502	0	
10	0	0	0	0	531	490	0	
11	0	0	0	0	542	482	0	
12	0	0	0	0	550	477	0	
13	0	0	0	0	556	474	0	
14	0	0	0	0	563	472	0	
15	0	0	0	0	564	467	0	
0	0	0	0	0	571	464	0	
1	0	0	0	0	579	464	0	
2	0	0	0	0	587	467	0	
3	0	0	0	0	591	474	0	
4	0	0	0	0	593	478	0	
5	0	0	0	0	593	481	0	
6	0	0	0	0	589	483	0	
7	0	0	0	0	581	484	0	
8	0	0	0	0	576	483	0	
9	0	0	0	0	572	482	0	
10	0	0	0	0	565	482	0	
11	0	0	0	0	552	484	0	
12	0	0	0	0	539	486	1	
13	0	0	0	0	525	486	0	
14	0	0	0	0	511	485	0	
15	0	0	0	0	502	490	0	
0	0	0	0	0	493	492	0	
1	0	0	0	0	492	495	0	
2	0	0	0	0	493	494	0	
3	0	0	0	0	497	488	0	
4	0	0	0	0	501	491	0	
5	0	0	0	0	500	494	0	
6	0	0	0	0	496	504	0	
7	0	0	0	0	496	513	0	
8	0	0	0	0	494	505	0	
9	0	0	0	0	499	499	0	
10	0	0	0	0	504	492	0	
11	0	0	0	0	505	486	0	
12	0	0	0	0	503	481	0	
13	0	0	0	0	494	475	0	
14	0	0	0	0	491	472	0	
15	0	0	0	0	487	468	0	
0	0	0	0	0	484	463	0	
1	0	0	0	0	480	463	0	
2	0	0	0	0	477	463	0	
3	0	0	0	0	472	467	0	
4	0	0	0	0	468	470	0	
5	0	0	0	0	468	474	0	
6	0	0	0	0	470	486	0	
7	0	0	0	0	473	501	0	
8	0	0	0	0	478	513	0	
9	0	0	0	0	480	519	0	
10	0	0	0	0	485	515	0	
11	0	0	0	0	495	510	0	
12	0	0	0	0	507	509	0	
13	0	0	0	0	518	511	0	
14	0	0	0	0	524	525	0	
15	0	0	0	0	524	542	1	
0	0	0	0	0	530	544	0	
1	0	0	0	0	534	531	0	
2	0	0	0	0	538	519	0	
3	0	0	0	0	541	508	0	
4	0	0	0	0	542	501	0	
5	0	0	0	0	537	492	0	
6	0	0	0	0	535	485	0	
7	0	0	0	0	525	485	0	
8	0	0	0	0	511	486	0	
9	0	0	0	0	498	492	0	
10	0	0	0	0	486	500	0	
11	0	0	0	0	473	513	0	
12	0	0	0	0	467	535	0	
13	0	0	0	0	466	551	1	
14	0	0	0	0	467	556	0	
15	0	0	0	0	467	558	1	
0	0	0	0	0	467	552	0	
1	0	0	0	0	469	547	1	
2	0	0	0	0	468	546	0	
3	0	0	0	0	468	547	0	
4	0	0	0	0	476	551	0	
5	0	0	0	0	483	553	1	
6	0	0	0	0	488	554	1	
7	0	0	0	0	488	554	1	
8	0	0	0	0	490	550	0	
9	0	0	0	0	491	544	0	
10	0	0	0	0	492	538	0	
11	0	0	0	0	488	532	0	
12	0	0	0	0	482	527	0	
13	0	0	0	0	476	521	0	
14	0	0	0	0	472	512	0	
15	0	0	0	0	467	503	0	
0	0	0	0	0	468	500	0	
1	0	0	0	0	467	499	0	
2	0	0	0	0	465	500	0	
3	0	0	0	0	465	505	0	
4	0	0	0	0	464	510	0	
5	0	0	0	0	467	520	1	
6	0	0	0	0	467	521	0	
7	0	0	0	0	463	515	0	
8	0	0	0	0	460	509	0	
9	0	0	0	0	455	505	0	
10	0	0	0	0	457	506	0	
11	0	0	0	0	464	509	0	
12	0	0	0	0	472	510	0	
13	0	0	0	0	477	513	0	
14	0	0	0	0	477	514	0	
15	0	0	0	0	482	518	0	
0	0	0	0	0	485	518	0	
1	0	0	0	0	487	519	0	
2	0	0	0	0	490	523	0	
3	0	0	0	0	497	532	0	
4	0	0	0	0	500	551	1	
5	0	0	0	0	503	573	1	
6	0	0	0	0	508	585	1	
7	0	0	0	0	515	578	1	
8	0	0	0	0	516	566	1	
9	0	0	0	0	514	554	1	
10	0	0	0	0	507	542	0	
11	0	0	0	0	500	527	0	
12	0	0	0	0	491	519	0	
13	0	0	0	0	481	517	0	
14	0	0	0	0	478	519	1	
15	0	0	0	0	479	521	0	
0	0	0	0	0	480	528	0	
1	0	0	0	0	483	536	0	
2	0	0	0	0	482	539	0	
3	0	0	0	0	476	543	0	
4	0	0	0	0	467	548	0	
5	0	0	0	0	461	548	1	
6	0	0	0	0	457	545	0	
7	0	0	0	0	455	537	0	
8	0	0	0	0	458	527	1	
9	0	0	0	0	464	519	0	
10	0	0	0	0	468	508	0	
11	0	0	0	0	470	501	0	
12	0	0	0	0	466	496	0	
13	0	0	0	0	464	495	0	
14	0	0	0	0	462	495	0	
15	0	0	0	0	463	496	0	
0	0	0	0	0	467	500	0	
1	0	0	0	0	472	500	0	
2	0	0	0	0	476	498	0	
3	0	0	0	0	479	492	0	
4	0	0	0	0	481	489	0	
5	0	0	0	0	485	487	0	
6	0	0	0	0	485	487	0	
7	0	0	0	0	487	491	0	
8	0	0	0	0	484	498	1	
9	0	0	0	0	478	508	0	
10	0	0	0	0	477	510	0	
11	0	0	0	0	477	501	0	
12	0	0	0	0	478	501	0	
13	0	0	0	0	478	505	0	
14	0	0	0	0	480	509	0	
15	0	0	0	0	479	514	0	
0	0	0	0	0	480	516	0	
1	0	0	0	0	479	523	0	
2	0	0	0	0	479	533	0	
3	0	0	0	0	479	547	1	
4	0	0	0	0	473	558	1	
5	0	0	0	0	463	558	1	
6	0	0	0	0	451	549	1	
7	0	0	0	0	443	540	0	
8	0	0	0	0	445	536	0	
9	0	0	0	0	446	541	0	
10	0	0	0	0	444	550	0	
11	0	0	0	0	442	547	1	
12	0	0	0	0	443	537	0	
13	0	0	0	0	441	529	0	
14	0	0	0	0	441	519	0	
15	0	0	0	0	442	508	0	
0	0	0	0	0	447	503	0	
1	0	0	0	0	452	496	0	
2	0	0	0	0	460	490	0	
3	0	0	0	0	467	487	0	
4	0	0	0	0	476	487	0	
5	0	0	0	0	479	491	0	
6	0	0	0	0	480	494	0	
7	0	0	0	0	477	501	0	
8	0	0	0	0	476	507	0	
9	0	0	0	0	474	510	0	
10	0	0	0	0	468	515	0	
11	0	0	0	0	461	519	0	
12	0	0	0	0	461	527	1	
13	0	0	0	0	463	533	0	
14	0	0	0	0	466	540	0	
15	0	0	0	0	470	547	0	
0	0	0	0	0	475	550	0	
1	0	0	0	0	479	554	1	
2	0	0	0	0	486	553	0	
3	0	0	0	0	492	553	0	
4	0	0	0	0	497	555	1	
5	0	0	0	0	499	556	1	
6	0	0	0	0	505	556	1	
7	0	0	0	0	513	555	1	
8	0	0	0	0	518	549	0	
9	0	0	0	0	524	547	1	
10	0	0	0	0	523	549	0	
11	0	0	0	0	516	551	1	
12	0	0	0	0	511	553	1	
13	0	0	0	0	502	551	1	
14	0	0	0	0	495	549	0	
15	0	0	0	0	491	543	0	
0	0	0	0	0	494	534	0	
1	0	0	0	0	493	525	0	
2	0	0	0	0	490	521	0	
3	0	0	0	0	486	523	0	
4	0	0	0	0	488	524	0	
5	0	0	0	0	484	523	1	
6	0	0	0	0	476	520	0	
7	0	0	0	0	469	515	0	
8	0	0	0	0	462	511	0	
9	0	0	0	0	458	513	0	
10	0	0	0	0	454	520	0	
11	0	0	0	0	454	530	0	
12	0	0	0	0	457	540	1	
13	0	0	0	0	464	551	1	
14	0	0	0	0	469	563	1	
15	0	0	0	0	475	568	1	
0	0	0	0	0	480	562	1	
1	0	0	0	0	481	553	1	
2	0	0	0	0	483	551	0	
3	0	0	0	0	486	548	1	
4	0	0	0	0	490	544	1	
5	0	0	0	0	496	537	0	
6	0	0	0	0	500	527	0	
7	0	0	0	0	505	521	0	
8	0	0	0	0	508	519	0	
9	0	0	0	0	511	527	0	
10	0	0	0	0	512	529	0	
11	0	0	0	0	515	521	0	
12	0	0	0	0	522	512	0	
13	0	0	0	0	531	505	0	
14	0	0	0	0	533	496	0	
15	0	0	0	0	539	493	0	
0	0	0	0	0	544	490	0	
1	0	0	0	0	545	492	0	
2	0	0	0	0	545	488	0	
3	0	0	0	0	545	483	0	
4	0	0	0	0	540	480	0	
5	0	0	0	0	533	472	0	
6	0	0	0	0	529	469	0	
7	0	0	0	0	524	472	0	
8	0	0	0	0	520	477	0	
9	0	0	0	0	519	480	0	
10	0	0	0	0	523	481	0	
11	0	0	0	0	525	483	0	
12	0	0	0	0	528	486	0	
13	0	0	0	0	533	486	0	
14	0	0	0	0	539	486	0	
15	0	0	0	0	542	487	0	
0	0	0	0	0	541	494	0	
1	0	0	0	0	538	500	0	
2	0	0	0	0	540	509	0	
3	0	0	0	0	541	523	0	
4	0	0	0	0	540	539	0	
5	0	0	0	0	536	550	1	
6	0	0	0	0	527	549	0	
7	0	0	0	0	518	545	0	
8	0	0	0	0	516	545	0	
9	0	0	0	0	517	543	1	
10	0	0	0	0	522	544	1	
11	0	0	0	0	525	543	0	
12	0	0	0	0	527	542	0	
13	0	0	0	0	524	542	0	
14	0	0	0	0	524	542	0	
15	0	0	0	0	522	545	0	
0	0	0	0	0	519	545	1	
1	0	0	0	0	515	549	1	
2	0	0	0	0	520	548	0	
3	0	0	0	0	524	542	0	
4	0	0	0	0	533	536	1	
5	0	0	0	0	542	529	0	
6	0	0	0	0	551	525	0	
7	0	0	0	0	558	521	0	
8	0	0	0	0	563	517	0	
9	0	0	0	0	561	510	0	
10	0	0	0	0	561	504	0	
11	0	0	0	0	566	498	0	
12	0	0	0	0	568	493	0	
13	0	0	0	0	572	487	0	
14	0	0	0	0	562	480	0	
15	0	0	0	0	548	479	0	
0	0	0	0	0	536	478	0	
1	0	0	0	0	527	480	0	
2	0	0	0	0	521	484	0	
3	0	0	0	0	515	491	0	
4	0	0	0	0	515	499	0	
5	0	0	0	0	519	508	0	
6	0	0	0	0	529	516	0	
7	0	0	0	0	539	518	0	
8	0	0	0	0	550	519	0	
9	0	0	0	0	555	523	0	
10	0	0	0	0	559	530	1	
11	0	0	0	0	564	541	0	
12	0	0	0	0	561	545	0	
13	0	0	0	0	561	551	1	
14	0	0	0	0	559	560	1	
15	0	0	0	0	553	568	1	
0	0	0	0	0	544	569	1	
1	0	0	0	0	538	563	1	
2	0	0	0	0	538	561	1	
3	0	0	0	0	542	551	0	
4	0	0	0	0	547	544	1	
5	0	0	0	0	549	540	0	
6	0	0	0	0	546	535	0	
7	0	0	0	0	542	536	0	
8	0	0	0	0	542	535	0	
9	0	0	0	0	543	531	0	
10	0	0	0	0	543	532	0	
11	0	0	0	0	540	536	0	
12	0	0	0	0	536	536	0	
13	0	0	0	0	536	535	0	
14	0	0	0	0	534	531	1	
15	0	0	0	0	533	524	0	
0	0	0	0	0	529	518	0	
1	0	0	0	0	527	513	0	
2	0	0	0	0	527	511	0	
3	0	0	0	0	529	505	0	
4	0	0	0	0	532	495	0	
5	0	0	0	0	531	490	0	
6	0	0	0	0	529	491	0	
7	0	0	0	0	530	495	0	
8	0	0	0	0	536	503	0	
9	0	0	0	0	538	509	0	
10	0	0	0	0	537	514	0	
11	0	0	0	0	531	515	0	
12	0	0	0	0	523	521	0	
13	0	0	0	0	519	532	1	
14	0	0	0	0	516	538	0	
15	0	0	0	0	515	540	0	
0	0	0	0	0	519	541	0	
1	0	0	0	0	521	539	0	
2	0	0	0	0	518	539	0	
3	0	0	0	0	514	540	0	
4	0	0	0	0	511	540	0	
5	0	0	0	0	508	538	0	
6	0	0	0	0	509	544	0	
7	0	0	0	0	514	551	1	
8	0	0	0	0	520	560	1	
9	0	0	0	0	526	564	1	
10	0	0	0	0	538	560	1	
11	0	0	0	0	546	553	1	
12	0	0	0	0	555	549	1	
13	0	0	0	0	561	548	0	
14	0	0	0	0	561	547	1	
15	0	0	0	0	561	540	1	
0	0	0	0	0	558	531	0	
1	0	0	0	0	554	520	0	
2	0	0	0	0	548	515	0	
3	0	0	0	0	539	505	0	
4	0	0	0	0	531	500	0	
5	0	0	0	0	524	500	0	
6	0	0	0	0	519	503	0	
7	0	0	0	0	516	507	0	
8	0	0	0	0	515	507	0	
9	0	0	0	0	512	503	1	
10	0	0	0	0	506	494	0	
11	0	0	0	0	504	489	0	
12	0	0	0	0	505	482	0	
13	0	0	0	0	506	478	0	
14	0	0	0	0	498	479	0	
15	0	0	0	0	496	484	0	
0	0	0	0	0	497	486	0	
1	0	0	0	0	497	487	0	
2	0	0	0	0	491	486	0	
3	0	0	0	0	488	483	0	
4	0	0	0	0	489	480	0	
5	0	0	0	0	491	478	0	
6	0	0	0	0	492	477	0	
7	0	0	0	0	500	478	0	
8	0	0	0	0	511	483	0	
9	0	0	0	0	517	491	0	
10	0	0	0	0	522	503	0	
11	0	0	0	0	525	522	0	
12	0	0	0	0	525	537	0	
13	0	0	0	0	527	551	1	
14	0	0	0	0	531	550	0	
15	0	0	0	0	532	542	0	
0	0	0	0	0	527	534	0	
1	0	0	0	0	518	525	1	
2	0	0	0	0	514	517	0	
3	0	0	0	0	518	507	0	
4	0	0	0	0	525	502	0	
5	0	0	0	0	529	503	0	
6	0	0	0	0	524	509	0	
7	0	0	0	0	518	518	0	
8	0	0	0	0	515	527	0	
9	0	0	0	0	515	532	1	
10	0	0	0	0	514	533	0	
11	0	0	0	0	513	528	0	
12	0	0	0	0	509	523	0	
13	0	0	0	0	508	522	0	
14	0	0	0	0	510	523	0	
15	0	0	0	0	513	527	0	
0	0	0	0	0	513	534	0	
1	0	0	0	0	511	544	1	
2	0	0	0	0	510	548	0	
3	0	0	0	0	510	551	1	
4	0	0	0	0	516	547	1	
5	0	0	0	0	522	540	1	
6	0	0	0	0	528	539	0	
7	0	0	0	0	532	535	0	
8	0	0	0	0	536	528	0	
9	0	0	0	0	545	528	0	
10	0	0	0	0	547	531	0	
11	0	0	0	0	546	532	0	
12	0	0	0	0	543	534	0	
13	0	0	0	0	538	541	1	
14	0	0	0	0	534	545	0	
15	0	0	0	0	527	544	0	
0	0	0	0	0	516	540	0	
1	0	0	0	0	507	534	0	
2	0	0	0	0	500	531	1	
3	0	0	0	0	489	532	0	
4	0	0	0	0	481	531	0	
5	0	0	0	0	480	531	0	
6	0	0	0	0	480	534	0	
7	0	0	0	0	483	535	0	
8	0	0	0	0	484	536	0	
9	0	0	0	0	487	542	1	
10	0	0	0	0	489	547	0	
11	0	0	0	0	497	556	1	
12	0	0	0	0	500	564	1	
13	0	0	0	0	502	567	1	
14	0	0	0	0	501	571	1	
15	0	0	0	0	496	579	1	
0	0	0	0	0	494	582	1	
1	0	0	0	0	497	568	1	
2	0	0	0	0	504	551	0	
3	0	0	0	0	510	541	0	
4	0	0	0	0	513	535	0	
5	0	0	0	0	514	537	0	
6	0	0	0	0	515	543	1	
7	0	0	0	0	514	549	0	
8	0	0	0	0	511	552	1	
9	0	0	0	0	505	554	1	
10	0	0	0	0	502	555	0	
11	0	0	0	0	499	557	1	
12	0	0	0	0	496	560	1	
13	0	0	0	0	497	561	1	
14	0	0	0	0	502	560	1	
15	0	0	0	0	508	558	1	
0	0	0	0	0	516	550	1	
1	0	0	0	0	523	540	0	
2	0	0	0	0	532	530	0	
3	0	0	0	0	536	523	0	
4	0	0	0	0	544	528	0	
5	0	0	0	0	550	538	1	
6	0	0	0	0	552	547	0	
7	0	0	0	0	556	555	1	
8	0	0	0	0	559	559	1	
9	0	0	0	0	560	562	0	
10	0	0	0	0	559	563	1	
11	0	0	0	0	554	563	1	
12	0	0	0	0	547	556	1	
13	0	0	0	0	536	544	0	
14	0	0	0	0	525	535	0	
15	0	0	0	0	518	535	0	
0	0	0	0	0	511	533	0	
1	0	0	0	0	505	534	0	
2	0	0	0	0	498	536	1	
3	0	0	0	0	488	540	0	
4	0	0	0	0	480	551	1	
5	0	0	0	0	475	559	1	
6	0	0	0	0	476	557	1	
7	0	0	0	0	482	555	1	
8	0	0	0	0	492	556	1	
9	0	0	0	0	503	551	1	
10	0	0	0	0	513	548	0	
11	0	0	0	0	519	544	1	
12	0	0	0	0	525	541	1	
13	0	0	0	0	525	539	0	
14	0	0	0	0	522	537	0	
15	0	0	0	0	517	536	0	
0	0	0	0	0	509	534	0	
1	0	0	0	0	505	536	0	
2	0	0	0	0	501	539	0	
3	0	0	0	0	497	547	0	
4	0	0	0	0	490	551	1	
5	0	0	0	0	481	558	1	
6	0	0	0	0	475	566	1	
7	0	0	0	0	475	580	1	
8	0	0	0	0	475	589	1	
9	0	0	0	0	472	588	1	
10	0	0	0	0	465	575	1	
11	0	0	0	0	467	563	1	
12	0	0	0	0	467	559	1	
13	0	0	0	0	469	556	1	
14	0	0	0	0	468	551	0	
15	0	0	0	0	469	548	0	
0	0	0	0	0	466	545	0	
1	0	0	0	0	462	535	0	
2	0	0	0	0	460	524	0	
3	0	0	0	0	455	515	0	
4	0	0	0	0	450	508	0	
5	0	0	0	0	447	504	1	
6	0	0	0	0	441	502	0	
7	0	0	0	0	437	500	0	
8	0	0	0	0	438	499	0	
9	0	0	0	0	444	497	0	
10	0	0	0	0	453	500	0	
11	0	0	0	0	462	504	0	
12	0	0	0	0	468	507	0	
13	0	0	0	0	477	505	0	
14	0	0	0	0	483	500	0	
15	0	0	0	0	490	496	0	
0	0	0	0	0	494	494	0	
1	0	0	0	0	496	496	0	
2	0	0	0	0	496	495	0	
3	0	0	0	0	496	482	0	
4	0	0	0	0	499	476	0	
5	0	0	0	0	504	477	0	
6	0	0	0	0	507	488	0	
7	0	0	0	0	517	503	0	
8	0	0	0	0	518	505	1	
9	0	0	0	0	515	510	0	
10	0	0	0	0	511	516	0	
11	0	0	0	0	508	522	1	
12	0	0	0	0	503	525	0	
13	0	0	0	0	494	527	0	
14	0	0	0	0	482	530	0	
15	0	0	0	0	473	535	0	
0	0	0	0	0	467	535	0	
1	0	0	0	0	467	531	0	
2	0	0	0	0	468	527	0	
3	0	0	0	0	472	525	0	
4	0	0	0	0	477	519	0	
5	0	0	0	0	474	513	0	
6	0	0	0	0	469	511	0	
7	0	0	0	0	464	508	0	
8	0	0	0	0	458	504	0	
9	0	0	0	0	455	504	0	
10	0	0	0	0	456	503	0	
11	0	0	0	0	453	500	0	
12	0	0	0	0	453	500	0	
13	0	0	0	0	453	503	0	
14	0	0	0	0	446	501	0	
15	0	0	0	0	439	503	0	
0	0	0	0	0	432	499	0	
1	0	0	0	0	424	494	0	
2	0	0	0	0	420	491	0	
3	0	0	0	0	421	486	0	
4	0	0	0	0	423	479	0	
5	0	0	0	0	433	478	0	
6	0	0	0	0	440	480	0	
7	0	0	0	0	445	485	0	
8	0	0	0	0	447	492	0	
9	0	0	0	0	452	498	0	
10	0	0	0	0	451	504	0	
11	0	0	0	0	452	515	0	
12	0	0	0	0	456	526	0	
13	0	0	0	0	460	529	0	
14	0	0	0	0	465	521	0	
15	0	0	0	0	471	511	0	
0	0	0	0	0	476	504	1	
1	0	0	0	0	481	505	0	
2	0	0	0	0	488	509	0	
3	0	0	0	0	496	511	0	
4	0	0	0	0	499	516	0	
5	0	0	0	0	494	508	0	
6	0	0	0	0	480	501	0	
7	0	0	0	0	468	501	0	
8	0	0	0	0	465	505	0	
9	0	0	0	0	462	509	0	
10	0	0	0	0	457	511	0	
11	0	0	0	0	455	514	0	
12	0	0	0	0	455	517	0	
13	0	0	0	0	454	519	0	
14	0	0	0	0	447	527	0	
15	0	0	0	0	437	531	0	
0	0	0	0	0	432	538	1	
1	0	0	0	0	433	543	0	
2	0	0	0	0	432	546	1	
3	0	0	0	0	432	548	0	
4	0	0	0	0	434	545	0	
5	0	0	0	0	440	535	0	
6	0	0	0	0	448	525	0	
7	0	0	0	0	456	520	0	
8	0	0	0	0	462	519	0	
9	0	0	0	0	466	520	0	
10	0	0	0	0	466	522	0	
11	0	0	0	0	467	531	0	
12	0	0	0	0	472	534	0	
13	0	0	0	0	474	531	0	
14	0	0	0	0	475	529	0	
15	0	0	0	0	478	526	0	
0	0	0	0	0	484	525	0	
1	0	0	0	0	488	527	0	
2	0	0	0	0	489	524	0	
3	0	0	0	0	490	519	0	
4	0	0	0	0	493	512	0	
5	0	0	0	0	495	503	0	
6	0	0	0	0	491	493	0	
7	0	0	0	0	486	487	0	
8	0	0	0	0	481	482	0	
9	0	0	0	0	475	479	0	
10	0	0	0	0	472	475	0	
11	0	0	0	0	469	471	0	
12	0	0	0	0	470	467	0	
13	0	0	0	0	470	465	0	
14	0	0	0	0	469	470	0	
15	0	0	0	0	471	482	0	
0	0	0	0	0	476	492	0	
1	0	0	0	0	474	493	0	
2	0	0	0	0	478	494	0	
3	0	0	0	0	483	503	0	
4	0	0	0	0	487	516	0	
5	0	0	0	0	486	525	0	
6	0	0	0	0	486	523	0	
7	0	0	0	0	492	514	0	
8	0	0	0	0	496	507	0	
9	0	0	0	0	499	499	0	
10	0	0	0	0	499	494	0	
11	0	0	0	0	497	483	0	
12	0	0	0	0	498	474	0	
13	0	0	0	0	503	472	0	
14	0	0	0	0	502	478	0	
15	0	0	0	0	495	488	0	
0	0	0	0	0	480	493	0	
1	0	0	0	0	467	489	0	
2	0	0	0	0	455	487	0	
3	0	0	0	0	448	486	0	
4	0	0	0	0	447	487	0	
5	0	0	0	0	449	487	0	
6	0	0	0	0	457	493	0	
7	0	0	0	0	471	496	0	
8	0	0	0	0	486	497	0	
9	0	0	0	0	491	498	0	
10	0	0	0	0	487	495	0	
11	0	0	0	0	484	492	0	
12	0	0	0	0	478	487	0	
13	0	0	0	0	476	489	0	
14	0	0	0	0	473	494	0	
15	0	0	0	0	470	496	0	
0	0	0	0	0	468	496	0	
1	0	0	0	0	467	492	0	
2	0	0	0	0	467	486	0	
3	0	0	0	0	470	483	0	
4	0	0	0	0	477	484	0	
5	0	0	0	0	481	487	0	
6	0	0	0	0	488	488	0	
7	0	0	0	0	494	483	0	
8	0	0	0	0	494	476	0	
9	0	0	0	0	496	472	0	
10	0	0	0	0	497	466	0	
11	0	0	0	0	501	464	0	
12	0	0	0	0	507	463	0	
13	0	0	0	0	510	465	0	
14	0	0	0	0	510	473	0	
15	0	0	0	0	509	484	0	
0	0	0	0	0	506	495	0	
1	0	0	0	0	509	506	0	
2	0	0	0	0	512	515	0	
3	0	0	0	0	513	527	0	
4	0	0	0	0	508	527	1	
5	0	0	0	0	506	519	0	
6	0	0	0	0	502	510	0	
7	0	0	0	0	497	504	0	
8	0	0	0	0	497	501	0	
9	0	0	0	0	503	501	0	
10	0	0	0	0	513	497	0	
11	0	0	0	0	528	494	0	
12	0	0	0	0	534	490	0	
13	0	0	0	0	531	488	0	
14	0	0	0	0	530	486	0	
15	0	0	0	0	526	483	0	
0	0	0	0	0	521	489	0	
1	0	0	0	0	518	499	0	
2	0	0	0	0	516	507	0	
3	0	0	0	0	513	513	0	
4	0	0	0	0	513	524	0	
5	0	0	0	0	509	531	0	
6	0	0	0	0	507	543	0	
7	0	0	0	0	505	553	1	
8	0	0	0	0	507	556	1	
9	0	0	0	0	511	558	1	
10	0	0	0	0	516	558	1	
11	0	0	0	0	523	559	1	
12	0	0	0	0	528	562	1	
13	0	0	0	0	534	567	1	
14	0	0	0	0	540	568	1	
15	0	0	0	0	544	573	1	
0	0	0	0	0	540	575	1	
1	0	0	0	0	532	571	1	
2	0	0	0	0	527	569	1	
3	0	0	0	0	524	565	1	
4	0	0	0	0	522	557	0	
5	0	0	0	0	523	553	1	
6	0	0	0	0	522	550	0	
7	0	0	0	0	524	543	0	
8	0	0	0	0	526	537	0	
9	0	0	0	0	527	524	0	
10	0	0	0	0	523	511	0	
11	0	0	0	0	516	499	0	
12	0	0	0	0	511	494	0	
13	0	0	0	0	509	499	0	
14	0	0	0	0	506	510	0	
15	0	0	0	0	504	523	0	
0	0	0	0	0	504	526	0	
1	0	0	0	0	503	518	0	
2	0	0	0	0	505	508	0	
3	0	0	0	0	510	501	0	
4	0	0	0	0	514	496	0	
5	0	0	0	0	515	493	0	
6	0	0	0	0	513	491	0	
7	0	0	0	0	511	491	0	
8	0	0	0	0	511	492	0	
9	0	0	0	0	508	495	0	
10	0	0	0	0	501	497	0	
11	0	0	0	0	501	508	0	
12	0	0	0	0	506	515	0	
13	0	0	0	0	512	523	0	
14	0	0	0	0	513	529	0	
15	0	0	0	0	514	534	0	
0	0	0	0	0	512	539	0	
1	0	0	0	0	515	545	1	
2	0	0	0	0	519	551	1	
3	0	0	0	0	519	557	1	
4	0	0	0	0	514	554	0	
5	0	0	0	0	511	545	0	
6	0	0	0	0	510	536	0	
7	0	0	0	0	511	524	0	
8	0	0	0	0	512	510	0	
9	0	0	0	0	509	498	0	
10	0	0	0	0	504	491	0	
11	0	0	0	0	497	488	0	
12	0	0	0	0	490	487	0	
13	0	0	0	0	486	488	0	
14	0	0	0	0	484	486	0	
15	0	0	0	0	482	477	0	
0	0	0	0	0	481	468	0	
1	0	0	0	0	482	457	0	
2	0	0	0	0	486	451	0	
3	0	0	0	0	491	448	0	
4	0	0	0	0	499	450	0	
5	0	0	0	0	508	452	0	
6	0	0	0	0	515	451	0	
7	0	0	0	0	521	444	0	
8	0	0	0	0	523	437	0	
9	0	0	0	0	520	433	0	
10	0	0	0	0	512	433	0	
11	0	0	0	0	502	433	0	
12	0	0	0	0	493	439	0	
13	0	0	0	0	485	448	0	
14	0	0	0	0	480	454	0	
15	0	0	0	0	477	460	0	
0	0	0	0	0	473	468	0	
1	0	0	0	0	473	477	0	
2	0	0	0	0	481	483	0	
3	0	0	0	0	489	478	0	
4	0	0	0	0	496	473	0	
5	0	0	0	0	503	462	0	
6	0	0	0	0	512	455	0	
7	0	0	0	0	515	454	0	
8	0	0	0	0	512	463	0	
9	0	0	0	0	510	479	0	
10	0	0	0	0	507	486	0	
11	0	0	0	0	502	489	0	
12	0	0	0	0	501	484	0	
13	0	0	0	0	498	476	0	
14	0	0	0	0	492	471	0	
15	0	0	0	0	486	467	0	
0	0	0	0	0	484	461	0	
1	0	0	0	0	484	451	0	
2	0	0	0	0	484	441	0	
3	0	0	0	0	480	438	0	
4	0	0	0	0	476	438	0	
5	0	0	0	0	473	440	0	
6	0	0	0	0	472	446	0	
7	0	0	0	0	473	451	0	
8	0	0	0	0	476	459	0	
9	0	0	0	0	478	460	0	
10	0	0	0	0	481	458	0	
11	0	0	0	0	485	461	0	
12	0	0	0	0	485	463	0	
13	0	0	0	0	486	463	0	
14	0	0	0	0	487	460	0	
15	0	0	0	0	482	460	0	
0	0	0	0	0	478	460	0	
1	0	0	0	0	477	460	0	
2	0	0	0	0	483	466	0	
3	0	0	0	0	496	473	0	
4	0	0	0	0	512	482	0	
5	0	0	0	0	525	493	0	
6	0	0	0	0	530	497	0	
7	0	0	0	0	533	502	0	
8	0	0	0	0	536	505	1	
9	0	0	0	0	536	500	0	
10	0	0	0	0	529	493	0	
11	0	0	0	0	527	486	0	
12	0	0	0	0	519	479	0	
13	0	0	0	0	517	471	0	
14	0	0	0	0	515	467	0	
15	0	0	0	0	513	472	0	
0	0	0	0	0	508	487	0	
1	0	0	0	0	504	500	0	
2	0	0	0	0	504	501	0	
3	0	0	0	0	507	504	0	
4	0	0	0	0	507	509	0	
5	0	0	0	0	507	515	0	
6	0	0	0	0	506	520	0	
7	0	0	0	0	505	522	0	
8	0	0	0	0	504	523	0	
9	0	0	0	0	498	519	0	
10	0	0	0	0	491	515	0	
11	0	0	0	0	487	515	0	
12	0	0	0	0	484	512	0	
13	0	0	0	0	481	511	0	
14	0	0	0	0	472	507	0	
15	0	0	0	0	467	502	0	
0	0	0	0	0	468	497	0	
1	0	0	0	0	475	494	0	
2	0	0	0	0	489	487	0	
3	0	0	0	0	497	481	0	
4	0	0	0	0	502	476	0	
5	0	0	0	0	509	477	0	
6	0	0	0	0	518	477	0	
7	0	0	0	0	527	483	0	
8	0	0	0	0	534	494	0	
9	0	0	0	0	537	510	0	
10	0	0	0	0	539	528	0	
11	0	0	0	0	540	532	0	
12	0	0	0	0	543	529	0	
13	0	0	0	0	540	524	0	
14	0	0	0	0	532	518	0	
15	0	0	0	0	529	513	0	
0	0	0	0	0	530	509	0	
1	0	0	0	0	535	503	0	
2	0	0	0	0	537	497	0	
3	0	0	0	0	538	491	0	
4	0	0	0	0	542	484	0	
5	0	0	0	0	548	479	0	
6	0	0	0	0	550	476	0	
7	0	0	0	0	550	478	0	
8	0	0	0	0	545	490	0	
9	0	0	0	0	540	504	1	
10	0	0	0	0	537	518	0	
11	0	0	0	0	536	527	0	
12	0	0	0	0	532	531	0	
13	0	0	0	0	532	529	0	
14	0	0	0	0	536	527	0	
15	0	0	0	0	536	525	0	
0	0	0	0	0	540	530	0	
1	0	0	0	0	543	540	1	
2	0	0	0	0	545	551	1	
3	0	0	0	0	550	561	1	
4	0	0	0	0	552	568	1	
5	0	0	0	0	553	575	1	
6	0	0	0	0	552	586	1	
7	0	0	0	0	547	592	1	
8	0	0	0	0	541	593	1	
9	0	0	0	0	537	583	1	
10	0	0	0	0	530	570	1	
11	0	0	0	0	523	559	1	
12	0	0	0	0	517	544	1	
13	0	0	0	0	514	535	1	
14	0	0	0	0	512	527	0	
15	0	0	0	0	511	526	0	
0	0	0	0	0	513	517	0	
1	0	0	0	0	514	512	0	
2	0	0	0	0	513	513	0	
3	0	0	0	0	512	508	0	
4	0	0	0	0	512	499	0	
5	0	0	0	0	510	489	0	
6	0	0	0	0	507	484	0	
7	0	0	0	0	508	481	0	
8	0	0	0	0	509	480	0	
9	0	0	0	0	511	482	0	
10	0	0	0	0	519	482	0	
11	0	0	0	0	529	486	0	
12	0	0	0	0	536	498	0	
13	0	0	0	0	542	514	0	
14	0	0	0	0	543	525	0	
15	0	0	0	0	536	531	0	
0	0	0	0	0	531	531	0	
1	0	0	0	0	521	532	0	
2	0	0	0	0	518	538	0	
3	0	0	0	0	520	546	1	
4	0	0	0	0	521	551	1	
5	0	0	0	0	527	561	1	
6	0	0	0	0	528	572	1	
7	0	0	0	0	529	578	1	
8	0	0	0	0	534	582	1	
9	0	0	0	0	543	578	1	
10	0	0	0	0	548	571	1	
11	0	0	0	0	548	563	1	
12	0	0	0	0	549	550	1	
13	0	0	0	0	550	544	0	
14	0	0	0	0	547	537	0	
15	0	0	0	0	539	525	0	
0	0	0	0	0	531	521	0	
1	0	0	0	0	522	524	0	
2	0	0	0	0	516	533	0	
3	0	0	0	0	512	539	0	
4	0	0	0	0	509	545	0	
5	0	0	0	0	503	549	1	
6	0	0	0	0	497	540	0	
7	0	0	0	0	494	522	0	
8	0	0	0	0	490	504	0	
9	0	0	0	0	482	493	0	
10	0	0	0	0	476	488	0	
11	0	0	0	0	476	491	0	
12	0	0	0	0	480	496	0	
13	0	0	0	0	487	499	0	
14	0	0	0	0	497	500	0	
15	0	0	0	0	507	498	0	
0	0	0	0	0	516	498	0	
1	0	0	0	0	524	500	0	
2	0	0	0	0	525	504	0	
3	0	0	0	0	524	508	0	
4	0	0	0	0	520	509	0	
5	0	0	0	0	515	512	0	
6	0	0	0	0	513	512	0	
7	0	0	0	0	507	508	0	
8	0	0	0	0	502	509	0	
9	0	0	0	0	495	508	0	
10	0	0	0	0	495	505	0	
11	0	0	0	0	498	507	0	
12	0	0	0	0	503	514	0	
13	0	0	0	0	509	514	0	
14	0	0	0	0	513	514	0	
15	0	0	0	0	516	514	0	
0	0	0	0	0	523	515	0	
1	0	0	0	0	533	521	0	
2	0	0	0	0	539	524	0	
3	0	0	0	0	544	524	0	
4	0	0	0	0	547	519	0	
5	0	0	0	0	550	519	0	
6	0	0	0	0	551	523	0	
7	0	0	0	0	548	525	0	
8	0	0	0	0	540	522	0	
9	0	0	0	0	531	515	0	
10	0	0	0	0	521	509	0	
11	0	0	0	0	516	505	0	
12	0	0	0	0	511	501	0	
13	0	0	0	0	505	502	0	
14	0	0	0	0	500	509	0	
15	0	0	0	0	489	517	0	
0	0	0	0	0	485	517	0	
1	0	0	0	0	480	513	0	
2	0	0	0	0	480	511	0	
3	0	0	0	0	480	508	0	
4	0	0	0	0	483	504	0	
5	0	0	0	0	488	502	0	
6	0	0	0	0	499	504	0	
7	0	0	0	0	512	513	0	
8	0	0	0	0	520	525	0	
9	0	0	0	0	528	534	0	
10	0	0	0	0	531	539	0	
11	0	0	0	0	528	537	1	
12	0	0	0	0	527	540	1	
13	0	0	0	0	527	542	0	
14	0	0	0	0	532	544	1	
15	0	0	0	0	539	546	0	
0	0	0	0	0	545	547	1	
1	0	0	0	0	549	547	1	
2	0	0	0	0	552	543	0	
3	0	0	0	0	553	537	0	
4	0	0	0	0	547	533	0	
5	0	0	0	0	538	531	0	
6	0	0	0	0	529	528	0	
7	0	0	0	0	518	523	0	
8	0	0	0	0	508	515	0	
9	0	0	0	0	501	504	0	
10	0	0	0	0	497	492	0	
11	0	0	0	0	499	482	0	
12	0	0	0	0	505	478	0	
13	0	0	0	0	511	478	0	
14	0	0	0	0	514	482	0	
15	0	0	0	0	515	487	0	
0	0	0	0	0	518	491	0	
1	0	0	0	0	515	491	1	
2	0	0	0	0	518	488	0	
3	0	0	0	0	524	489	0	
4	0	0	0	0	526	488	0	
5	0	0	0	0	523	487	0	
6	0	0	0	0	516	488	0	
7	0	0	0	0	510	496	0	
8	0	0	0	0	500	505	0	
9	0	0	0	0	494	511	0	
10	0	0	0	0	485	514	0	
11	0	0	0	0	483	515	0	
12	0	0	0	0	489	516	0	
13	0	0	0	0	493	516	0	
14	0	0	0	0	501	519	0	
15	0	0	0	0	505	520	0	
0	0	0	0	0	507	525	0	
1	0	0	0	0	503	527	0	
2	0	0	0	0	498	526	0	
3	0	0	0	0	499	528	0	
4	0	0	0	0	503	529	0	
5	0	0	0	0	513	531	0	
6	0	0	0	0	525	536	0	
7	0	0	0	0	531	540	0	
8	0	0	0	0	531	540	0	
9	0	0	0	0	536	532	0	
10	0	0	0	0	542	530	0	
11	0	0	0	0	545	527	0	
12	0	0	0	0	541	522	0	
13	0	0	0	0	535	518	0	
14	0	0	0	0	531	518	0	
15	0	0	0	0	527	521	0	
0	0	0	0	0	522	527	0	
1	0	0	0	0	515	536	0	
2	0	0	0	0	505	539	0	
3	0	0	0	0	499	540	1	
4	0	0	0	0	499	538	0	
5	0	0	0	0	503	532	0	
6	0	0	0	0	509	525	0	
7	0	0	0	0	515	516	0	
8	0	0	0	0	522	503	0	
9	0	0	0	0	528	487	0	
10	0	0	0	0	536	476	0	
11	0	0	0	0	539	475	0	
12	0	0	0	0	537	477	0	
13	0	0	0	0	531	482	0	
14	0	0	0	0	523	483	0	
15	0	0	0	0	519	485	0	
0	0	0	0	0	520	491	0	
1	0	0	0	0	523	496	0	
2	0	0	0	0	529	498	0	
3	0	0	0	0	539	501	0	
4	0	0	0	0	548	500	0	
5	0	0	0	0	553	504	0	
6	0	0	0	0	561	502	0	
7	0	0	0	0	564	493	0	
8	0	0	0	0	566	487	0	
9	0	0	0	0	564	487	1	
10	0	0	0	0	559	487	0	
11	0	0	0	0	548	486	0	
12	0	0	0	0	542	487	0	
13	0	0	0	0	541	494	0	
14	0	0	0	0	544	494	0	
15	0	0	0	0	544	490	0	
0	0	0	0	0	537	487	0	
1	0	0	0	0	525	484	0	
2	0	0	0	0	513	478	0	
3	0	0	0	0	504	472	0	
4	0	0	0	0	506	465	0	
5	0	0	0	0	510	463	0	
6	0	0	0	0	515	458	0	
7	0	0	0	0	518	462	0	
8	0	0	0	0	521	472	0	
9	0	0	0	0	523	489	0	
10	0	0	0	0	527	500	0	
11	0	0	0	0	528	503	0	
12	0	0	0	0	529	505	0	
13	0	0	0	0	531	506	0	
14	0	0	0	0	528	508	0	
15	0	0	0	0	527	507	0	
0	0	0	0	0	531	503	0	
1	0	0	0	0	534	495	0	
2	0	0	0	0	539	485	0	
3	0	0	0	0	539	473	0	
4	0	0	0	0	540	462	0	
5	0	0	0	0	542	453	0	
6	0	0	0	0	542	448	0	
7	0	0	0	0	538	449	0	
8	0	0	0	0	532	459	0	
9	0	0	0	0	527	472	0	
10	0	0	0	0	524	479	0	
11	0	0	0	0	528	480	0	
12	0	0	0	0	528	484	0	
13	0	0	0	0	524	488	0	
14	0	0	0	0	525	497	0	
15	0	0	0	0	522	507	0	
0	0	0	0	0	514	514	0	
1	0	0	0	0	503	516	0	
2	0	0	0	0	492	515	0	
3	0	0	0	0	487	511	0	
4	0	0	0	0	483	506	0	
5	0	0	0	0	481	499	0	
6	0	0	0	0	482	488	0	
7	0	0	0	0	488	480	0	
8	0	0	0	0	496	476	0	
9	0	0	0	0	500	476	0	
10	0	0	0	0	502	477	0	
11	0	0	0	0	508	479	0	
12	0	0	0	0	511	476	0	
13	0	0	0	0	507	472	0	
14	0	0	0	0	506	471	0	
15	0	0	0	0	513	469	0	
0	0	0	0	0	523	469	0	
1	0	0	0	0	527	476	0	
2	0	0	0	0	522	484	0	
3	0	0	0	0	519	488	0	
4	0	0	0	0	518	486	0	
5	0	0	0	0	515	487	0	
6	0	0	0	0	511	488	0	
7	0	0	0	0	507	486	0	
8	0	0	0	0	504	493	0	
9	0	0	0	0	507	507	0	
10	0	0	0	0	511	517	0	
11	0	0	0	0	510	515	0	
12	0	0	0	0	507	505	0	
13	0	0	0	0	502	498	0	
14	0	0	0	0	507	499	0	
15	0	0	0	0	514	497	0	
0	0	0	0	0	520	495	0	
1	0	0	0	0	529	495	0	
2	0	0	0	0	539	492	0	
3	0	0	0	0	544	490	0	
4	0	0	0	0	542	484	0	
5	0	0	0	0	540	484	0	
6	0	0	0	0	534	491	0	
7	0	0	0	0	527	499	0	
8	0	0	0	0	517	504	0	
9	0	0	0	0	509	508	0	
10	0	0	0	0	503	510	0	
11	0	0	0	0	499	513	0	
12	0	0	0	0	496	519	0	
13	0	0	0	0	494	531	0	
14	0	0	0	0	489	542	0	
15	0	0	0	0	486	549	0	
0	0	0	0	0	491	549	1	
1	0	0	0	0	503	543	0	
2	0	0	0	0	512	541	0	
3	0	0	0	0	520	544	0	
4	0	0	0	0	525	551	1	
5	0	0	0	0	530	551	1	
6	0	0	0	0	535	550	1	
7	0	0	0	0	537	548	0	
8	0	0	0	0	536	544	1	
9	0	0	0	0	539	538	0	
10	0	0	0	0	543	528	0	
11	0	0	0	0	553	525	0	
12	0	0	0	0	563	524	0	
13	0	0	0	0	567	525	0	
14	0	0	0	0	567	523	0	
15	0	0	0	0	562	519	0	
0	0	0	0	0	549	514	0	
1	0	0	0	0	536	515	0	
2	0	0	0	0	527	524	0	
3	0	0	0	0	520	527	0	
4	0	0	0	0	517	520	0	
5	0	0	0	0	518	510	0	
6	0	0	0	0	519	502	0	
7	0	0	0	0	519	503	0	
8	0	0	0	0	520	507	0	
9	0	0	0	0	519	511	0	
10	0	0	0	0	521	516	0	
11	0	0	0	0	522	524	0	
12	0	0	0	0	522	537	0	
13	0	0	0	0	521	549	1	
14	0	0	0	0	521	546	0	
15	0	0	0	0	524	531	0	
0	0	0	0	0	524	516	0	
1	0	0	0	0	524	504	0	
2	0	0	0	0	525	494	0	
3	0	0	0	0	520	484	0	
4	0	0	0	0	515	480	0	
5	0	0	0	0	512	480	0	
6	0	0	0	0	511	481	0	
7	0	0	0	0	507	485	0	
8	0	0	0	0	504	488	0	
9	0	0	0	0	504	491	0	
10	0	0	0	0	507	492	0	
11	0	0	0	0	510	490	0	
12	0	0	0	0	515	491	0	
13	0	0	0	0	524	495	0	
14	0	0	0	0	534	501	0	
15	0	0	0	0	542	499	0	
0	0	0	0	0	549	495	0	
1	0	0	0	0	547	494	0	
2	0	0	0	0	537	495	0	
3	0	0	0	0	524	499	0	
4	0	0	0	0	510	508	0	
5	0	0	0	0	498	509	0	
6	0	0	0	0	487	504	0	
7	0	0	0	0	476	498	0	
8	0	0	0	0	468	492	0	
9	0	0	0	0	463	483	0	
10	0	0	0	0	461	477	0	
11	0	0	0	0	460	476	0	
12	0	0	0	0	462	475	0	
13	0	0	0	0	471	470	0	
14	0	0	0	0	475	466	0	
15	0	0	0	0	471	463	0	
0	0	0	0	0	463	458	0	
1	0	0	0	0	460	454	0	
2	0	0	0	0	459	446	0	
3	0	0	0	0	461	444	0	
4	0	0	0	0	461	440	0	
5	0	0	0	0	462	437	0	
6	0	0	0	0	466	433	0	
7	0	0	0	0	469	431	0	
8	0	0	0	0	477	431	0	
9	0	0	0	0	487	436	0	
10	0	0	0	0	498	440	0	
11	0	0	0	0	506	443	0	
12	0	0	0	0	515	450	0	
13	0	0	0	0	516	460	1	
14	0	0	0	0	512	467	0	
15	0	0	0	0	506	459	0	
0	0	0	0	0	500	446	0	
1	0	0	0	0	500	436	0	
2	0	0	0	0	497	427	0	
3	0	0	0	0	497	427	0	
4	0	0	0	0	498	430	0	
5	0	0	0	0	500	432	0	
6	0	0	0	0	502	444	0	
7	0	0	0	0	505	460	0	
8	0	0	0	0	508	473	0	
9	0	0	0	0	512	484	0	
10	0	0	0	0	515	483	0	
11	0	0	0	0	513	479	0	
12	0	0	0	0	511	479	0	
13	0	0	0	0	513	479	0	
14	0	0	0	0	520	477	0	
15	0	0	0	0	529	475	0	
0	0	0	0	0	536	474	0	
1	0	0	0	0	547	475	0	
2	0	0	0	0	555	477	0	
3	0	0	0	0	553	476	0	
4	0	0	0	0	547	478	0	
5	0	0	0	0	539	485	0	
6	0	0	0	0	537	488	0	
7	0	0	0	0	536	487	0	
8	0	0	0	0	533	482	0	
9	0	0	0	0	527	474	0	
10	0	0	0	0	524	475	0	
11	0	0	0	0	521	480	0	
12	0	0	0	0	516	481	0	
13	0	0	0	0	512	481	0	
14	0	0	0	0	507	482	0	
15	0	0	0	0	502	486	0	
0	0	0	0	0	503	487	0	
1	0	0	0	0	508	483	0	
2	0	0	0	0	513	479	0	
3	0	0	0	0	520	477	0	
4	0	0	0	0	524	476	0	
5	0	0	0	0	530	484	0	
6	0	0	0	0	537	488	0	
7	0	0	0	0	544	484	0	
8	0	0	0	0	552	480	0	
9	0	0	0	0	556	478	0	
10	0	0	0	0	557	480	0	
11	0	0	0	0	551	485	0	
12	0	0	0	0	544	489	0	
13	0	0	0	0	542	490	0	
14	0	0	0	0	546	496	0	
15	0	0	0	0	546	508	0	
0	0	0	0	0	546	519	0	
1	0	0	0	0	548	527	0	
2	0	0	0	0	549	518	0	
3	0	0	0	0	546	510	0	
4	0	0	0	0	543	498	0	
5	0	0	0	0	539	490	0	
6	0	0	0	0	534	492	0	
7	0	0	0	0	530	496	0	
8	0	0	0	0	528	500	0	
9	0	0	0	0	532	502	0	
10	0	0	0	0	535	504	0	
11	0	0	0	0	533	502	0	
12	0	0	0	0	531	493	0	
13	0	0	0	0	528	489	1	
14	0	0	0	0	526	485	0	
15	0	0	0	0	524	489	0	
0	0	0	0	0	521	493	0	
1	0	0	0	0	522	496	0	
2	0	0	0	0	527	503	0	
3	0	0	0	0	529	503	0	
4	0	0	0	0	534	496	0	
5	0	0	0	0	536	491	0	
6	0	0	0	0	538	489	0	
7	0	0	0	0	537	496	0	
8	0	0	0	0	534	508	0	
9	0	0	0	0	532	520	0	
10	0	0	0	0	531	535	1	
11	0	0	0	0	530	545	1	
12	0	0	0	0	526	557	1	
13	0	0	0	0	524	565	0	
14	0	0	0	0	524	567	1	
15	0	0	0	0	525	568	1	
0	0	0	0	0	525	571	1	
1	0	0	0	0	520	575	1	
2	0	0	0	0	512	575	1	
3	0	0	0	0	507	576	1	
4	0	0	0	0	507	581	1	
5	0	0	0	0	510	583	1	
6	0	0	0	0	511	588	1	
7	0	0	0	0	515	592	1	
8	0	0	0	0	526	594	1	
9	0	0	0	0	536	596	1	
10	0	0	0	0	542	595	1	
11	0	0	0	0	549	595	1	
12	0	0	0	0	554	592	1	
13	0	0	0	0	560	584	1	
14	0	0	0	0	563	577	1	
15	0	0	0	0	559	566	1	
0	0	0	0	0	557	553	0	
1	0	0	0	0	553	542	1	
2	0	0	0	0	553	538	0	
3	0	0	0	0	551	538	0	
4	0	0	0	0	548	536	0	
5	0	0	0	0	550	529	0	
6	0	0	0	0	555	520	0	
7	0	0	0	0	564	516	0	
8	0	0	0	0	572	523	1	
9	0	0	0	0	582	532	0	
10	0	0	0	0	588	545	0	
11	0	0	0	0	587	551	1	
12	0	0	0	0	584	551	1	
13	0	0	0	0	576	548	1	
14	0	0	0	0	566	540	0	
15	0	0	0	0	555	536	0	
0	0	0	0	0	541	530	0	
1	0	0	0	0	531	527	0	
2	0	0	0	0	528	525	0	
3	0	0	0	0	530	523	0	
4	0	0	0	0	530	523	0	
5	0	0	0	0	531	523	0	
6	0	0	0	0	531	520	0	
7	0	0	0	0	531	518	0	
8	0	0	0	0	527	515	0	
9	0	0	0	0	525	516	0	
10	0	0	0	0	519	516	0	
11	0	0	0	0	517	517	0	
12	0	0	0	0	516	519	0	
13	0	0	0	0	515	516	0	
14	0	0	0	0	518	511	0	
15	0	0	0	0	521	510	0	
0	0	0	0	0	526	510	0	
1	0	0	0	0	528	506	0	
2	0	0	0	0	531	504	0	
3	0	0	0	0	536	501	0	
4	0	0	0	0	538	499	0	
5	0	0	0	0	536	500	0	
6	0	0	0	0	529	505	0	
7	0	0	0	0	523	512	0	
8	0	0	0	0	516	519	0	
9	0	0	0	0	516	528	0	
10	0	0	0	0	518	539	0	
11	0	0	0	0	519	540	0	
12	0	0	0	0	516	535	0	
13	0	0	0	0	515	531	0	
14	0	0	0	0	517	530	0	
15	0	0	0	0	519	531	0	
0	0	0	0	0	521	531	0	
1	0	0	0	0	524	529	0	
2	0	0	0	0	530	522	0	
3	0	0	0	0	537	512	0	
4	0	0	0	0	540	506	0	
5	0	0	0	0	544	502	0	
6	0	0	0	0	547	503	0	
7	0	0	0	0	548	513	0	
8	0	0	0	0	548	523	0	
9	0	0	0	0	543	522	0	
10	0	0	0	0	538	515	0	
11	0	0	0	0	532	509	0	
12	0	0	0	0	526	506	0	
13	0	0	0	0	527	500	0	
14	0	0	0	0	533	494	0	
15	0	0	0	0	539	486	0	
0	0	0	0	0	540	481	0	
1	0	0	0	0	539	479	0	
2	0	0	0	0	537	478	0	
3	0	0	0	0	532	480	0	
4	0	0	0	0	527	481	0	
5	0	0	0	0	521	480	0	
6	0	0	0	0	523	483	0	
7	0	0	0	0	523	488	0	
8	0	0	0	0	525	494	0	
9	0	0	0	0	529	500	0	
10	0	0	0	0	536	507	0	
11	0	0	0	0	536	515	0	
12	0	0	0	0	539	527	0	
13	0	0	0	0	542	537	0	
14	0	0	0	0	543	537	0	
15	0	0	0	0	545	536	0	
0	0	0	0	0	548	536	0	
1	0	0	0	0	550	539	0	
2	0	0	0	0	556	543	0	
3	0	0	0	0	555	544	0	
4	0	0	0	0	548	540	0	
5	0	0	0	0	541	537	0	
6	0	0	0	0	536	537	0	
7	0	0	0	0	540	542	0	
8	0	0	0	0	540	543	0	
9	0	0	0	0	541	540	1	
10	0	0	0	0	540	532	0	
11	0	0	0	0	543	519	0	
12	0	0	0	0	549	510	0	
13	0	0	0	0	554	501	0	
14	0	0	0	0	564	495	0	
15	0	0	0	0	577	496	1	
0	0	0	0	0	587	497	0	
1	0	0	0	0	594	503	0	
2	0	0	0	0	596	514	0	
3	0	0	0	0	595	527	1	
4	0	0	0	0	593	539	0	
5	0	0	0	0	588	543	0	
6	0	0	0	0	582	540	0	
7	0	0	0	0	579	533	0	
8	0	0	0	0	575	534	0	
9	0	0	0	0	572	536	0	
10	0	0	0	0	565	539	0	
11	0	0	0	0	556	534	0	
12	0	0	0	0	545	522	0	
13	0	0	0	0	534	518	0	
14	0	0	0	0	526	518	0	
15	0	0	0	0	520	506	0	
0	0	0	0	0	519	497	0	
1	0	0	0	0	515	492	0	
2	0	0	0	0	515	483	0	
3	0	0	0	0	517	477	0	
4	0	0	0	0	520	472	0	
5	0	0	0	0	518	468	0	
6	0	0	0	0	514	468	0	
7	0	0	0	0	511	472	0	
8	0	0	0	0	509	479	0	
9	0	0	0	0	508	487	0	
10	0	0	0	0	508	491	0	
11	0	0	0	0	508	491	0	
12	0	0	0	0	504	484	0	
13	0	0	0	0	500	479	0	
14	0	0	0	0	504	471	0	
15	0	0	0	0	511	465	0	
0	0	0	0	0	515	460	0	
1	0	0	0	0	519	454	0	
2	0	0	0	0	522	457	0	
3	0	0	0	0	520	460	0	
4	0	0	0	0	524	464	0	
5	0	0	0	0	524	468	0	
6	0	0	0	0	524	469	0	
7	0	0	0	0	520	465	0	
8	0	0	0	0	517	466	0	
9	0	0	0	0	516	468	0	
10	0	0	0	0	516	468	0	
11	0	0	0	0	518	462	0	
12	0	0	0	0	515	457	0	
13	0	0	0	0	511	456	0	
14	0	0	0	0	506	465	0	
15	0	0	0	0	498	471	0	
0	0	0	0	0	488	471	0	
1	0	0	0	0	484	471	0	
2	0	0	0	0	480	474	0	
3	0	0	0	0	477	477	0	
4	0	0	0	0	474	485	0	
5	0	0	0	0	477	499	0	
6	0	0	0	0	483	513	0	
7	0	0	0	0	494	522	0	
8	0	0	0	0	505	528	0	
9	0	0	0	0	512	533	0	
10	0	0	0	0	517	541	0	
11	0	0	0	0	519	540	0	
12	0	0	0	0	518	531	0	
13	0	0	0	0	519	528	0	
14	0	0	0	0	524	525	0	
15	0	0	0	0	525	519	0	
0	0	0	0	0	524	515	0	
1	0	0	0	0	521	508	0	
2	0	0	0	0	518	499	0	
3	0	0	0	0	516	492	0	
4	0	0	0	0	515	491	0	
5	0	0	0	0	513	492	0	
6	0	0	0	0	510	491	0	
7	0	0	0	0	504	490	0	
8	0	0	0	0	499	493	0	
9	0	0	0	0	496	492	0	
10	0	0	0	0	496	496	0	
11	0	0	0	0	493	497	0	
12	0	0	0	0	487	497	1	
13	0	0	0	0	491	497	0	
14	0	0	0	0	494	496	0	
15	0	0	0	0	499	497	0	
0	0	0	0	0	502	498	0	
1	0	0	0	0	499	497	0	
2	0	0	0	0	499	499	0	
3	0	0	0	0	502	500	0	
4	0	0	0	0	505	508	1	
5	0	0	0	0	512	518	0	
6	0	0	0	0	526	528	0	
7	0	0	0	0	534	537	0	
8	0	0	0	0	537	551	0	
9	0	0	0	0	534	556	1	
10	0	0	0	0	530	551	0	
11	0	0	0	0	531	549	0	
12	0	0	0	0	534	542	0	
13	0	0	0	0	535	533	0	
14	0	0	0	0	530	530	0	
15	0	0	0	0	520	536	0	
0	0	0	0	0	512	544	0	
1	0	0	0	0	507	548	1	
2	0	0	0	0	508	551	1	
3	0	0	0	0	512	555	1	
4	0	0	0	0	520	555	0	
5	0	0	0	0	522	552	1	
6	0	0	0	0	515	548	0	
7	0	0	0	0	504	542	0	
8	0	0	0	0	496	543	0	
9	0	0	0	0	488	541	0	
10	0	0	0	0	488	539	0	
11	0	0	0	0	492	532	0	
12	0	0	0	0	496	526	0	
13	0	0	0	0	503	531	0	
14	0	0	0	0	507	536	0	
15	0	0	0	0	507	536	0	
0	0	0	0	0	511	540	0	
1	0	0	0	0	512	543	1	
2	0	0	0	0	517	545	1	
3	0	0	0	0	515	538	0	
4	0	0	0	0	515	531	0	
5	0	0	0	0	508	528	0	
6	0	0	0	0	504	524	0	
7	0	0	0	0	506	521	0	
8	0	0	0	0	512	522	0	
9	0	0	0	0	521	528	0	
10	0	0	0	0	530	529	0	
11	0	0	0	0	537	525	0	
12	0	0	0	0	540	522	0	
13	0	0	0	0	540	523	0	
14	0	0	0	0	539	526	0	
15	0	0	0	0	536	530	0	
0	0	0	0	0	535	533	0	
1	0	0	0	0	529	534	0	
2	0	0	0	0	522	529	0	
3	0	0	0	0	514	521	0	
4	0	0	0	0	507	514	0	
5	0	0	0	0	499	508	0	
6	0	0	0	0	496	503	0	
7	0	0	0	0	497	499	0	
8	0	0	0	0	499	497	0	
9	0	0	0	0	505	494	0	
10	0	0	0	0	511	491	0	
11	0	0	0	0	517	492	0	
12	0	0	0	0	524	499	0	
13	0	0	0	0	527	513	0	
14	0	0	0	0	525	532	0	
15	0	0	0	0	524	544	0	
0	0	0	0	0	531	553	1	
1	0	0	0	0	535	564	1	
2	0	0	0	0	527	571	1	
3	0	0	0	0	516	569	1	
4	0	0	0	0	503	563	1	
5	0	0	0	0	492	558	1	
6	0	0	0	0	483	554	1	
7	0	0	0	0	483	553	1	
8	0	0	0	0	484	551	1	
9	0	0	0	0	491	554	1	
10	0	0	0	0	499	547	1	
11	0	0	0	0	510	539	0	
12	0	0	0	0	523	533	0	
13	0	0	0	0	529	527	0	
14	0	0	0	0	528	523	0	
15	0	0	0	0	528	523	0	
0	0	0	0	0	528	516	0	
1	0	0	0	0	528	506	0	
2	0	0	0	0	527	494	0	
3	0	0	0	0	525	483	0	
4	0	0	0	0	523	478	0	
5	0	0	0	0	519	480	0	
6	0	0	0	0	517	485	0	
7	0	0	0	0	513	490	0	
8	0	0	0	0	504	495	0	
9	0	0	0	0	497	500	0	
10	0	0	0	0	492	503	0	
11	0	0	0	0	488	508	0	
12	0	0	0	0	488	512	0	
13	0	0	0	0	487	516	0	
14	0	0	0	0	489	520	0	
15	0	0	0	0	487	524	0	
0	0	0	0	0	483	529	0	
1	0	0	0	0	475	535	0	
2	0	0	0	0	466	537	0	
3	0	0	0	0	460	545	0	
4	0	0	0	0	459	555	1	
5	0	0	0	0	463	559	1	
6	0	0	0	0	467	563	1	
7	0	0	0	0	467	562	1	
8	0	0	0	0	470	563	1	
9	0	0	0	0	471	558	0	
10	0	0	0	0	476	559	1	
11	0	0	0	0	481	564	1	
12	0	0	0	0	485	568	1	
13	0	0	0	0	491	577	1	
14	0	0	0	0	493	577	1	
15	0	0	0	0	491	574	1	
0	0	0	0	0	485	574	1	
1	0	0	0	0	479	573	1	
2	0	0	0	0	478	571	1	
3	0	0	0	0	480	565	0	
4	0	0	0	0	482	559	1	
5	0	0	0	0	483	554	1	
6	0	0	0	0	484	542	0	
7	0	0	0	0	487	532	0	
8	0	0	0	0	485	526	0	
9	0	0	0	0	479	521	0	
10	0	0	0	0	474	517	0	
11	0	0	0	0	472	513	0	
12	0	0	0	0	476	518	0	
13	0	0	0	0	479	531	0	
14	0	0	0	0	486	544	0	
15	0	0	0	0	495	552	1	
0	0	0	0	0	504	552	1	
1	0	0	0	0	513	551	1	
2	0	0	0	0	519	554	1	
3	0	0	0	0	527	556	1	
4	0	0	0	0	531	559	1	
5	0	0	0	0	537	562	0	
6	0	0	0	0	536	562	1	
7	0	0	0	0	529	562	0	
8	0	0	0	0	520	560	1	
9	0	0	0	0	515	564	1	
10	0	0	0	0	510	569	1	
11	0	0	0	0	503	575	1	
12	0	0	0	0	496	574	1	
13	0	0	0	0	487	567	1	
14	0	0	0	0	479	564	1	
15	0	0	0	0	470	559	1	
0	0	0	0	0	465	552	1	
1	0	0	0	0	464	545	1	
2	0	0	0	0	467	543	0	
3	0	0	0	0	470	547	0	
4	0	0	0	0	473	553	0	
5	0	0	0	0	476	560	1	
6	0	0	0	0	483	557	0	
7	0	0	0	0	492	547	0	
8	0	0	0	0	504	542	0	
9	0	0	0	0	507	534	0	
10	0	0	0	0	499	533	0	
11	0	0	0	0	491	536	0	
12	0	0	0	0	487	542	0	
13	0	0	0	0	489	550	1	
14	0	0	0	0	488	557	1	
15	0	0	0	0	487	559	1	
0	0	0	0	0	488	561	1	
1	0	0	0	0	492	564	1	
2	0	0	0	0	496	569	1	
3	0	0	0	0	502	572	1	
4	0	0	0	0	512	576	1	
5	0	0	0	0	519	577	1	
6	0	0	0	0	527	579	1	
7	0	0	0	0	534	580	1	
8	0	0	0	0	539	579	1	
9	0	0	0	0	542	578	1	
10	0	0	0	0	543	576	1	
11	0	0	0	0	545	575	0	
12	0	0	0	0	543	574	1	
13	0	0	0	0	543	573	1	
14	0	0	0	0	539	572	1	
15	0	0	0	0	529	570	1	
0	0	0	0	0	526	569	1	
1	0	0	0	0	521	576	1	
2	0	0	0	0	518	585	1	
3	0	0	0	0	517	595	1	
4	0	0	0	0	515	595	1	
5	0	0	0	0	517	586	1	
6	0	0	0	0	515	563	1	
7	0	0	0	0	510	539	0	
8	0	0	0	0	504	519	0	
9	0	0	0	0	495	502	0	
10	0	0	0	0	483	494	0	
11	0	0	0	0	473	493	0	
12	0	0	0	0	469	496	0	
13	0	0	0	0	471	508	0	
14	0	0	0	0	475	521	0	
15	0	0	0	0	479	534	0	
0	0	0	0	0	475	546	0	
1	0	0	0	0	467	553	1	
2	0	0	0	0	464	556	1	
3	0	0	0	0	464	548	1	
4	0	0	0	0	464	539	0	
5	0	0	0	0	465	529	0	
6	0	0	0	0	464	521	0	
7	0	0	0	0	463	518	0	
8	0	0	0	0	464	516	0	
9	0	0	0	0	468	519	0	
10	0	0	0	0	474	527	0	
11	0	0	0	0	481	529	0	
12	0	0	0	0	488	531	0	
13	0	0	0	0	495	530	0	
14	0	0	0	0	498	529	0	
15	0	0	0	0	499	528	0	
0	0	0	0	0	499	531	0	
1	0	0	0	0	500	536	1	
2	0	0	0	0	499	543	0	
3	0	0	0	0	500	543	0	
4	0	0	0	0	504	538	0	
5	0	0	0	0	508	529	0	
6	0	0	0	0	516	519	0	
7	0	0	0	0	522	509	0	
8	0	0	0	0	523	505	0	
9	0	0	0	0	519	503	0	
10	0	0	0	0	517	507	0	
11	0	0	0	0	519	516	0	
12	0	0	0	0	519	523	0	
13	0	0	0	0	514	528	0	
14	0	0	0	0	511	531	0	
15	0	0	0	0	511	532	0	
0	0	0	0	0	511	534	1	
1	0	0	0	0	510	536	0	
2	0	0	0	0	509	543	0	
3	0	0	0	0	506	546	0	
4	0	0	0	0	504	553	1	
5	0	0	0	0	499	561	1	
6	0	0	0	0	494	570	0	
7	0	0	0	0	492	568	1	
8	0	0	0	0	492	554	1	
9	0	0	0	0	490	542	0	
10	0	0	0	0	483	534	0	
11	0	0	0	0	478	533	0	
12	0	0	0	0	478	533	0	
13	0	0	0	0	479	530	0	
14	0	0	0	0	485	530	0	
15	0	0	0	0	493	527	0	
0	0	0	0	0	496	526	0	
1	0	0	0	0	496	536	0	
2	0	0	0	0	498	548	1	
3	0	0	0	0	499	557	1	
4	0	0	0	0	505	569	1	
5	0	0	0	0	507	566	0	
6	0	0	0	0	512	555	0	
7	0	0	0	0	512	542	0	
8	0	0	0	0	514	533	0	
9	0	0	0	0	519	533	0	
10	0	0	0	0	520	539	0	
11	0	0	0	0	515	550	1	
12	0	0	0	0	508	561	1	
13	0	0	0	0	503	565	1	
14	0	0	0	0	502	563	0	
15	0	0	0	0	504	564	1	
0	0	0	0	0	508	564	1	
1	0	0	0	0	514	563	1	
2	0	0	0	0	523	561	1	
3	0	0	0	0	525	551	1	
4	0	0	0	0	527	541	0	
5	0	0	0	0	529	531	0	
6	0	0	0	0	527	527	0	
7	0	0	0	0	521	524	1	
8	0	0	0	0	510	523	0	
9	0	0	0	0	496	523	0	
10	0	0	0	0	488	521	0	
11	0	0	0	0	483	519	0	
12	0	0	0	0	480	518	0	
13	0	0	0	0	475	513	0	
14	0	0	0	0	472	511	0	
15	0	0	0	0	474	511	0	
0	0	0	0	0	479	510	0	
1	0	0	0	0	482	507	0	
2	0	0	0	0	485	510	0	
3	0	0	0	0	487	519	0	
4	0	0	0	0	491	522	0	
5	0	0	0	0	495	520	0	
6	0	0	0	0	495	519	0	
7	0	0	0	0	494	524	0	
8	0	0	0	0	488	534	0	
9	0	0	0	0	486	535	0	
10	0	0	0	0	484	527	0	
11	0	0	0	0	484	524	0	
12	0	0	0	0	492	515	0	
13	0	0	0	0	500	505	0	
14	0	0	0	0	505	499	0	
15	0	0	0	0	508	497	0	
0	0	0	0	0	515	500	0	
1	0	0	0	0	527	504	0	
2	0	0	0	0	543	512	0	
3	0	0	0	0	552	524	0	
4	0	0	0	0	558	536	0	
5	0	0	0	0	559	540	0	
6	0	0	0	0	561	541	0	
7	0	0	0	0	562	536	0	
8	0	0	0	0	561	527	0	
9	0	0	0	0	563	516	0	
10	0	0	0	0	563	509	0	
11	0	0	0	0	563	509	0	
12	0	0	0	0	557	512	0	
13	0	0	0	0	551	514	0	
14	0	0	0	0	545	513	0	
15	0	0	0	0	540	508	0	
0	0	0	0	0	529	508	0	
1	0	0	0	0	521	505	0	
2	0	0	0	0	513	508	0	
3	0	0	0	0	504	512	0	
4	0	0	0	0	499	517	0	
5	0	0	0	0	497	519	0	
6	0	0	0	0	497	525	0	
7	0	0	0	0	497	533	0	
8	0	0	0	0	499	536	0	
9	0	0	0	0	500	536	0	
10	0	0	0	0	505	537	0	
11	0	0	0	0	512	538	0	
12	0	0	0	0	514	543	1	
13	0	0	0	0	511	549	1	
14	0	0	0	0	511	550	0	
15	0	0	0	0	511	551	1	
0	0	0	0	0	512	541	1	
1	0	0	0	0	512	531	0	
2	0	0	0	0	513	526	0	
3	0	0	0	0	515	524	0	
4	0	0	0	0	515	524	0	
5	0	0	0	0	514	530	0	
6	0	0	0	0	511	532	0	
7	0	0	0	0	508	530	0	
8	0	0	0	0	505	529	0	
9	0	0	0	0	504	533	0	
10	0	0	0	0	505	542	0	
11	0	0	0	0	509	550	1	
12	0	0	0	0	518	553	1	
13	0	0	0	0	527	546	1	
14	0	0	0	0	537	546	0	
15	0	0	0	0	538	546	0	
0	0	0	0	0	534	548	0	
1	0	0	0	0	528	551	1	
2	0	0	0	0	519	553	1	
3	0	0	0	0	515	555	1	
4	0	0	0	0	511	551	0	
5	0	0	0	0	509	547	1	
6	0	0	0	0	511	549	0	
7	0	0	0	0	516	551	1	
8	0	0	0	0	526	553	0	
9	0	0	0	0	529	554	0	
10	0	0	0	0	529	555	0	
11	0	0	0	0	525	552	0	
12	0	0	0	0	520	545	1	
13	0	0	0	0	518	536	1	
14	0	0	0	0	516	522	0	
15	0	0	0	0	510	515	0	
0	0	0	0	0	504	510	0	
1	0	0	0	0	500	504	0	
2	0	0	0	0	499	503	0	
3	0	0	0	0	497	504	0	
4	0	0	0	0	497	500	0	
5	0	0	0	0	499	491	0	
6	0	0	0	0	502	481	0	
7	0	0	0	0	504	478	0	
8	0	0	0	0	508	482	0	
9	0	0	0	0	512	485	0	
10	0	0	0	0	513	487	0	
11	0	0	0	0	515	492	0	
12	0	0	0	0	517	495	0	
13	0	0	0	0	517	498	0	
14	0	0	0	0	516	501	0	
15	0	0	0	0	511	507	0	
0	0	0	0	0	499	511	0	
1	0	0	0	0	492	514	0	
2	0	0	0	0	488	510	0	
3	0	0	0	0	490	504	0	
4	0	0	0	0	492	505	0	
5	0	0	0	0	495	508	0	
6	0	0	0	0	499	508	0	
7	0	0	0	0	505	507	0	
8	0	0	0	0	510	500	0	
9	0	0	0	0	514	489	0	
10	0	0	0	0	516	478	0	
11	0	0	0	0	515	478	0	
12	0	0	0	0	513	484	0	
13	0	0	0	0	512	488	0	
14	0	0	0	0	513	485	0	
15	0	0	0	0	516	483	0	
0	0	0	0	0	518	480	0	
1	0	0	0	0	519	483	0	
2	0	0	0	0	515	484	0	
3	0	0	0	0	508	479	0	
4	0	0	0	0	506	475	0	
5	0	0	0	0	503	476	0	
6	0	0	0	0	502	483	0	
7	0	0	0	0	506	493	0	
8	0	0	0	0	508	503	0	
9	0	0	0	0	512	513	0	
10	0	0	0	0	514	516	0	
11	0	0	0	0	518	518	0	
12	0	0	0	0	519	517	0	
13	0	0	0	0	512	512	0	
14	0	0	0	0	506	509	0	
15	0	0	0	0	500	510	1	
0	0	0	0	0	490	507	0	
1	0	0	0	0	487	505	0	
2	0	0	0	0	483	505	0	
3	0	0	0	0	480	501	0	
4	0	0	0	0	481	503	0	
5	0	0	0	0	484	502	0	
6	0	0	0	0	487	500	0	
7	0	0	0	0	493	498	0	
8	0	0	0	0	494	503	0	
9	0	0	0	0	495	512	0	
10	0	0	0	0	500	519	0	
11	0	0	0	0	511	520	0	
12	0	0	0	0	516	524	0	
13	0	0	0	0	515	525	0	
14	0	0	0	0	512	525	0	
15	0	0	0	0	513	524	0	
0	0	0	0	0	514	523	0	
1	0	0	0	0	519	520	0	
2	0	0	0	0	525	518	0	
3	0	0	0	0	537	513	0	
4	0	0	0	0	553	512	0	
5	0	0	0	0	564	512	0	
6	0	0	0	0	567	511	0	
7	0	0	0	0	565	514	0	
8	0	0	0	0	560	519	0	
9	0	0	0	0	555	523	0	
10	0	0	0	0	545	534	0	
11	0	0	0	0	539	537	0	
12	0	0	0	0	535	531	0	
13	0	0	0	0	536	531	0	
14	0	0	0	0	533	536	0	
15	0	0	0	0	531	541	0	
0	0	0	0	0	527	542	0	
1	0	0	0	0	519	529	0	
2	0	0	0	0	514	516	0	
3	0	0	0	0	507	507	0	
4	0	0	0	0	499	499	0	
5	0	0	0	0	495	496	0	
6	0	0	0	0	496	496	0	
7	0	0	0	0	498	505	0	
8	0	0	0	0	496	513	0	
9	0	0	0	0	498	514	0	
10	0	0	0	0	500	510	0	
11	0	0	0	0	499	507	1	
12	0	0	0	0	500	504	0	
13	0	0	0	0	503	504	0	
14	0	0	0	0	501	505	0	
15	0	0	0	0	496	503	0	
0	0	0	0	0	489	499	0	
1	0	0	0	0	484	499	0	
2	0	0	0	0	478	500	0	
3	0	0	0	0	475	503	0	
4	0	0	0	0	477	506	0	
5	0	0	0	0	474	508	0	
6	0	0	0	0	471	514	0	
7	0	0	0	0	471	517	0	
8	0	0	0	0	479	519	0	
9	0	0	0	0	492	524	0	
10	0	0	0	0	505	527	0	
11	0	0	0	0	514	526	0	
12	0	0	0	0	524	520	0	
13	0	0	0	0	528	515	0	
14	0	0	0	0	525	509	0	
15	0	0	0	0	526	499	0	
0	0	0	0	0	525	488	0	
1	0	0	0	0	520	485	0	
2	0	0	0	0	512	484	0	
3	0	0	0	0	505	491	0	
4	0	0	0	0	503	494	0	
5	0	0	0	0	508	497	0	
6	0	0	0	0	516	501	0	
7	0	0	0	0	516	505	0	
8	0	0	0	0	508	504	0	
9	0	0	0	0	498	501	0	
10	0	0	0	0	491	501	0	
11	0	0	0	0	481	497	0	
12	0	0	0	0	473	496	0	
13	0	0	0	0	470	495	0	
14	0	0	0	0	468	493	0	
15	0	0	0	0	465	492	0	
0	0	0	0	0	463	493	0	
1	0	0	0	0	466	498	0	
2	0	0	0	0	466	504	0	
3	0	0	0	0	464	511	0	
4	0	0	0	0	463	510	0	
5	0	0	0	0	466	508	0	
6	0	0	0	0	473	509	0	
7	0	0	0	0	480	515	0	
8	0	0	0	0	480	521	0	
9	0	0	0	0	473	513	0	
10	0	0	0	0	472	506	0	
11	0	0	0	0	472	500	0	
12	0	0	0	0	472	496	0	
13	0	0	0	0	472	488	0	
14	0	0	0	0	473	483	0	
15	0	0	0	0	477	484	0	
0	0	0	0	0	480	491	0	
1	0	0	0	0	481	488	0	
2	0	0	0	0	483	483	0	
3	0	0	0	0	480	478	0	
4	0	0	0	0	476	479	0	
5	0	0	0	0	472	482	0	
6	0	0	0	0	465	488	0	
7	0	0	0	0	460	492	0	
8	0	0	0	0	463	499	0	
9	0	0	0	0	472	510	0	
10	0	0	0	0	480	516	0	
11	0	0	0	0	485	519	0	
12	0	0	0	0	491	515	0	
13	0	0	0	0	493	508	0	
14	0	0	0	0	492	501	0	
15	0	0	0	0	490	498	0	
0	0	0	0	0	487	499	0	
1	0	0	0	0	489	509	0	
2	0	0	0	0	492	515	0	
3	0	0	0	0	496	519	0	
4	0	0	0	0	503	521	0	
5	0	0	0	0	508	523	0	
6	0	0	0	0	507	526	0	
7	0	0	0	0	504	529	0	
8	0	0	0	0	503	532	0	
9	0	0	0	0	505	536	0	
10	0	0	0	0	508	540	0	
11	0	0	0	0	508	541	0	
12	0	0	0	0	508	544	1	
13	0	0	0	0	504	545	1	
14	0	0	0	0	500	543	0	
15	0	0	0	0	497	533	0	
0	0	0	0	0	497	522	0	
1	0	0	0	0	502	517	0	
2	0	0	0	0	504	518	0	
3	0	0	0	0	505	519	0	
4	0	0	0	0	502	519	0	
5	0	0	0	0	497	521	0	
6	0	0	0	0	492	526	0	
7	0	0	0	0	486	534	0	
8	0	0	0	0	482	544	1	
9	0	0	0	0	484	554	1	
10	0	0	0	0	490	553	0	
11	0	0	0	0	496	550	1	
12	0	0	0	0	503	546	1	
13	0	0	0	0	511	546	1	
14	0	0	0	0	513	547	0	
15	0	0	0	0	510	544	0	
0	0	0	0	0	507	543	1	
1	0	0	0	0	507	543	1	
2	0	0	0	0	511	540	1	
3	0	0	0	0	512	529	0	
4	0	0	0	0	507	516	0	
5	0	0	0	0	503	508	0	
6	0	0	0	0	499	496	0	
7	0	0	0	0	500	489	0	
8	0	0	0	0	503	487	0	
9	0	0	0	0	506	493	0	
10	0	0	0	0	510	498	0	
11	0	0	0	0	506	493	0	
12	0	0	0	0	504	488	0	
13	0	0	0	0	498	479	0	
14	0	0	0	0	491	468	0	
15	0	0	0	0	484	464	0	
0	0	0	0	0	480	462	0	
1	0	0	0	0	474	458	0	
2	0	0	0	0	468	455	0	
3	0	0	0	0	462	458	0	
4	0	0	0	0	461	465	0	
5	0	0	0	0	460	463	0	
6	0	0	0	0	461	455	0	
7	0	0	0	0	463	451	0	
8	0	0	0	0	469	450	0	
9	0	0	0	0	472	447	0	
10	0	0	0	0	477	443	0	
11	0	0	0	0	481	440	0	
12	0	0	0	0	481	436	0	
13	0	0	0	0	480	436	0	
14	0	0	0	0	479	441	0	
15	0	0	0	0	483	449	0	
0	0	0	0	0	484	454	0	
1	0	0	0	0	483	455	0	
2	0	0	0	0	480	454	0	
3	0	0	0	0	477	455	0	
4	0	0	0	0	480	459	0	
5	0	0	0	0	489	466	0	
6	0	0	0	0	497	470	0	
7	0	0	0	0	502	475	0	
8	0	0	0	0	506	481	0	
9	0	0	0	0	511	485	0	
10	0	0	0	0	512	476	0	
11	0	0	0	0	511	464	0	
12	0	0	0	0	500	455	0	
13	0	0	0	0	485	457	0	
14	0	0	0	0	470	464	1	
15	0	0	0	0	459	475	0	
0	0	0	0	0	454	491	0	
1	0	0	0	0	454	498	0	
2	0	0	0	0	462	503	0	
3	0	0	0	0	470	507	0	
4	0	0	0	0	481	511	0	
5	0	0	0	0	493	515	0	
6	0	0	0	0	503	510	0	
7	0	0	0	0	507	497	0	
8	0	0	0	0	507	489	0	
9	0	0	0	0	506	489	0	
10	0	0	0	0	501	492	0	
11	0	0	0	0	492	494	0	
12	0	0	0	0	485	500	0	
13	0	0	0	0	478	501	1	
14	0	0	0	0	470	500	0	
15	0	0	0	0	463	502	0	
0	0	0	0	0	461	504	0	
1	0	0	0	0	461	504	0	
2	0	0	0	0	459	503	0	
3	0	0	0	0	459	505	0	
4	0	0	0	0	460	506	0	
5	0	0	0	0	462	508	0	
6	0	0	0	0	462	506	0	
7	0	0	0	0	461	504	0	
8	0	0	0	0	463	503	0	
9	0	0	0	0	468	502	0	
10	0	0	0	0	478	503	0	
11	0	0	0	0	489	505	0	
12	0	0	0	0	499	510	0	
13	0	0	0	0	504	516	0	
14	0	0	0	0	509	521	0	
15	0	0	0	0	508	522	0	
0	0	0	0	0	506	529	0	
1	0	0	0	0	504	534	0	
2	0	0	0	0	504	538	0	
3	0	0	0	0	499	536	0	
4	0	0	0	0	495	531	0	
5	0	0	0	0	491	527	0	
6	0	0	0	0	491	526	0	
7	0	0	0	0	491	527	0	
8	0	0	0	0	490	531	0	
9	0	0	0	0	491	535	0	
10	0	0	0	0	492	530	0	
11	0	0	0	0	498	530	0	
12	0	0	0	0	504	536	0	
13	0	0	0	0	502	543	0	
14	0	0	0	0	499	552	1	
15	0	0	0	0	508	564	1	
0	0	0	0	0	517	567	0	
1	0	0	0	0	527	568	1	
2	0	0	0	0	540	558	0	
3	0	0	0	0	548	543	0	
4	0	0	0	0	552	523	0	
5	0	0	0	0	551	500	0	
6	0	0	0	0	547	479	0	
7	0	0	0	0	542	461	0	
8	0	0	0	0	536	446	0	
9	0	0	0	0	532	442	0	
10	0	0	0	0	528	446	0	
11	0	0	0	0	527	452	0	
12	0	0	0	0	529	458	0	
13	0	0	0	0	527	462	0	
14	0	0	0	0	527	467	0	
15	0	0	0	0	527	472	0	
0	0	0	0	0	529	477	0	
1	0	0	0	0	532	483	0	
2	0	0	0	0	539	488	0	
3	0	0	0	0	542	494	0	
4	0	0	0	0	539	503	0	
5	0	0	0	0	535	508	0	
6	0	0	0	0	526	508	0	
7	0	0	0	0	512	503	0	
8	0	0	0	0	502	496	0	
9	0	0	0	0	492	492	0	
10	0	0	0	0	487	498	0	
11	0	0	0	0	487	503	0	
12	0	0	0	0	488	500	0	
13	0	0	0	0	491	497	0	
14	0	0	0	0	490	497	0	
15	0	0	0	0	489	496	0	
0	0	0	0	0	485	495	0	
1	0	0	0	0	480	497	0	
2	0	0	0	0	479	499	0	
3	0	0	0	0	479	503	0	
4	0	0	0	0	480	506	0	
5	0	0	0	0	480	509	0	
6	0	0	0	0	482	510	0	
7	0	0	0	0	483	512	0	
8	0	0	0	0	485	512	0	
9	0	0	0	0	484	510	0	
10	0	0	0	0	485	504	0	
11	0	0	0	0	484	504	0	
12	0	0	0	0	481	506	0	
13	0	0	0	0	481	508	0	
14	0	0	0	0	480	509	0	
15	0	0	0	0	480	510	0	
0	0	0	0	0	480	506	0	
1	0	0	0	0	486	505	0	
2	0	0	0	0	491	506	0	
3	0	0	0	0	496	512	0	
4	0	0	0	0	494	520	0	
5	0	0	0	0	487	525	0	
6	0	0	0	0	484	521	0	
7	0	0	0	0	484	511	0	
8	0	0	0	0	492	504	0	
9	0	0	0	0	504	496	0	
10	0	0	0	0	515	487	0	
11	0	0	0	0	523	487	0	
12	0	0	0	0	523	486	0	
13	0	0	0	0	526	483	0	
14	0	0	0	0	530	483	0	
15	0	0	0	0	534	480	0	
0	0	0	0	0	534	477	0	
1	0	0	0	0	532	477	0	
2	0	0	0	0	528	480	0	
3	0	0	0	0	521	481	0	
4	0	0	0	0	512	484	0	
5	0	0	0	0	508	482	0	
6	0	0	0	0	508	478	0	
7	0	0	0	0	508	476	0	
8	0	0	0	0	505	472	0	
9	0	0	0	0	500	468	0	
10	0	0	0	0	504	465	0	
11	0	0	0	0	509	460	0	
12	0	0	0	0	513	460	0	
13	0	0	0	0	515	463	0	
14	0	0	0	0	519	469	0	
15	0	0	0	0	522	477	0	
0	0	0	0	0	524	483	0	
1	0	0	0	0	522	489	0	
2	0	0	0	0	522	489	0	
3	0	0	0	0	524	487	0	
4	0	0	0	0	524	488	0	
5	0	0	0	0	522	486	0	
6	0	0	0	0	520	484	0	
7	0	0	0	0	515	484	0	
8	0	0	0	0	511	484	0	
9	0	0	0	0	509	487	0	
10	0	0	0	0	513	491	0	
11	0	0	0	0	513	489	0	
12	0	0	0	0	511	486	0	
13	0	0	0	0	508	475	0	
14	0	0	0	0	505	468	0	
15	0	0	0	0	506	466	0	
0	0	0	0	0	507	470	0	
1	0	0	0	0	508	478	0	
2	0	0	0	0	510	493	0	
3	0	0	0	0	509	500	0	
4	0	0	0	0	511	504	0	
5	0	0	0	0	511	513	0	
6	0	0	0	0	511	522	0	
7	0	0	0	0	513	523	0	
8	0	0	0	0	509	515	0	
9	0	0	0	0	508	512	0	
10	0	0	0	0	506	502	0	
11	0	0	0	0	508	496	0	
12	0	0	0	0	519	493	0	
13	0	0	0	0	528	491	0	
14	0	0	0	0	538	492	0	
15	0	0	0	0	545	496	0	
0	0	0	0	0	546	492	0	
1	0	0	0	0	553	488	0	
2	0	0	0	0	560	485	0	
3	0	0	0	0	566	481	0	
4	0	0	0	0	569	479	0	
5	0	0	0	0	564	478	0	
6	0	0	0	0	556	475	0	
7	0	0	0	0	546	472	0	
8	0	0	0	0	540	474	0	
9	0	0	0	0	538	477	0	
10	0	0	0	0	535	479	0	
11	0	0	0	0	535	485	0	
12	0	0	0	0	541	487	0	
13	0	0	0	0	547	489	0	
14	0	0	0	0	553	492	0	
15	0	0	0	0	556	493	0	
0	0	0	0	0	559	494	0	
1	0	0	0	0	563	495	0	
2	0	0	0	0	566	499	0	
3	0	0	0	0	566	506	0	
4	0	0	0	0	567	514	0	
5	0	0	0	0	569	513	0	
6	0	0	0	0	569	511	0	
7	0	0	0	0	566	511	0	
8	0	0	0	0	560	509	0	
9	0	0	0	0	553	506	0	
10	0	0	0	0	549	505	0	
11	0	0	0	0	543	505	0	
12	0	0	0	0	541	504	0	
13	0	0	0	0	535	502	0	
14	0	0	0	0	523	501	0	
15	0	0	0	0	516	500	0	
0	0	0	0	0	504	495	0	
1	0	0	0	0	497	488	0	
2	0	0	0	0	495	483	0	
3	0	0	0	0	494	481	0	
4	0	0	0	0	496	481	0	
5	0	0	0	0	498	487	0	
6	0	0	0	0	507	502	0	
7	0	0	0	0	516	513	0	
8	0	0	0	0	522	522	0	
9	0	0	0	0	531	531	0	
10	0	0	0	0	533	544	0	
11	0	0	0	0	531	559	1	
12	0	0	0	0	523	568	1	
13	0	0	0	0	511	562	1	
14	0	0	0	0	504	550	1	
15	0	0	0	0	494	533	0	
0	0	0	0	0	484	518	0	
1	0	0	0	0	478	508	0	
2	0	0	0	0	475	496	0	
3	0	0	0	0	476	484	0	
4	0	0	0	0	476	475	0	
5	0	0	0	0	479	471	0	
6	0	0	0	0	483	470	0	
7	0	0	0	0	489	468	0	
8	0	0	0	0	495	472	0	
9	0	0	0	0	501	477	0	
10	0	0	0	0	506	480	0	
11	0	0	0	0	506	480	0	
12	0	0	0	0	505	480	0	
13	0	0	0	0	501	480	0	
14	0	0	0	0	494	483	0	
15	0	0	0	0	490	484	0	
0	0	0	0	0	482	484	0	
1	0	0	0	0	468	488	0	
2	0	0	0	0	451	491	0	
3	0	0	0	0	440	495	0	
4	0	0	0	0	433	494	0	
5	0	0	0	0	435	497	1	
6	0	0	0	0	439	504	0	
7	0	0	0	0	445	515	0	
8	0	0	0	0	448	521	0	
9	0	0	0	0	452	521	0	
10	0	0	0	0	456	523	0	
11	0	0	0	0	460	524	0	
12	0	0	0	0	463	526	0	
13	0	0	0	0	465	527	0	
14	0	0	0	0	467	527	0	
15	0	0	0	0	470	532	0	
0	0	0	0	0	471	533	0	
1	0	0	0	0	472	530	0	
2	0	0	0	0	470	531	0	
3	0	0	0	0	465	534	0	
4	0	0	0	0	459	541	0	
5	0	0	0	0	454	543	0	
6	0	0	0	0	450	551	0	
7	0	0	0	0	451	559	1	
8	0	0	0	0	458	555	1	
9	0	0	0	0	466	544	0	
10	0	0	0	0	472	535	0	
11	0	0	0	0	471	527	0	
12	0	0	0	0	469	530	1	
13	0	0	0	0	469	530	0	
14	0	0	0	0	476	526	0	
15	0	0	0	0	484	512	0	
0	0	0	0	0	489	505	0	
1	0	0	0	0	495	502	0	
2	0	0	0	0	499	495	0	
3	0	0	0	0	499	491	0	
4	0	0	0	0	498	490	0	
5	0	0	0	0	493	487	0	
6	0	0	0	0	487	484	0	
7	0	0	0	0	486	491	0	
8	0	0	0	0	483	499	0	
9	0	0	0	0	484	508	0	
10	0	0	0	0	482	515	0	
11	0	0	0	0	478	525	0	
12	0	0	0	0	475	534	0	
13	0	0	0	0	468	537	0	
14	0	0	0	0	459	540	0	
15	0	0	0	0	455	540	0	
0	0	0	0	0	452	540	0	
1	0	0	0	0	452	541	0	
2	0	0	0	0	457	543	0	
3	0	0	0	0	467	543	0	
4	0	0	0	0	475	538	0	
5	0	0	0	0	480	530	0	
6	0	0	0	0	478	524	0	
7	0	0	0	0	478	519	0	
8	0	0	0	0	477	512	0	
9	0	0	0	0	478	508	0	
10	0	0	0	0	478	510	0	
11	0	0	0	0	479	513	0	
12	0	0	0	0	485	517	0	
13	0	0	0	0	493	524	0	
14	0	0	0	0	495	530	0	
15	0	0	0	0	493	526	0	
0	0	0	0	0	487	516	0	
1	0	0	0	0	483	506	0	
2	0	0	0	0	481	500	0	
3	0	0	0	0	482	496	0	
4	0	0	0	0	482	492	0	
5	0	0	0	0	484	486	0	
6	0	0	0	0	487	481	0	
7	0	0	0	0	486	477	0	
8	0	0	0	0	480	473	0	
9	0	0	0	0	475	468	0	
10	0	0	0	0	472	467	0	
11	0	0	0	0	467	472	0	
12	0	0	0	0	465	480	0	
13	0	0	0	0	460	492	0	
14	0	0	0	0	458	506	0	
15	0	0	0	0	454	516	0	
0	0	0	0	0	451	519	0	
1	0	0	0	0	455	516	0	
2	0	0	0	0	462	511	0	
3	0	0	0	0	473	505	0	
4	0	0	0	0	478	495	0	
5	0	0	0	0	480	490	0	
6	0	0	0	0	480	488	0	
7	0	0	0	0	480	488	0	
8	0	0	0	0	479	486	0	
9	0	0	0	0	478	483	0	
10	0	0	0	0	475	484	0	
11	0	0	0	0	473	491	0	
12	0	0	0	0	471	499	0	
13	0	0	0	0	472	508	0	
14	0	0	0	0	475	515	0	
15	0	0	0	0	476	528	0	
0	0	0	0	0	480	544	0	
1	0	0	0	0	482	558	1	
2	0	0	0	0	486	563	1	
3	0	0	0	0	488	561	1	
4	0	0	0	0	490	559	1	
5	0	0	0	0	492	555	1	
6	0	0	0	0	495	551	0	
7	0	0	0	0	499	554	1	
8	0	0	0	0	503	555	1	
9	0	0	0	0	507	553	1	
10	0	0	0	0	512	549	0	
11	0	0	0	0	511	537	1	
12	0	0	0	0	508	530	0	
13	0	0	0	0	499	521	0	
14	0	0	0	0	496	517	0	
15	0	0	0	0	494	516	0	
0	0	0	0	0	491	519	0	
1	0	0	0	0	492	517	0	
2	0	0	0	0	497	518	0	
3	0	0	0	0	503	525	0	
4	0	0	0	0	506	529	0	
5	0	0	0	0	508	536	0	
6	0	0	0	0	505	543	0	
7	0	0	0	0	501	545	0	
8	0	0	0	0	497	548	1	
9	0	0	0	0	489	549	1	
10	0	0	0	0	483	547	0	
11	0	0	0	0	475	548	1	
12	0	0	0	0	470	552	0	
13	0	0	0	0	466	559	1	
14	0	0	0	0	462	563	1	
15	0	0	0	0	448	560	1	
0	0	0	0	0	432	559	1	
1	0	0	0	0	424	550	0	
2	0	0	0	0	418	531	0	
3	0	0	0	0	413	515	0	
4	0	0	0	0	411	495	0	
5	0	0	0	0	411	483	0	
6	0	0	0	0	410	481	0	
7	0	0	0	0	412	485	0	
8	0	0	0	0	417	484	0	
9	0	0	0	0	428	481	0	
10	0	0	0	0	440	486	0	
11	0	0	0	0	447	493	0	
12	0	0	0	0	449	497	1	
13	0	0	0	0	449	504	0	
14	0	0	0	0	455	506	0	
15	0	0	0	0	461	507	0	
0	0	0	0	0	468	504	0	
1	0	0	0	0	473	504	0	
2	0	0	0	0	473	507	0	
3	0	0	0	0	472	509	0	
4	0	0	0	0	471	510	0	
5	0	0	0	0	470	512	0	
6	0	0	0	0	470	515	0	
7	0	0	0	0	472	515	0	
8	0	0	0	0	472	513	0	
9	0	0	0	0	472	513	0	
10	0	0	0	0	472	511	0	
11	0	0	0	0	472	509	0	
12	0	0	0	0	474	506	0	
13	0	0	0	0	478	502	0	
14	0	0	0	0	483	499	0	
15	0	0	0	0	487	499	0	
0	0	0	0	0	483	503	0	
1	0	0	0	0	472	508	0	
2	0	0	0	0	466	510	0	
3	0	0	0	0	459	502	0	
4	0	0	0	0	455	497	0	
5	0	0	0	0	455	491	0	
6	0	0	0	0	457	481	0	
7	0	0	0	0	460	472	0	
8	0	0	0	0	463	469	0	
9	0	0	0	0	462	468	0	
10	0	0	0	0	461	466	0	
11	0	0	0	0	463	466	0	
12	0	0	0	0	468	463	0	
13	0	0	0	0	472	462	0	
14	0	0	0	0	472	459	0	
15	0	0	0	0	472	452	0	
0	0	0	0	0	466	445	0	
1	0	0	0	0	461	441	0	
2	0	0	0	0	451	443	0	
3	0	0	0	0	446	447	0	
4	0	0	0	0	443	449	0	
5	0	0	0	0	440	452	0	
6	0	0	0	0	440	459	0	
7	0	0	0	0	445	469	0	
8	0	0	0	0	449	482	0	
9	0	0	0	0	449	496	0	
10	0	0	0	0	444	501	0	
11	0	0	0	0	439	499	0	
12	0	0	0	0	438	500	0	
13	0	0	0	0	441	502	0	
14	0	0	0	0	444	509	0	
15	0	0	0	0	444	512	0	
0	0	0	0	0	439	513	0	
1	0	0	0	0	439	514	0	
2	0	0	0	0	438	511	0	
3	0	0	0	0	442	515	0	
4	0	0	0	0	447	519	0	
5	0	0	0	0	452	523	0	
6	0	0	0	0	458	527	0	
7	0	0	0	0	465	521	0	
8	0	0	0	0	471	508	0	
9	0	0	0	0	476	490	0	
10	0	0	0	0	481	473	0	
11	0	0	0	0	484	467	0	
12	0	0	0	0	488	469	0	
13	0	0	0	0	492	476	0	
14	0	0	0	0	492	480	0	
15	0	0	0	0	491	480	0	
0	0	0	0	0	487	479	0	
1	0	0	0	0	480	477	0	
2	0	0	0	0	480	473	0	
3	0	0	0	0	478	469	0	
4	0	0	0	0	475	468	0	
5	0	0	0	0	472	466	0	
6	0	0	0	0	479	463	0	
7	0	0	0	0	487	461	0	
8	0	0	0	0	499	456	0	
9	0	0	0	0	504	452	0	
10	0	0	0	0	500	451	0	
11	0	0	0	0	497	449	0	
12	0	0	0	0	490	449	0	
13	0	0	0	0	483	451	0	
14	0	0	0	0	475	450	0	
15	0	0	0	0	471	449	0	
0	0	0	0	0	465	455	0	
1	0	0	0	0	459	473	0	
2	0	0	0	0	456	496	0	
3	0	0	0	0	452	515	0	
4	0	0	0	0	449	535	0	
5	0	0	0	0	448	552	1	
6	0	0	0	0	447	561	1	
7	0	0	0	0	443	557	1	
8	0	0	0	0	439	540	0	
9	0	0	0	0	437	522	0	
10	0	0	0	0	438	506	0	
11	0	0	0	0	442	496	0	
12	0	0	0	0	447	486	0	
13	0	0	0	0	453	480	0	
14	0	0	0	0	457	472	0	
15	0	0	0	0	459	463	0	
0	0	0	0	0	466	461	0	
1	0	0	0	0	467	463	0	
2	0	0	0	0	467	464	0	
3	0	0	0	0	464	467	0	
4	0	0	0	0	462	466	0	
5	0	0	0	0	461	469	0	
6	0	0	0	0	465	473	0	
7	0	0	0	0	468	483	0	
8	0	0	0	0	477	489	0	
9	0	0	0	0	483	491	0	
10	0	0	0	0	489	496	0	
11	0	0	0	0	497	505	0	
12	0	0	0	0	500	513	0	
13	0	0	0	0	508	516	0	
14	0	0	0	0	517	519	1	
15	0	0	0	0	526	519	0	
0	0	0	0	0	527	520	0	
1	0	0	0	0	524	519	0	
2	0	0	0	0	527	519	0	
3	0	0	0	0	523	518	0	
4	0	0	0	0	512	516	1	
5	0	0	0	0	504	513	0	
6	0	0	0	0	492	508	0	
7	0	0	0	0	483	507	0	
8	0	0	0	0	475	503	1	
9	0	0	0	0	467	500	0	
10	0	0	0	0	464	504	0	
11	0	0	0	0	459	505	0	
12	0	0	0	0	458	511	0	
13	0	0	0	0	460	526	0	
14	0	0	0	0	465	534	1	
15	0	0	0	0	471	528	0	
0	0	0	0	0	476	521	0	
1	0	0	0	0	483	515	0	
2	0	0	0	0	492	511	0	
3	0	0	0	0	504	512	0	
4	0	0	0	0	512	511	0	
5	0	0	0	0	513	508	0	
6	0	0	0	0	512	508	0	
7	0	0	0	0	508	514	0	
8	0	0	0	0	508	519	0	
9	0	0	0	0	511	522	1	
10	0	0	0	0	515	524	0	
11	0	0	0	0	520	534	0	
12	0	0	0	0	523	545	0	
13	0	0	0	0	529	556	1	
14	0	0	0	0	532	552	1	
15	0	0	0	0	532	547	0	
0	0	0	0	0	526	543	0	
1	0	0	0	0	522	538	0	
2	0	0	0	0	519	532	0	
3	0	0	0	0	515	524	0	
4	0	0	0	0	518	520	0	
5	0	0	0	0	524	517	0	
6	0	0	0	0	530	512	0	
7	0	0	0	0	534	512	0	
8	0	0	0	0	530	511	0	
9	0	0	0	0	522	509	0	
10	0	0	0	0	517	512	0	
11	0	0	0	0	515	514	0	
12	0	0	0	0	521	515	0	
13	0	0	0	0	528	512	0	
14	0	0	0	0	536	515	0	
15	0	0	0	0	545	515	0	
0	0	0	0	0	550	513	0	
1	0	0	0	0	547	514	0	
2	0	0	0	0	544	515	0	
3	0	0	0	0	545	518	0	
4	0	0	0	0	552	521	0	
5	0	0	0	0	552	525	0	
6	0	0	0	0	545	533	0	
7	0	0	0	0	533	542	0	
8	0	0	0	0	524	546	0	
9	0	0	0	0	523	545	1	
10	0	0	0	0	524	537	0	
11	0	0	0	0	528	527	0	
12	0	0	0	0	531	523	0	
13	0	0	0	0	537	526	0	
14	0	0	0	0	543	528	0	
15	0	0	0	0	547	529	0	
0	0	0	0	0	547	531	0	
1	0	0	0	0	543	531	0	
2	0	0	0	0	536	528	0	
3	0	0	0	0	527	526	0	
4	0	0	0	0	519	527	0	
5	0	0	0	0	514	526	0	
6	0	0	0	0	509	524	0	
7	0	0	0	0	508	524	0	
8	0	0	0	0	512	524	0	
9	0	0	0	0	513	526	0	
10	0	0	0	0	511	532	0	
11	0	0	0	0	511	540	0	
12	0	0	0	0	511	547	1	
13	0	0	0	0	515	545	1	
14	0	0	0	0	520	537	0	
15	0	0	0	0	522	534	0	
0	0	0	0	0	523	533	0	
1	0	0	0	0	524	536	0	
2	0	0	0	0	527	543	0	
3	0	0	0	0	530	547	0	
4	0	0	0	0	532	541	0	
5	0	0	0	0	536	534	0	
6	0	0	0	0	537	531	0	
7	0	0	0	0	537	534	0	
8	0	0	0	0	535	539	0	
9	0	0	0	0	536	542	1	
10	0	0	0	0	540	540	0	
11	0	0	0	0	541	539	0	
12	0	0	0	0	544	541	0	
13	0	0	0	0	546	540	1	
14	0	0	0	0	543	540	1	
15	0	0	0	0	541	540	0	
0	0	0	0	0	544	539	0	
1	0	0	0	0	546	537	0	
2	0	0	0	0	543	529	0	
3	0	0	0	0	540	524	0	
4	0	0	0	0	540	523	0	
5	0	0	0	0	539	519	1	
6	0	0	0	0	540	517	0	
7	0	0	0	0	538	514	1	
8	0	0	0	0	535	509	0	
9	0	0	0	0	531	502	0	
10	0	0	0	0	526	492	0	
11	0	0	0	0	519	486	0	
12	0	0	0	0	512	478	0	
13	0	0	0	0	509	473	0	
14	0	0	0	0	507	476	0	
15	0	0	0	0	503	486	0	
0	0	0	0	0	505	496	0	
1	0	0	0	0	510	502	0	
2	0	0	0	0	516	506	0	
3	0	0	0	0	522	509	0	
4	0	0	0	0	524	516	0	
5	0	0	0	0	523	529	0	
6	0	0	0	0	517	530	0	
7	0	0	0	0	509	528	0	
8	0	0	0	0	498	532	0	
9	0	0	0	0	489	538	1	
10	0	0	0	0	479	549	0	
11	0	0	0	0	472	560	0	
12	0	0	0	0	471	567	1	
13	0	0	0	0	475	567	1	
14	0	0	0	0	483	563	1	
15	0	0	0	0	492	561	1	
0	0	0	0	0	500	559	1	
1	0	0	0	0	512	560	1	
2	0	0	0	0	526	560	1	
3	0	0	0	0	536	557	1	
4	0	0	0	0	543	556	1	
5	0	0	0	0	545	551	1	
6	0	0	0	0	540	547	0	
7	0	0	0	0	532	547	0	
8	0	0	0	0	521	544	0	
9	0	0	0	0	513	545	1	
10	0	0	0	0	506	548	0	
11	0	0	0	0	494	554	1	
12	0	0	0	0	482	551	1	
13	0	0	0	0	475	547	1	
14	0	0	0	0	467	544	0	
15	0	0	0	0	460	543	0	
0	0	0	0	0	457	545	0	
1	0	0	0	0	460	550	1	
2	0	0	0	0	459	554	1	
3	0	0	0	0	462	559	1	
4	0	0	0	0	470	559	1	
5	0	0	0	0	483	548	0	
6	0	0	0	0	498	535	0	
7	0	0	0	0	510	525	0	
8	0	0	0	0	518	521	0	
9	0	0	0	0	520	524	0	
10	0	0	0	0	512	531	0	
11	0	0	0	0	507	535	0	
12	0	0	0	0	500	527	0	
13	0	0	0	0	494	521	0	
14	0	0	0	0	487	518	0	
15	0	0	0	0	482	516	0	
0	0	0	0	0	479	513	0	
1	0	0	0	0	476	509	0	
2	0	0	0	0	474	510	0	
3	0	0	0	0	473	516	0	
4	0	0	0	0	476	524	0	
5	0	0	0	0	481	529	0	
6	0	0	0	0	488	531	0	
7	0	0	0	0	494	532	0	
8	0	0	0	0	497	536	0	
9	0	0	0	0	496	542	1	
10	0	0	0	0	492	555	1	
11	0	0	0	0	487	564	1	
12	0	0	0	0	483	570	1	
13	0	0	0	0	480	579	1	
14	0	0	0	0	476	587	1	
15	0	0	0	0	479	589	1	
0	0	0	0	0	484	588	1	
1	0	0	0	0	491	587	1	
2	0	0	0	0	502	587	1	
3	0	0	0	0	516	585	1	
4	0	0	0	0	524	584	1	
5	0	0	0	0	526	584	1	
6	0	0	0	0	527	584	1	
7	0	0	0	0	533	580	1	
8	0	0	0	0	533	575	1	
9	0	0	0	0	534	567	1	
10	0	0	0	0	530	559	1	
11	0	0	0	0	525	558	0	
12	0	0	0	0	516	561	1	
13	0	0	0	0	505	560	1	
14	0	0	0	0	495	556	0	
15	0	0	0	0	487	543	0	
0	0	0	0	0	483	530	0	
1	0	0	0	0	480	522	0	
2	0	0	0	0	480	521	0	
3	0	0	0	0	482	519	0	
4	0	0	0	0	486	513	0	
5	0	0	0	0	488	507	0	
6	0	0	0	0	487	503	0	
7	0	0	0	0	482	503	0	
8	0	0	0	0	478	504	0	
9	0	0	0	0	473	509	0	
10	0	0	0	0	467	523	0	
11	0	0	0	0	462	545	1	
12	0	0	0	0	459	566	1	
13	0	0	0	0	459	575	1	
14	0	0	0	0	460	574	1	
15	0	0	0	0	464	568	1	
0	0	0	0	0	470	561	1	
1	0	0	0	0	476	553	1	
2	0	0	0	0	479	545	0	
3	0	0	0	0	484	538	0	
4	0	0	0	0	490	527	0	
5	0	0	0	0	501	524	0	
6	0	0	0	0	510	526	0	
7	0	0	0	0	513	521	0	
8	0	0	0	0	515	519	0	
9	0	0	0	0	515	517	0	
10	0	0	0	0	521	519	0	
11	0	0	0	0	531	524	0	
12	0	0	0	0	538	524	0	
13	0	0	0	0	548	521	0	
14	0	0	0	0	553	519	0	
15	0	0	0	0	559	525	0	
0	0	0	0	0	561	535	0	
1	0	0	0	0	556	551	1	
2	0	0	0	0	547	563	1	
3	0	0	0	0	537	563	0	
4	0	0	0	0	530	555	0	
5	0	0	0	0	521	547	0	
6	0	0	0	0	514	539	0	
7	0	0	0	0	509	534	0	
8	0	0	0	0	504	530	0	
9	0	0	0	0	499	531	1	
10	0	0	0	0	497	536	0	
11	0	0	0	0	498	539	0	
12	0	0	0	0	497	542	0	
13	0	0	0	0	496	543	0	
14	0	0	0	0	496	542	1	
15	0	0	0	0	496	540	0	
0	0	0	0	0	499	539	0	
1	0	0	0	0	504	537	1	
2	0	0	0	0	510	536	0	
3	0	0	0	0	510	532	1	
4	0	0	0	0	513	526	0	
5	0	0	0	0	518	522	0	
6	0	0	0	0	524	523	0	
7	0	0	0	0	524	523	0	
8	0	0	0	0	523	527	0	
9	0	0	0	0	521	536	0	
10	0	0	0	0	522	540	0	
11	0	0	0	0	528	538	0	
12	0	0	0	0	535	538	0	
13	0	0	0	0	543	540	0	
14	0	0	0	0	549	541	1	
15	0	0	0	0	551	541	0	
0	0	0	0	0	553	538	0	
1	0	0	0	0	555	535	0	
2	0	0	0	0	558	524	0	
3	0	0	0	0	556	513	0	
4	0	0	0	0	554	508	0	
5	0	0	0	0	552	508	0	
6	0	0	0	0	559	514	0	
7	0	0	0	0	566	518	0	
8	0	0	0	0	573	516	0	
9	0	0	0	0	581	515	0	
10	0	0	0	0	585	514	0	
11	0	0	0	0	582	511	0	
12	0	0	0	0	579	499	0	
13	0	0	0	0	580	484	0	
14	0	0	0	0	575	473	0	
15	0	0	0	0	569	465	0	
0	0	0	0	0	565	458	0	
1	0	0	0	0	563	457	0	
2	0	0	0	0	563	460	0	
3	0	0	0	0	564	462	0	
4	0	0	0	0	567	462	0	
5	0	0	0	0	569	463	0	
6	0	0	0	0	568	470	0	
7	0	0	0	0	567	475	0	
8	0	0	0	0	572	473	0	
9	0	0	0	0	577	471	0	
10	0	0	0	0	580	471	0	
11	0	0	0	0	579	472	0	
12	0	0	0	0	579	473	0	
13	0	0	0	0	581	480	0	
14	0	0	0	0	579	487	0	
15	0	0	0	0	577	492	0	
0	0	0	0	0	579	498	0	
1	0	0	0	0	579	505	0	
2	0	0	0	0	580	508	0	
3	0	0	0	0	576	511	0	
4	0	0	0	0	575	513	0	
5	0	0	0	0	573	512	0	
6	0	0	0	0	571	508	0	
7	0	0	0	0	567	508	0	
8	0	0	0	0	563	510	0	
9	0	0	0	0	561	516	0	
10	0	0	0	0	560	520	0	
11	0	0	0	0	556	528	0	
12	0	0	0	0	552	537	0	
13	0	0	0	0	551	537	0	
14	0	0	0	0	553	540	1	
15	0	0	0	0	552	540	0	
0	0	0	0	0	555	537	0	
1	0	0	0	0	551	534	0	
2	0	0	0	0	548	530	0	
3	0	0	0	0	550	525	0	
4	0	0	0	0	552	521	0	
5	0	0	0	0	553	513	0	
6	0	0	0	0	560	497	0	
7	0	0	0	0	563	480	0	
8	0	0	0	0	563	471	0	
9	0	0	0	0	562	463	0	
10	0	0	0	0	557	455	0	
11	0	0	0	0	549	451	0	
12	0	0	0	0	543	449	0	
13	0	0	0	0	545	448	0	
14	0	0	0	0	550	457	0	
15	0	0	0	0	555	465	0	
0	0	0	0	0	555	467	0	
1	0	0	0	0	551	471	0	
2	0	0	0	0	550	477	0	
3	0	0	0	0	547	480	0	
4	0	0	0	0	551	486	0	
5	0	0	0	0	557	492	0	
6	0	0	0	0	562	504	0	
7	0	0	0	0	568	519	0	
8	0	0	0	0	572	538	0	
9	0	0	0	0	575	549	1	
10	0	0	0	0	578	545	0	
11	0	0	0	0	580	538	0	
12	0	0	0	0	581	534	0	
13	0	0	0	0	578	533	0	
14	0	0	0	0	576	526	0	
15	0	0	0	0	575	509	0	
0	0	0	0	0	579	498	0	
1	0	0	0	0	581	496	0	
2	0	0	0	0	582	494	0	
3	0	0	0	0	583	491	0	
4	0	0	0	0	583	489	0	
5	0	0	0	0	585	483	0	
6	0	0	0	0	583	478	0	
7	0	0	0	0	589	477	0	
8	0	0	0	0	595	476	0	
9	0	0	0	0	595	476	0	
10	0	0	0	0	591	482	0	
11	0	0	0	0	584	483	0	
12	0	0	0	0	580	487	0	
13	0	0	0	0	572	493	0	
14	0	0	0	0	560	503	0	
15	0	0	0	0	554	505	0	
0	0	0	0	0	548	501	0	
1	0	0	0	0	544	501	0	
2	0	0	0	0	543	499	0	
3	0	0	0	0	540	499	0	
4	0	0	0	0	538	497	0	
5	0	0	0	0	537	495	0	
6	0	0	0	0	535	491	0	
7	0	0	0	0	528	484	0	
8	0	0	0	0	523	477	0	
9	0	0	0	0	518	469	0	
10	0	0	0	0	512	466	0	
11	0	0	0	0	513	464	0	
12	0	0	0	0	515	465	0	
13	0	0	0	0	523	465	0	
14	0	0	0	0	529	468	0	
15	0	0	0	0	531	463	0	
0	0	0	0	0	538	458	0	
1	0	0	0	0	542	458	0	
2	0	0	0	0	543	460	0	
3	0	0	0	0	544	463	0	
4	0	0	0	0	539	464	0	
5	0	0	0	0	537	464	0	
6	0	0	0	0	533	469	0	
7	0	0	0	0	529	473	0	
8	0	0	0	0	526	475	0	
9	0	0	0	0	522	471	0	
10	0	0	0	0	525	465	0	
11	0	0	0	0	528	459	0	
12	0	0	0	0	526	453	0	
13	0	0	0	0	528	446	0	
14	0	0	0	0	530	443	0	
15	0	0	0	0	527	447	0	
0	0	0	0	0	523	451	0	
1	0	0	0	0	518	458	0	
2	0	0	0	0	516	473	0	
3	0	0	0	0	519	493	0	
4	0	0	0	0	528	503	0	
5	0	0	0	0	538	504	0	
6	0	0	0	0	546	500	0	
7	0	0	0	0	552	491	0	
8	0	0	0	0	556	483	0	
9	0	0	0	0	561	482	0	
10	0	0	0	0	566	488	0	
11	0	0	0	0	564	496	0	
12	0	0	0	0	555	507	0	
13	0	0	0	0	550	509	0	
14	0	0	0	0	543	503	0	
15	0	0	0	0	539	493	0	
0	0	0	0	0	537	485	0	
1	0	0	0	0	538	480	0	
2	0	0	0	0	534	471	0	
3	0	0	0	0	522	463	0	
4	0	0	0	0	504	451	0	
5	0	0	0	0	488	443	0	
6	0	0	0	0	479	432	0	
7	0	0	0	0	477	428	0	
8	0	0	0	0	476	430	0	
9	0	0	0	0	471	433	0	
10	0	0	0	0	467	439	0	
11	0	0	0	0	467	444	0	
12	0	0	0	0	468	450	0	
13	0	0	0	0	473	458	1	
14	0	0	0	0	479	465	0	
15	0	0	0	0	485	476	0	
0	0	0	0	0	491	481	0	
1	0	0	0	0	493	486	0	
2	0	0	0	0	496	490	0	
3	0	0	0	0	496	489	0	
4	0	0	0	0	502	486	0	
5	0	0	0	0	508	483	0	
6	0	0	0	0	518	484	0	
7	0	0	0	0	527	486	0	
8	0	0	0	0	533	491	0	
9	0	0	0	0	542	494	0	
10	0	0	0	0	546	494	0	
11	0	0	0	0	550	494	0	
12	0	0	0	0	556	498	0	
13	0	0	0	0	558	499	0	
14	0	0	0	0	558	498	0	
15	0	0	0	0	554	494	0	
0	0	0	0	0	550	492	0	
1	0	0	0	0	542	490	0	
2	0	0	0	0	531	493	0	
3	0	0	0	0	521	489	0	
4	0	0	0	0	512	481	0	
5	0	0	0	0	507	472	0	
6	0	0	0	0	503	465	1	
7	0	0	0	0	501	463	0	
8	0	0	0	0	501	462	0	
9	0	0	0	0	498	460	0	
10	0	0	0	0	500	464	0	
11	0	0	0	0	504	469	0	
12	0	0	0	0	512	475	0	
13	0	0	0	0	516	486	0	
14	0	0	0	0	521	492	0	
15	0	0	0	0	527	502	0	
0	0	0	0	0	537	508	0	
1	0	0	0	0	546	515	0	
2	0	0	0	0	548	525	0	
3	0	0	0	0	545	529	0	
4	0	0	0	0	546	542	0	
5	0	0	0	0	547	560	0	
6	0	0	0	0	540	575	1	
7	0	0	0	0	531	571	1	
8	0	0	0	0	523	559	1	
9	0	0	0	0	519	553	1	
10	0	0	0	0	519	545	0	
11	0	0	0	0	522	539	0	
12	0	0	0	0	524	538	0	
13	0	0	0	0	529	535	0	
14	0	0	0	0	536	536	0	
15	0	0	0	0	541	534	0	
0	0	0	0	0	537	528	0	
1	0	0	0	0	537	519	0	
2	0	0	0	0	541	512	0	
3	0	0	0	0	546	508	0	
4	0	0	0	0	547	500	0	
5	0	0	0	0	546	498	0	
6	0	0	0	0	544	492	0	
7	0	0	0	0	535	487	0	
8	0	0	0	0	526	480	0	
9	0	0	0	0	522	476	0	
10	0	0	0	0	518	476	0	
11	0	0	0	0	507	476	0	
12	0	0	0	0	498	475	0	
13	0	0	0	0	495	472	0	
14	0	0	0	0	494	468	0	
15	0	0	0	0	496	464	0	
0	0	0	0	0	499	457	0	
1	0	0	0	0	504	456	0	
2	0	0	0	0	510	461	0	
3	0	0	0	0	513	465	0	
4	0	0	0	0	516	469	0	
5	0	0	0	0	515	469	0	
6	0	0	0	0	513	468	0	
7	0	0	0	0	511	472	0	
8	0	0	0	0	512	477	0	
9	0	0	0	0	512	480	0	
10	0	0	0	0	514	482	0	
11	0	0	0	0	515	482	0	
12	0	0	0	0	517	479	0	
13	0	0	0	0	520	479	0	
14	0	0	0	0	525	481	0	
15	0	0	0	0	528	481	0	
0	0	0	0	0	531	480	0	
1	0	0	0	0	532	481	0	
2	0	0	0	0	527	480	0	
3	0	0	0	0	519	484	0	
4	0	0	0	0	508	485	0	
5	0	0	0	0	498	489	0	
6	0	0	0	0	488	486	0	
7	0	0	0	0	481	476	0	
8	0	0	0	0	479	465	0	
9	0	0	0	0	478	465	0	
10	0	0	0	0	481	471	0	
11	0	0	0	0	487	468	0	
12	0	0	0	0	496	460	0	
13	0	0	0	0	507	455	0	
14	0	0	0	0	517	458	0	
15	0	0	0	0	519	467	0	
0	0	0	0	0	521	476	0	
1	0	0	0	0	520	486	0	
2	0	0	0	0	513	495	0	
3	0	0	0	0	509	502	0	
4	0	0	0	0	504	503	0	
5	0	0	0	0	497	502	0	
6	0	0	0	0	495	497	0	
7	0	0	0	0	490	491	0	
8	0	0	0	0	484	483	0	
9	0	0	0	0	477	476	0	
10	0	0	0	0	472	468	0	
11	0	0	0	0	471	461	0	
12	0	0	0	0	472	458	0	
13	0	0	0	0	476	454	0	
14	0	0	0	0	480	453	0	
15	0	0	0	0	480	455	0	
0	0	0	0	0	479	452	0	
1	0	0	0	0	480	453	0	
2	0	0	0	0	482	458	0	
3	0	0	0	0	486	467	0	
4	0	0	0	0	486	476	0	
5	0	0	0	0	490	476	0	
6	0	0	0	0	500	472	0	
7	0	0	0	0	512	471	0	
8	0	0	0	0	523	472	0	
9	0	0	0	0	529	476	0	
10	0	0	0	0	536	477	0	
11	0	0	0	0	543	476	0	
12	0	0	0	0	547	477	0	
13	0	0	0	0	549	478	0	
14	0	0	0	0	548	477	0	
15	0	0	0	0	550	472	0	
0	0	0	0	0	546	472	0	
1	0	0	0	0	539	475	0	
2	0	0	0	0	526	476	0	
3	0	0	0	0	518	479	0	
4	0	0	0	0	514	481	0	
5	0	0	0	0	508	482	0	
6	0	0	0	0	502	487	0	
7	0	0	0	0	495	495	0	
8	0	0	0	0	487	501	0	
9	0	0	0	0	486	501	0	
10	0	0	0	0	486	495	0	
11	0	0	0	0	483	488	0	
12	0	0	0	0	483	478	0	
13	0	0	0	0	483	474	0	
14	0	0	0	0	483	480	0	
15	0	0	0	0	479	487	0	
0	0	0	0	0	470	495	0	
1	0	0	0	0	467	499	0	
2	0	0	0	0	469	493	0	
3	0	0	0	0	473	491	0	
4	0	0	0	0	479	493	0	
5	0	0	0	0	478	500	0	
6	0	0	0	0	476	503	0	
7	0	0	0	0	473	495	0	
8	0	0	0	0	475	483	0	
9	0	0	0	0	475	475	0	
10	0	0	0	0	476	465	0	
11	0	0	0	0	478	450	0	
12	0	0	0	0	475	435	0	
13	0	0	0	0	472	424	0	
14	0	0	0	0	468	422	0	
15	0	0	0	0	471	420	0	
0	0	0	0	0	478	421	0	
1	0	0	0	0	480	432	0	
2	0	0	0	0	483	444	0	
3	0	0	0	0	490	460	0	
4	0	0	0	0	497	471	0	
5	0	0	0	0	500	479	0	
6	0	0	0	0	502	483	0	
7	0	0	0	0	503	490	0	
8	0	0	0	0	494	498	0	
9	0	0	0	0	479	501	0	
10	0	0	0	0	467	502	0	
11	0	0	0	0	456	501	0	
12	0	0	0	0	450	496	0	
13	0	0	0	0	450	495	0	
14	0	0	0	0	449	499	0	
15	0	0	0	0	447	508	0	
0	0	0	0	0	447	516	0	
1	0	0	0	0	444	526	0	
2	0	0	0	0	443	535	1	
3	0	0	0	0	448	538	0	
4	0	0	0	0	448	537	0	
5	0	0	0	0	448	529	0	
6	0	0	0	0	446	517	0	
7	0	0	0	0	441	507	0	
8	0	0	0	0	439	502	0	
9	0	0	0	0	438	496	0	
10	0	0	0	0	439	492	0	
11	0	0	0	0	438	483	0	
12	0	0	0	0	437	481	0	
13	0	0	0	0	437	480	0	
14	0	0	0	0	442	483	0	
15	0	0	0	0	448	488	0	
0	0	0	0	0	453	494	0	
1	0	0	0	0	455	499	0	
2	0	0	0	0	459	500	0	
3	0	0	0	0	464	505	0	
4	0	0	0	0	472	514	0	
5	0	0	0	0	488	519	0	
6	0	0	0	0	510	525	0	
7	0	0	0	0	519	527	0	
8	0	0	0	0	529	527	0	
9	0	0	0	0	531	524	0	
10	0	0	0	0	532	522	0	
11	0	0	0	0	536	522	0	
12	0	0	0	0	532	525	0	
13	0	0	0	0	527	535	0	
14	0	0	0	0	517	544	0	
15	0	0	0	0	512	551	0	
0	0	0	0	0	512	550	1	
1	0	0	0	0	509	546	1	
2	0	0	0	0	506	549	0	
3	0	0	0	0	498	555	0	
4	0	0	0	0	491	564	0	
5	0	0	0	0	485	572	1	
6	0	0	0	0	475	568	1	
7	0	0	0	0	475	560	1	
8	0	0	0	0	480	550	1	
9	0	0	0	0	492	543	1	
10	0	0	0	0	501	539	1	
11	0	0	0	0	510	538	0	
12	0	0	0	0	512	538	0	
13	0	0	0	0	514	540	0	
14	0	0	0	0	512	546	0	
15	0	0	0	0	507	556	1	
0	0	0	0	0	500	567	1	
1	0	0	0	0	503	567	1	
2	0	0	0	0	504	563	1	
3	0	0	0	0	503	556	1	
4	0	0	0	0	499	551	1	
5	0	0	0	0	504	541	0	
6	0	0	0	0	512	530	0	
7	0	0	0	0	519	513	0	
8	0	0	0	0	526	496	0	
9	0	0	0	0	526	479	0	
10	0	0	0	0	526	467	0	
11	0	0	0	0	524	464	0	
12	0	0	0	0	522	464	0	
13	0	0	0	0	522	471	0	
14	0	0	0	0	519	476	0	
15	0	0	0	0	517	479	0	
0	0	0	0	0	524	479	0	
1	0	0	0	0	526	481	0	
2	0	0	0	0	527	486	0	
3	0	0	0	0	524	493	0	
4	0	0	0	0	527	500	0	
5	0	0	0	0	527	504	0	
6	0	0	0	0	526	505	0	
7	0	0	0	0	527	510	0	
8	0	0	0	0	529	512	0	
9	0	0	0	0	527	510	0	
10	0	0	0	0	523	502	0	
11	0	0	0	0	515	493	0	
12	0	0	0	0	505	489	0	
13	0	0	0	0	493	493	0	
14	0	0	0	0	481	500	0	
15	0	0	0	0	471	503	0	
0	0	0	0	0	463	507	0	
1	0	0	0	0	464	510	0	
2	0	0	0	0	468	506	0	
3	0	0	0	0	474	502	0	
4	0	0	0	0	483	501	0	
5	0	0	0	0	496	511	0	
6	0	0	0	0	506	521	0	
7	0	0	0	0	511	531	0	
8	0	0	0	0	514	540	0	
9	0	0	0	0	520	544	1	
10	0	0	0	0	527	542	0	
11	0	0	0	0	533	540	0	
12	0	0	0	0	536	535	0	
13	0	0	0	0	539	527	0	
14	0	0	0	0	538	521	0	
15	0	0	0	0	538	520	0	
0	0	0	0	0	533	518	0	
1	0	0	0	0	521	513	0	
2	0	0	0	0	511	511	0	
3	0	0	0	0	503	508	0	
4	0	0	0	0	500	510	0	
5	0	0	0	0	494	509	0	
6	0	0	0	0	485	509	0	
7	0	0	0	0	477	509	0	
8	0	0	0	0	471	506	0	
9	0	0	0	0	469	510	0	
10	0	0	0	0	472	515	0	
11	0	0	0	0	471	518	0	
12	0	0	0	0	468	517	0	
13	0	0	0	0	466	508	0	
14	0	0	0	0	470	502	0	
15	0	0	0	0	474	499	0	
0	0	0	0	0	478	504	0	
1	0	0	0	0	482	519	0	
2	0	0	0	0	490	529	0	
3	0	0	0	0	497	529	0	
4	0	0	0	0	504	525	0	
5	0	0	0	0	499	520	0	
6	0	0	0	0	494	516	0	
7	0	0	0	0	495	512	0	
8	0	0	0	0	501	514	0	
9	0	0	0	0	501	516	0	
10	0	0	0	0	497	520	0	
11	0	0	0	0	494	526	0	
12	0	0	0	0	488	531	0	
13	0	0	0	0	480	537	0	
14	0	0	0	0	475	538	1	
15	0	0	0	0	475	536	0	
0	0	0	0	0	476	532	0	
1	0	0	0	0	476	532	0	
2	0	0	0	0	483	536	0	
3	0	0	0	0	500	539	0	
4	0	0	0	0	521	537	0	
5	0	0	0	0	533	534	0	
6	0	0	0	0	538	529	0	
7	0	0	0	0	535	526	0	
8	0	0	0	0	528	526	0	
9	0	0	0	0	516	523	1	
10	0	0	0	0	504	524	0	
11	0	0	0	0	491	529	0	
12	0	0	0	0	481	535	0	
13	0	0	0	0	473	534	1	
14	0	0	0	0	466	519	0	
15	0	0	0	0	462	506	0	
0	0	0	0	0	456	496	0	
1	0	0	0	0	451	494	0	
2	0	0	0	0	449	501	0	
3	0	0	0	0	454	513	0	
4	0	0	0	0	456	523	0	
5	0	0	0	0	461	528	0	
6	0	0	0	0	462	533	0	
7	0	0	0	0	464	524	0	
8	0	0	0	0	472	508	0	
9	0	0	0	0	480	492	0	
10	0	0	0	0	487	479	0	
11	0	0	0	0	493	469	0	
12	0	0	0	0	500	464	0	
13	0	0	0	0	501	460	0	
14	0	0	0	0	499	455	0	
15	0	0	0	0	496	453	0	
0	0	0	0	0	499	460	0	
1	0	0	0	0	507	472	0	
2	0	0	0	0	516	485	0	
3	0	0	0	0	530	493	0	
4	0	0	0	0	542	497	0	
5	0	0	0	0	554	501	0	
6	0	0	0	0	559	499	0	
7	0	0	0	0	552	493	0	
8	0	0	0	0	544	487	0	
9	0	0	0	0	532	481	0	
10	0	0	0	0	520	480	0	
11	0	0	0	0	511	481	0	
12	0	0	0	0	509	484	0	
13	0	0	0	0	513	490	0	
14	0	0	0	0	513	500	0	
15	0	0	0	0	511	513	0	
0	0	0	0	0	505	515	0	
1	0	0	0	0	499	517	0	
2	0	0	0	0	496	514	0	
3	0	0	0	0	492	509	0	
4	0	0	0	0	482	508	0	
5	0	0	0	0	474	508	0	
6	0	0	0	0	470	514	0	
7	0	0	0	0	472	518	0	
8	0	0	0	0	479	520	0	
9	0	0	0	0	487	524	0	
10	0	0	0	0	497	525	0	
11	0	0	0	0	504	522	0	
12	0	0	0	0	512	522	0	
13	0	0	0	0	519	520	0	
14	0	0	0	0	521	524	0	
15	0	0	0	0	520	528	0	
0	0	0	0	0	516	527	0	
1	0	0	0	0	514	527	0	
2	0	0	0	0	511	528	0	
3	0	0	0	0	510	532	0	
4	0	0	0	0	510	539	0	
5	0	0	0	0	511	554	1	
6	0	0	0	0	513	568	1	
7	0	0	0	0	514	574	1	
8	0	0	0	0	516	565	1	
9	0	0	0	0	516	551	0	
10	0	0	0	0	514	538	0	
11	0	0	0	0	510	526	0	
12	0	0	0	0	502	518	0	
13	0	0	0	0	492	512	0	
14	0	0	0	0	484	505	0	
15	0	0	0	0	478	494	0	
0	0	0	0	0	477	489	0	
1	0	0	0	0	476	495	0	
2	0	0	0	0	481	504	0	
3	0	0	0	0	491	519	1	
4	0	0	0	0	498	536	1	
5	0	0	0	0	508	544	0	
6	0	0	0	0	514	548	0	
7	0	0	0	0	523	553	1	
8	0	0	0	0	524	554	1	
9	0	0	0	0	515	556	1	
10	0	0	0	0	511	563	1	
11	0	0	0	0	505	558	1	
12	0	0	0	0	505	549	0	
13	0	0	0	0	508	534	0	
14	0	0	0	0	508	517	0	
15	0	0	0	0	509	508	0	
0	0	0	0	0	511	504	0	
1	0	0	0	0	509	500	0	
2	0	0	0	0	505	499	0	
3	0	0	0	0	496	502	0	
4	0	0	0	0	489	505	0	
5	0	0	0	0	484	504	0	
6	0	0	0	0	481	504	0	
7	0	0	0	0	481	504	0	
8	0	0	0	0	483	505	0	
9	0	0	0	0	484	505	0	
10	0	0	0	0	489	507	0	
11	0	0	0	0	496	512	0	
12	0	0	0	0	501	511	0	
13	0	0	0	0	503	511	0	
14	0	0	0	0	504	512	0	
15	0	0	0	0	507	513	0	
0	0	0	0	0	509	513	0	
1	0	0	0	0	510	515	0	
2	0	0	0	0	512	516	0	
3	0	0	0	0	511	516	0	
4	0	0	0	0	512	516	0	
5	0	0	0	0	519	515	0	
6	0	0	0	0	527	512	1	
7	0	0	0	0	528	510	0	
8	0	0	0	0	525	515	0	
9	0	0	0	0	523	521	0	
10	0	0	0	0	524	530	0	
11	0	0	0	0	522	536	0	
12	0	0	0	0	522	538	0	
13	0	0	0	0	518	537	0	
14	0	0	0	0	514	537	1	
15	0	0	0	0	512	544	0	
0	0	0	0	0	509	554	0	
1	0	0	0	0	510	552	1	
2	0	0	0	0	514	534	0	
3	0	0	0	0	516	515	0	
4	0	0	0	0	520	510	0	
5	0	0	0	0	519	513	0	
6	0	0	0	0	517	517	0	
7	0	0	0	0	521	512	0	
8	0	0	0	0	529	505	0	
9	0	0	0	0	536	499	0	
10	0	0	0	0	542	494	0	
11	0	0	0	0	546	488	0	
12	0	0	0	0	547	490	0	
13	0	0	0	0	548	490	0	
14	0	0	0	0	550	496	0	
15	0	0	0	0	549	503	0	
0	0	0	0	0	542	507	0	
1	0	0	0	0	531	510	0	
2	0	0	0	0	521	514	0	
3	0	0	0	0	515	521	0	
4	0	0	0	0	514	525	0	
5	0	0	0	0	515	531	0	
6	0	0	0	0	515	537	0	
7	0	0	0	0	513	546	0	
8	0	0	0	0	511	549	1	
9	0	0	0	0	512	543	0	
10	0	0	0	0	512	531	0	
11	0	0	0	0	512	521	0	
12	0	0	0	0	510	513	0	
13	0	0	0	0	511	509	0	
14	0	0	0	0	513	506	0	
15	0	0	0	0	513	504	0	
0	0	0	0	0	511	502	0	
1	0	0	0	0	509	501	0	
2	0	0	0	0	505	504	0	
3	0	0	0	0	504	506	0	
4	0	0	0	0	505	507	0	
5	0	0	0	0	507	510	0	
6	0	0	0	0	505	513	0	
7	0	0	0	0	499	521	0	
8	0	0	0	0	495	527	0	
9	0	0	0	0	488	523	0	
10	0	0	0	0	486	513	0	
11	0	0	0	0	487	505	0	
12	0	0	0	0	491	492	0	
13	0	0	0	0	497	483	0	
14	0	0	0	0	499	480	0	
15	0	0	0	0	496	483	0	
0	0	0	0	0	495	483	0	
1	0	0	0	0	495	482	0	
2	0	0	0	0	496	481	0	
3	0	0	0	0	496	483	0	
4	0	0	0	0	497	483	0	
5	0	0	0	0	495	483	0	
6	0	0	0	0	491	490	0	
7	0	0	0	0	486	498	0	
8	0	0	0	0	480	500	0	
9	0	0	0	0	476	499	0	
10	0	0	0	0	475	501	0	
11	0	0	0	0	473	502	0	
12	0	0	0	0	469	502	1	
13	0	0	0	0	460	494	0	
14	0	0	0	0	454	485	0	
15	0	0	0	0	451	478	0	
0	0	0	0	0	452	477	0	
1	0	0	0	0	456	483	0	
2	0	0	0	0	463	491	0	
3	0	0	0	0	468	501	0	
4	0	0	0	0	471	512	0	
5	0	0	0	0	473	526	0	
6	0	0	0	0	477	540	1	
7	0	0	0	0	482	548	1	
8	0	0	0	0	481	556	1	
9	0	0	0	0	480	553	1	
10	0	0	0	0	485	549	1	
11	0	0	0	0	492	541	0	
12	0	0	0	0	496	536	1	
13	0	0	0	0	497	534	0	
14	0	0	0	0	495	535	0	
15	0	0	0	0	494	530	0	
0	0	0	0	0	492	522	0	
1	0	0	0	0	490	515	0	
2	0	0	0	0	486	507	0	
3	0	0	0	0	484	500	0	
4	0	0	0	0	487	498	0	
5	0	0	0	0	487	497	0	
6	0	0	0	0	484	502	0	
7	0	0	0	0	484	507	0	
8	0	0	0	0	480	510	0	
9	0	0	0	0	472	510	0	
10	0	0	0	0	463	510	0	
11	0	0	0	0	461	507	0	
12	0	0	0	0	464	500	0	
13	0	0	0	0	467	498	0	
14	0	0	0	0	471	497	0	
15	0	0	0	0	479	499	0	
0	0	0	0	0	487	503	0	
1	0	0	0	0	496	510	0	
2	0	0	0	0	505	518	0	
3	0	0	0	0	506	523	0	
4	0	0	0	0	506	528	0	
5	0	0	0	0	508	528	0	
6	0	0	0	0	507	521	0	
7	0	0	0	0	503	520	0	
8	0	0	0	0	496	519	0	
9	0	0	0	0	492	519	0	
10	0	0	0	0	490	521	0	
11	0	0	0	0	486	526	0	
12	0	0	0	0	483	531	0	
13	0	0	0	0	477	535	0	
14	0	0	0	0	470	535	0	
15	0	0	0	0	464	530	0	
0	0	0	0	0	459	526	0	
1	0	0	0	0	453	521	0	
2	0	0	0	0	446	523	0	
3	0	0	0	0	443	526	0	
4	0	0	0	0	446	529	0	
5	0	0	0	0	451	528	0	
6	0	0	0	0	454	529	0	
7	0	0	0	0	459	532	0	
8	0	0	0	0	463	534	0	
9	0	0	0	0	469	539	0	
10	0	0	0	0	478	545	0	
11	0	0	0	0	487	544	1	
12	0	0	0	0	494	541	0	
13	0	0	0	0	497	538	0	
14	0	0	0	0	502	532	0	
15	0	0	0	0	512	513	0	
0	0	0	0	0	525	497	0	
1	0	0	0	0	535	487	0	
2	0	0	0	0	539	483	0	
3	0	0	0	0	541	488	0	
4	0	0	0	0	540	498	0	
5	0	0	0	0	542	507	0	
6	0	0	0	0	548	508	0	
7	0	0	0	0	556	511	0	
8	0	0	0	0	560	515	0	
9	0	0	0	0	563	518	0	
10	0	0	0	0	569	523	0	
11	0	0	0	0	579	529	0	
12	0	0	0	0	585	536	0	
13	0	0	0	0	587	543	1	
14	0	0	0	0	586	550	1	
15	0	0	0	0	583	558	1	
0	0	0	0	0	577	571	1	
1	0	0	0	0	569	571	1	
2	0	0	0	0	560	562	1	
3	0	0	0	0	551	551	1	
4	0	0	0	0	542	541	0	
5	0	0	0	0	531	531	0	
6	0	0	0	0	525	525	0	
7	0	0	0	0	526	524	0	
8	0	0	0	0	528	523	0	
9	0	0	0	0	526	521	0	
10	0	0	0	0	519	526	0	
11	0	0	0	0	513	525	0	
12	0	0	0	0	511	523	0	
13	0	0	0	0	510	516	0	
14	0	0	0	0	511	511	0	
15	0	0	0	0	517	508	0	
0	0	0	0	0	519	505	0	
1	0	0	0	0	516	505	0	
2	0	0	0	0	508	508	0	
3	0	0	0	0	500	515	0	
4	0	0	0	0	491	520	0	
5	0	0	0	0	480	531	0	
6	0	0	0	0	468	540	0	
7	0	0	0	0	462	551	1	
8	0	0	0	0	463	568	1	
9	0	0	0	0	471	587	1	
10	0	0	0	0	484	598	1	
11	0	0	0	0	500	598	1	
12	0	0	0	0	514	585	1	
13	0	0	0	0	526	569	1	
14	0	0	0	0	536	556	0	
15	0	0	0	0	542	543	1	
0	0	0	0	0	543	534	0	
1	0	0	0	0	542	529	0	
2	0	0	0	0	540	521	0	
3	0	0	0	0	540	515	0	
4	0	0	0	0	539	520	0	
5	0	0	0	0	536	530	1	
6	0	0	0	0	535	540	0	
7	0	0	0	0	531	541	0	
8	0	0	0	0	527	531	0	
9	0	0	0	0	526	520	0	
10	0	0	0	0	520	511	0	
11	0	0	0	0	511	505	0	
12	0	0	0	0	504	500	0	
13	0	0	0	0	497	497	0	
14	0	0	0	0	494	499	0	
15	0	0	0	0	495	504	0	
0	0	0	0	0	497	508	0	
1	0	0	0	0	496	509	0	
2	0	0	0	0	492	512	0	
3	0	0	0	0	492	516	0	
4	0	0	0	0	495	517	0	
5	0	0	0	0	495	519	0	
6	0	0	0	0	496	516	0	
7	0	0	0	0	500	513	0	
8	0	0	0	0	503	516	1	
9	0	0	0	0	508	526	1	
10	0	0	0	0	513	537	0	
11	0	0	0	0	515	547	1	
12	0	0	0	0	515	560	1	
13	0	0	0	0	515	568	1	
14	0	0	0	0	515	573	1	
15	0	0	0	0	513	577	1	
0	0	0	0	0	509	578	0	
1	0	0	0	0	504	576	1	
2	0	0	0	0	502	571	1	
3	0	0	0	0	508	553	0	
4	0	0	0	0	512	538	0	
5	0	0	0	0	516	531	0	
6	0	0	0	0	517	528	0	
7	0	0	0	0	521	528	0	
8	0	0	0	0	526	531	0	
9	0	0	0	0	532	536	0	
10	0	0	0	0	536	540	0	
11	0	0	0	0	532	545	0	
12	0	0	0	0	535	546	1	
13	0	0	0	0	538	543	0	
14	0	0	0	0	537	542	0	
15	0	0	0	0	535	546	0	
0	0	0	0	0	531	557	1	
1	0	0	0	0	527	571	1	
2	0	0	0	0	523	579	1	
3	0	0	0	0	519	583	1	
4	0	0	0	0	515	576	1	
5	0	0	0	0	509	576	1	
6	0	0	0	0	507	574	1	
7	0	0	0	0	510	570	1	
8	0	0	0	0	513	566	1	
9	0	0	0	0	513	561	1	
10	0	0	0	0	519	558	1	
11	0	0	0	0	523	555	0	
12	0	0	0	0	520	556	0	
13	0	0	0	0	514	562	1	
14	0	0	0	0	505	562	1	
15	0	0	0	0	496	556	1	
0	0	0	0	0	487	541	0	
1	0	0	0	0	484	526	0	
2	0	0	0	0	484	519	0	
3	0	0	0	0	487	514	0	
4	0	0	0	0	500	513	0	
5	0	0	0	0	508	511	0	
6	0	0	0	0	515	511	0	
7	0	0	0	0	521	515	0	
8	0	0	0	0	527	514	0	
9	0	0	0	0	532	512	0	
10	0	0	0	0	535	507	0	
11	0	0	0	0	537	501	0	
12	0	0	0	0	540	500	0	
13	0	0	0	0	543	503	0	
14	0	0	0	0	545	506	0	
15	0	0	0	0	539	504	0	
0	0	0	0	0	534	501	0	
1	0	0	0	0	529	501	0	
2	0	0	0	0	524	501	0	
3	0	0	0	0	520	504	0	
4	0	0	0	0	518	508	0	
5	0	0	0	0	512	510	0	
6	0	0	0	0	508	513	0	
7	0	0	0	0	504	515	0	
8	0	0	0	0	505	517	0	
9	0	0	0	0	506	515	0	
10	0	0	0	0	504	510	0	
11	0	0	0	0	503	513	0	
12	0	0	0	0	506	520	0	
13	0	0	0	0	511	531	0	
14	0	0	0	0	520	541	0	
15	0	0	0	0	529	550	1	
0	0	0	0	0	541	554	1	
1	0	0	0	0	546	555	1	
2	0	0	0	0	547	556	1	
3	0	0	0	0	547	557	1	
4	0	0	0	0	548	557	1	
5	0	0	0	0	546	558	1	
6	0	0	0	0	543	558	1	
7	0	0	0	0	536	557	0	
8	0	0	0	0	533	558	1	
9	0	0	0	0	527	565	1	
10	0	0	0	0	521	568	1	
11	0	0	0	0	514	560	1	
12	0	0	0	0	508	552	0	
13	0	0	0	0	502	545	1	
14	0	0	0	0	494	535	0	
15	0	0	0	0	487	524	0	
0	0	0	0	0	481	517	0	
1	0	0	0	0	478	513	0	
2	0	0	0	0	478	514	0	
3	0	0	0	0	483	513	0	
4	0	0	0	0	489	508	0	
5	0	0	0	0	488	501	0	
6	0	0	0	0	487	498	0	
7	0	0	0	0	484	496	0	
8	0	0	0	0	480	500	0	
9	0	0	0	0	486	511	0	
10	0	0	0	0	494	519	0	
11	0	0	0	0	508	529	0	
12	0	0	0	0	518	532	0	
13	0	0	0	0	521	536	0	
14	0	0	0	0	528	544	0	
15	0	0	0	0	538	555	1	
0	0	0	0	0	544	557	0	
1	0	0	0	0	547	539	0	
2	0	0	0	0	550	520	0	
3	0	0	0	0	549	510	0	
4	0	0	0	0	545	508	0	
5	0	0	0	0	541	506	0	
6	0	0	0	0	536	504	0	
7	0	0	0	0	534	504	0	
8	0	0	0	0	534	505	0	
9	0	0	0	0	537	505	0	
10	0	0	0	0	541	505	0	
11	0	0	0	0	544	505	0	
12	0	0	0	0	547	505	0	
13	0	0	0	0	551	508	0	
14	0	0	0	0	556	514	0	
15	0	0	0	0	559	515	0	
0	0	0	0	0	562	510	0	
1	0	0	0	0	563	507	0	
2	0	0	0	0	559	501	0	
3	0	0	0	0	550	500	0	
4	0	0	0	0	542	504	0	
5	0	0	0	0	535	502	0	
6	0	0	0	0	535	502	0	
7	0	0	0	0	535	502	0	
8	0	0	0	0	531	504	1	
9	0	0	0	0	532	512	0	
10	0	0	0	0	535	523	0	
11	0	0	0	0	541	534	0	
12	0	0	0	0	550	542	0	
13	0	0	0	0	558	547	1	
14	0	0	0	0	563	556	1	
15	0	0	0	0	559	560	1	
0	0	0	0	0	553	565	1	
1	0	0	0	0	543	563	1	
2	0	0	0	0	532	557	1	
3	0	0	0	0	523	550	1	
4	0	0	0	0	517	540	1	
5	0	0	0	0	514	530	0	
6	0	0	0	0	513	521	0	
7	0	0	0	0	514	519	0	
8	0	0	0	0	511	515	0	
9	0	0	0	0	511	512	0	
10	0	0	0	0	513	507	1	
11	0	0	0	0	517	505	0	
12	0	0	0	0	516	502	0	
13	0	0	0	0	515	498	0	
14	0	0	0	0	513	493	0	
15	0	0	0	0	511	486	0	
0	0	0	0	0	503	479	0	
1	0	0	0	0	498	474	0	
2	0	0	0	0	500	468	0	
3	0	0	0	0	507	462	0	
4	0	0	0	0	515	469	0	
5	0	0	0	0	525	480	0	
6	0	0	0	0	534	492	0	
7	0	0	0	0	540	504	0	
8	0	0	0	0	544	516	0	
9	0	0	0	0	545	529	0	
10	0	0	0	0	551	531	0	
11	0	0	0	0	559	524	0	
12	0	0	0	0	563	515	0	
13	0	0	0	0	556	504	0	
14	0	0	0	0	551	491	0	
15	0	0	0	0	544	483	0	
0	0	0	0	0	535	476	0	
1	0	0	0	0	524	474	0	
2	0	0	0	0	519	476	0	
3	0	0	0	0	516	481	0	
4	0	0	0	0	517	489	0	
5	0	0	0	0	518	498	0	
6	0	0	0	0	523	507	0	
7	0	0	0	0	531	509	0	
8	0	0	0	0	539	509	0	
9	0	0	0	0	547	509	0	
10	0	0	0	0	552	508	0	
11	0	0	0	0	557	504	0	
12	0	0	0	0	560	500	0	
13	0	0	0	0	562	504	0	
14	0	0	0	0	559	504	0	
15	0	0	0	0	555	504	0	
0	0	0	0	0	548	506	0	
1	0	0	0	0	547	513	0	
2	0	0	0	0	542	522	0	
3	0	0	0	0	538	523	0	
4	0	0	0	0	536	518	0	
5	0	0	0	0	539	516	0	
6	0	0	0	0	541	513	0	
7	0	0	0	0	538	512	0	
8	0	0	0	0	529	513	0	
9	0	0	0	0	526	509	0	
10	0	0	0	0	527	504	0	
11	0	0	0	0	534	499	0	
12	0	0	0	0	537	502	0	
13	0	0	0	0	539	506	0	
14	0	0	0	0	542	511	0	
15	0	0	0	0	547	519	0	
0	0	0	0	0	552	527	0	
1	0	0	0	0	556	534	1	
2	0	0	0	0	554	539	0	
3	0	0	0	0	548	542	1	
4	0	0	0	0	545	546	0	
5	0	0	0	0	547	548	1	
6	0	0	0	0	553	551	1	
7	0	0	0	0	562	555	1	
8	0	0	0	0	566	556	1	
9	0	0	0	0	564	550	1	
10	0	0	0	0	560	545	1	
11	0	0	0	0	555	538	1	
12	0	0	0	0	544	526	0	
13	0	0	0	0	535	517	0	
14	0	0	0	0	530	513	0	
15	0	0	0	0	535	513	0	
0	0	0	0	0	544	507	0	
1	0	0	0	0	553	495	0	
2	0	0	0	0	558	482	0	
3	0	0	0	0	563	471	0	
4	0	0	0	0	568	465	0	
5	0	0	0	0	569	463	0	
6	0	0	0	0	565	465	0	
7	0	0	0	0	559	465	0	
8	0	0	0	0	554	465	0	
9	0	0	0	0	542	466	0	
10	0	0	0	0	527	470	0	
11	0	0	0	0	514	473	0	
12	0	0	0	0	503	472	0	
13	0	0	0	0	497	466	0	
14	0	0	0	0	499	463	0	
15	0	0	0	0	496	459	0	
0	0	0	0	0	493	458	0	
1	0	0	0	0	495	463	0	
2	0	0	0	0	497	469	0	
3	0	0	0	0	501	473	0	
4	0	0	0	0	506	479	0	
5	0	0	0	0	508	491	0	
6	0	0	0	0	509	497	0	
7	0	0	0	0	512	501	0	
8	0	0	0	0	519	501	0	
9	0	0	0	0	522	504	0	
10	0	0	0	0	526	505	0	
11	0	0	0	0	526	505	0	
12	0	0	0	0	519	501	0	
13	0	0	0	0	512	497	0	
14	0	0	0	0	515	495	0	
15	0	0	0	0	519	496	0	
0	0	0	0	0	525	500	0	
1	0	0	0	0	528	503	0	
2	0	0	0	0	532	506	0	
3	0	0	0	0	534	504	0	
4	0	0	0	0	531	500	0	
5	0	0	0	0	530	497	0	
6	0	0	0	0	525	494	0	
7	0	0	0	0	523	491	0	
8	0	0	0	0	524	492	0	
9	0	0	0	0	526	495	0	
10	0	0	0	0	536	502	0	
11	0	0	0	0	543	499	0	
12	0	0	0	0	548	503	0	
13	0	0	0	0	553	497	0	
14	0	0	0	0	552	489	0	
15	0	0	0	0	551	488	0	
0	0	0	0	0	544	489	0	
1	0	0	0	0	540	494	0	
2	0	0	0	0	533	500	0	
3	0	0	0	0	527	505	0	
4	0	0	0	0	525	507	0	
5	0	0	0	0	523	508	0	
6	0	0	0	0	519	508	0	
7	0	0	0	0	519	512	0	
8	0	0	0	0	520	520	0	
9	0	0	0	0	519	522	0	
10	0	0	0	0	522	512	0	
11	0	0	0	0	524	499	0	
12	0	0	0	0	527	492	0	
13	0	0	0	0	525	488	0	
14	0	0	0	0	523	487	0	
15	0	0	0	0	523	490	0	
0	0	0	0	0	521	494	0	
1	0	0	0	0	522	498	0	
2	0	0	0	0	523	500	0	
3	0	0	0	0	528	507	0	
4	0	0	0	0	535	513	0	
5	0	0	0	0	545	520	0	
6	0	0	0	0	554	524	0	
7	0	0	0	0	557	527	0	
8	0	0	0	0	556	534	0	
9	0	0	0	0	552	536	0	
10	0	0	0	0	548	536	0	
11	0	0	0	0	551	537	0	
12	0	0	0	0	553	537	0	
13	0	0	0	0	554	540	0	
14	0	0	0	0	556	536	0	
15	0	0	0	0	559	529	0	
0	0	0	0	0	557	531	0	
1	0	0	0	0	555	532	0	
2	0	0	0	0	557	530	0	
3	0	0	0	0	560	531	0	
4	0	0	0	0	561	533	0	
5	0	0	0	0	560	536	1	
6	0	0	0	0	558	539	0	
7	0	0	0	0	556	541	0	
8	0	0	0	0	558	547	1	
9	0	0	0	0	560	551	1	
10	0	0	0	0	560	558	1	
11	0	0	0	0	556	560	1	
12	0	0	0	0	553	559	1	
13	0	0	0	0	550	563	1	
14	0	0	0	0	542	566	0	
15	0	0	0	0	532	567	1	
0	0	0	0	0	521	559	1	
1	0	0	0	0	513	550	1	
2	0	0	0	0	511	541	0	
3	0	0	0	0	508	529	0	
4	0	0	0	0	500	523	0	
5	0	0	0	0	495	518	0	
6	0	0	0	0	489	515	1	
7	0	0	0	0	481	514	0	
8	0	0	0	0	475	516	0	
9	0	0	0	0	471	524	0	
10	0	0	0	0	467	532	0	
11	0	0	0	0	467	542	1	
12	0	0	0	0	469	549	1	
13	0	0	0	0	473	553	1	
14	0	0	0	0	478	545	0	
15	0	0	0	0	480	533	0	
0	0	0	0	0	482	523	0	
1	0	0	0	0	482	524	0	
2	0	0	0	0	483	528	0	
3	0	0	0	0	486	533	0	
4	0	0	0	0	495	531	0	
5	0	0	0	0	505	528	0	
6	0	0	0	0	518	526	0	
7	0	0	0	0	531	526	0	
8	0	0	0	0	540	527	0	
9	0	0	0	0	540	524	0	
10	0	0	0	0	539	515	0	
11	0	0	0	0	535	508	0	
12	0	0	0	0	532	504	0	
13	0	0	0	0	529	501	0	
14	0	0	0	0	526	500	0	
15	0	0	0	0	524	499	0	
0	0	0	0	0	519	499	0	
1	0	0	0	0	513	501	0	
2	0	0	0	0	507	504	0	
3	0	0	0	0	503	503	0	
4	0	0	0	0	495	500	0	
5	0	0	0	0	492	498	0	
6	0	0	0	0	492	498	0	
7	0	0	0	0	492	500	0	
8	0	0	0	0	497	501	0	
9	0	0	0	0	505	499	0	
10	0	0	0	0	515	500	0	
11	0	0	0	0	527	508	0	
12	0	0	0	0	535	515	0	
13	0	0	0	0	534	520	0	
14	0	0	0	0	530	526	0	
15	0	0	0	0	529	535	0	
0	0	0	0	0	536	540	0	
1	0	0	0	0	545	544	0	
2	0	0	0	0	548	539	0	
3	0	0	0	0	549	530	0	
4	0	0	0	0	544	518	0	
5	0	0	0	0	537	508	0	
6	0	0	0	0	531	501	0	
7	0	0	0	0	523	498	0	
8	0	0	0	0	519	501	0	
9	0	0	0	0	514	497	0	
10	0	0	0	0	511	498	0	
11	0	0	0	0	505	505	0	
12	0	0	0	0	499	509	0	
13	0	0	0	0	497	512	0	
14	0	0	0	0	495	509	0	
15	0	0	0	0	497	510	0	
0	0	0	0	0	496	512	0	
1	0	0	0	0	496	513	0	
2	0	0	0	0	496	516	0	
3	0	0	0	0	497	521	0	
4	0	0	0	0	501	521	0	
5	0	0	0	0	503	521	0	
6	0	0	0	0	506	525	0	
7	0	0	0	0	511	527	0	
8	0	0	0	0	515	524	0	
9	0	0	0	0	521	510	0	
10	0	0	0	0	527	507	0	
11	0	0	0	0	535	508	0	
12	0	0	0	0	533	513	0	
13	0	0	0	0	532	526	0	
14	0	0	0	0	531	535	0	
15	0	0	0	0	525	535	0	
0	0	0	0	0	519	527	0	
1	0	0	0	0	516	522	0	
2	0	0	0	0	512	521	0	
3	0	0	0	0	508	523	0	
4	0	0	0	0	503	526	0	
5	0	0	0	0	499	532	0	
6	0	0	0	0	493	536	0	
7	0	0	0	0	489	533	0	
8	0	0	0	0	488	530	0	
9	0	0	0	0	486	529	0	
10	0	0	0	0	486	531	0	
11	0	0	0	0	492	531	0	
12	0	0	0	0	500	527	0	
13	0	0	0	0	504	526	0	
14	0	0	0	0	511	525	0	
15	0	0	0	0	514	521	0	
0	0	0	0	0	513	515	0	
1	0	0	0	0	514	508	0	
2	0	0	0	0	517	499	0	
3	0	0	0	0	519	492	0	
4	0	0	0	0	515	485	0	
5	0	0	0	0	511	479	0	
6	0	0	0	0	508	473	0	
7	0	0	0	0	508	473	0	
8	0	0	0	0	506	477	0	
9	0	0	0	0	502	483	0	
10	0	0	0	0	496	490	0	
11	0	0	0	0	489	497	0	
12	0	0	0	0	490	505	0	
13	0	0	0	0	492	508	0	
14	0	0	0	0	494	510	0	
15	0	0	0	0	494	510	0	
0	0	0	0	0	492	510	0	
1	0	0	0	0	490	512	0	
2	0	0	0	0	487	514	0	
3	0	0	0	0	484	513	0	
4	0	0	0	0	481	510	0	
5	0	0	0	0	479	508	0	
6	0	0	0	0	481	503	0	
7	0	0	0	0	486	500	0	
8	0	0	0	0	490	498	0	
9	0	0	0	0	492	503	0	
10	0	0	0	0	492	504	0	
11	0	0	0	0	499	502	0	
12	0	0	0	0	507	499	0	
13	0	0	0	0	516	498	0	
14	0	0	0	0	524	503	0	
15	0	0	0	0	530	507	0	
0	0	0	0	0	531	507	0	
1	0	0	0	0	528	505	0	
2	0	0	0	0	519	499	0	
3	0	0	0	0	511	491	0	
4	0	0	0	0	510	490	0	
5	0	0	0	0	512	494	0	
6	0	0	0	0	513	502	0	
7	0	0	0	0	511	505	0	
8	0	0	0	0	508	504	0	
9	0	0	0	0	507	500	0	
10	0	0	0	0	499	495	0	
11	0	0	0	0	493	489	0	
12	0	0	0	0	488	482	0	
13	0	0	0	0	488	476	0	
14	0	0	0	0	493	477	0	
15	0	0	0	0	498	472	0	
0	0	0	0	0	506	465	0	
1	0	0	0	0	511	467	0	
2	0	0	0	0	509	474	0	
3	0	0	0	0	512	483	0	
4	0	0	0	0	514	491	0	
5	0	0	0	0	515	496	0	
6	0	0	0	0	511	501	0	
7	0	0	0	0	509	504	0	
8	0	0	0	0	513	507	0	
9	0	0	0	0	515	508	0	
10	0	0	0	0	515	510	0	
11	0	0	0	0	519	516	0	
12	0	0	0	0	522	518	1	
13	0	0	0	0	526	524	0	
14	0	0	0	0	529	523	0	
15	0	0	0	0	537	513	0	
0	0	0	0	0	545	503	0	
1	0	0	0	0	544	494	0	
2	0	0	0	0	538	484	0	
3	0	0	0	0	528	478	0	
4	0	0	0	0	522	479	0	
5	0	0	0	0	510	486	0	
6	0	0	0	0	499	489	0	
7	0	0	0	0	484	487	0	
8	0	0	0	0	472	486	0	
9	0	0	0	0	466	483	0	
10	0	0	0	0	466	486	0	
11	0	0	0	0	468	490	0	
12	0	0	0	0	476	495	0	
13	0	0	0	0	489	494	0	
14	0	0	0	0	499	492	0	
15	0	0	0	0	506	490	0	
0	0	0	0	0	512	491	0	
1	0	0	0	0	519	493	0	
2	0	0	0	0	525	498	0	
3	0	0	0	0	531	503	0	
4	0	0	0	0	531	505	0	
5	0	0	0	0	524	507	0	
6	0	0	0	0	519	507	0	
7	0	0	0	0	516	510	0	
8	0	0	0	0	514	512	0	
9	0	0	0	0	511	512	0	
10	0	0	0	0	508	511	0	
11	0	0	0	0	511	509	0	
12	0	0	0	0	512	507	0	
13	0	0	0	0	509	511	0	
14	0	0	0	0	508	523	0	
15	0	0	0	0	510	527	1	
0	0	0	0	0	516	530	0	
1	0	0	0	0	518	531	1	
2	0	0	0	0	519	529	0	
3	0	0	0	0	522	528	0	
4	0	0	0	0	530	518	0	
5	0	0	0	0	540	501	0	
6	0	0	0	0	548	492	0	
7	0	0	0	0	553	490	0	
8	0	0	0	0	558	491	0	
9	0	0	0	0	562	492	0	
10	0	0	0	0	558	490	0	
11	0	0	0	0	555	489	0	
12	0	0	0	0	551	495	0	
13	0	0	0	0	545	500	0	
14	0	0	0	0	540	506	0	
15	0	0	0	0	537	509	0	
0	0	0	0	0	534	511	0	
1	0	0	0	0	533	513	0	
2	0	0	0	0	535	517	0	
3	0	0	0	0	537	521	0	
4	0	0	0	0	540	522	0	
5	0	0	0	0	547	522	0	
6	0	0	0	0	562	524	1	
7	0	0	0	0	578	523	0	
8	0	0	0	0	590	522	0	
9	0	0	0	0	599	521	0	
10	0	0	0	0	600	520	0	
11	0	0	0	0	592	519	0	
12	0	0	0	0	581	519	0	
13	0	0	0	0	571	517	0	
14	0	0	0	0	564	518	0	
15	0	0	0	0	558	524	0	
0	0	0	0	0	554	531	0	
1	0	0	0	0	548	528	0	
2	0	0	0	0	541	515	0	
3	0	0	0	0	537	501	0	
4	0	0	0	0	529	494	0	
5	0	0	0	0	518	492	0	
6	0	0	0	0	508	492	0	
7	0	0	0	0	497	488	0	
8	0	0	0	0	494	481	0	
9	0	0	0	0	492	475	0	
10	0	0	0	0	491	472	0	
11	0	0	0	0	488	477	0	
12	0	0	0	0	489	486	0	
13	0	0	0	0	489	499	0	
14	0	0	0	0	488	509	0	
15	0	0	0	0	491	515	0	
0	0	0	0	0	493	518	0	
1	0	0	0	0	494	519	0	
2	0	0	0	0	500	519	0	
3	0	0	0	0	506	515	1	
4	0	0	0	0	510	508	0	
5	0	0	0	0	513	504	0	
6	0	0	0	0	516	504	0	
7	0	0	0	0	516	506	0	
8	0	0	0	0	519	509	0	
9	0	0	0	0	523	508	0	
10	0	0	0	0	528	513	0	
11	0	0	0	0	533	519	0	
12	0	0	0	0	536	527	0	
13	0	0	0	0	534	528	0	
14	0	0	0	0	530	518	0	
15	0	0	0	0	527	501	0	
0	0	0	0	0	523	484	0	
1	0	0	0	0	523	469	0	
2	0	0	0	0	520	454	0	
3	0	0	0	0	516	446	0	
4	0	0	0	0	511	446	0	
5	0	0	0	0	508	455	0	
6	0	0	0	0	507	473	0	
7	0	0	0	0	507	490	0	
8	0	0	0	0	504	497	0	
9	0	0	0	0	505	499	0	
10	0	0	0	0	503	495	1	
11	0	0	0	0	507	488	0	
12	0	0	0	0	508	481	0	
13	0	0	0	0	511	482	0	
14	0	0	0	0	515	488	0	
15	0	0	0	0	516	493	0	
0	0	0	0	0	518	504	0	
1	0	0	0	0	520	513	0	
2	0	0	0	0	520	515	0	
3	0	0	0	0	518	521	0	
4	0	0	0	0	513	523	0	
5	0	0	0	0	508	516	0	
6	0	0	0	0	501	507	0	
7	0	0	0	0	500	498	0	
8	0	0	0	0	504	492	0	
9	0	0	0	0	509	493	0	
10	0	0	0	0	508	499	0	
11	0	0	0	0	504	505	0	
12	0	0	0	0	502	514	0	
13	0	0	0	0	507	523	0	
14	0	0	0	0	515	521	0	
15	0	0	0	0	517	521	0	
0	0	0	0	0	512	521	0	
1	0	0	0	0	507	518	0	
2	0	0	0	0	499	513	0	
3	0	0	0	0	495	505	0	
4	0	0	0	0	491	499	0	
5	0	0	0	0	493	497	0	
6	0	0	0	0	497	498	0	
7	0	0	0	0	503	502	0	
8	0	0	0	0	511	509	0	
9	0	0	0	0	515	517	0	
10	0	0	0	0	515	515	0	
11	0	0	0	0	510	509	0	
12	0	0	0	0	505	503	0	
13	0	0	0	0	501	496	0	
14	0	0	0	0	504	493	0	
15	0	0	0	0	511	487	0	
0	0	0	0	0	519	481	0	
1	0	0	0	0	526	477	0	
2	0	0	0	0	531	480	0	
3	0	0	0	0	534	485	0	
4	0	0	0	0	539	490	0	
5	0	0	0	0	536	492	0	
6	0	0	0	0	526	484	0	
7	0	0	0	0	512	476	0	
8	0	0	0	0	500	473	0	
9	0	0	0	0	492	472	0	
10	0	0	0	0	487	473	0	
11	0	0	0	0	483	478	0	
12	0	0	0	0	487	483	0	
13	0	0	0	0	498	488	0	
14	0	0	0	0	513	487	0	
15	0	0	0	0	531	483	0	
0	0	0	0	0	545	481	0	
1	0	0	0	0	551	478	0	
2	0	0	0	0	548	474	0	
3	0	0	0	0	537	468	0	
4	0	0	0	0	521	476	0	
5	0	0	0	0	508	486	0	
6	0	0	0	0	496	494	0	
7	0	0	0	0	486	504	0	
8	0	0	0	0	472	511	0	
9	0	0	0	0	460	517	0	
10	0	0	0	0	453	524	0	
11	0	0	0	0	449	524	0	
12	0	0	0	0	452	521	0	
13	0	0	0	0	457	523	0	
14	0	0	0	0	465	526	0	
15	0	0	0	0	471	527	0	
0	0	0	0	0	481	529	0	
1	0	0	0	0	491	530	0	
2	0	0	0	0	500	527	0	
3	0	0	0	0	507	526	1	
4	0	0	0	0	511	523	0	
5	0	0	0	0	509	518	0	
6	0	0	0	0	504	516	0	
7	0	0	0	0	502	517	0	
8	0	0	0	0	499	522	0	
9	0	0	0	0	495	523	0	
10	0	0	0	0	493	520	0	
11	0	0	0	0	489	521	0	
12	0	0	0	0	487	524	0	
13	0	0	0	0	487	527	0	
14	0	0	0	0	488	536	0	
15	0	0	0	0	490	547	0	
0	0	0	0	0	495	558	1	
1	0	0	0	0	496	563	1	
2	0	0	0	0	497	554	1	
3	0	0	0	0	499	539	0	
4	0	0	0	0	497	522	0	
5	0	0	0	0	500	511	0	
6	0	0	0	0	505	505	0	
7	0	0	0	0	509	498	0	
8	0	0	0	0	507	490	0	
9	0	0	0	0	507	487	0	
10	0	0	0	0	508	487	0	
11	0	0	0	0	512	491	0	
12	0	0	0	0	511	503	0	
13	0	0	0	0	510	518	0	
14	0	0	0	0	512	524	0	
15	0	0	0	0	516	515	0	
0	0	0	0	0	526	504	0	
1	0	0	0	0	540	495	0	
2	0	0	0	0	553	489	0	
3	0	0	0	0	563	484	0	
4	0	0	0	0	567	481	0	
5	0	0	0	0	563	480	0	
6	0	0	0	0	559	478	0	
7	0	0	0	0	548	479	0	
8	0	0	0	0	539	478	0	
9	0	0	0	0	530	475	0	
10	0	0	0	0	522	473	0	
11	0	0	0	0	511	471	0	
12	0	0	0	0	504	474	0	
13	0	0	0	0	501	481	0	
14	0	0	0	0	499	487	0	
15	0	0	0	0	496	496	0	
0	0	0	0	0	491	510	0	
1	0	0	0	0	482	523	0	
2	0	0	0	0	479	534	0	
3	0	0	0	0	489	537	0	
4	0	0	0	0	504	532	0	
5	0	0	0	0	516	522	0	
6	0	0	0	0	521	514	0	
7	0	0	0	0	520	510	0	
8	0	0	0	0	518	507	0	
9	0	0	0	0	517	513	0	
10	0	0	0	0	513	517	0	
11	0	0	0	0	505	516	0	
12	0	0	0	0	498	515	0	
13	0	0	0	0	487	511	0	
14	0	0	0	0	484	511	0	
15	0	0	0	0	482	510	0	
0	0	0	0	0	478	503	0	
1	0	0	0	0	478	502	0	
2	0	0	0	0	478	500	0	
3	0	0	0	0	479	485	1	
4	0	0	0	0	478	468	0	
5	0	0	0	0	476	459	0	
6	0	0	0	0	477	457	0	
7	0	0	0	0	480	455	0	
8	0	0	0	0	484	453	0	
9	0	0	0	0	486	458	0	
10	0	0	0	0	487	466	0	
11	0	0	0	0	487	473	0	
12	0	0	0	0	496	478	0	
13	0	0	0	0	504	483	0	
14	0	0	0	0	508	486	0	
15	0	0	0	0	509	484	0	
0	0	0	0	0	510	481	0	
1	0	0	0	0	506	473	0	
2	0	0	0	0	497	471	0	
3	0	0	0	0	485	472	0	
4	0	0	0	0	467	479	0	
5	0	0	0	0	456	492	0	
6	0	0	0	0	449	491	0	
7	0	0	0	0	448	483	0	
8	0	0	0	0	450	476	0	
9	0	0	0	0	458	466	0	
10	0	0	0	0	466	461	0	
11	0	0	0	0	472	461	0	
12	0	0	0	0	472	463	0	
13	0	0	0	0	471	460	0	
14	0	0	0	0	468	455	0	
15	0	0	0	0	462	452	0	
0	0	0	0	0	463	455	0	
1	0	0	0	0	462	461	0	
2	0	0	0	0	464	468	0	
3	0	0	0	0	466	463	0	
4	0	0	0	0	468	460	0	
5	0	0	0	0	473	457	0	
6	0	0	0	0	480	454	0	
7	0	0	0	0	491	455	0	
8	0	0	0	0	500	460	0	
9	0	0	0	0	508	466	0	
10	0	0	0	0	511	471	0	
11	0	0	0	0	513	472	0	
12	0	0	0	0	522	472	0	
13	0	0	0	0	524	468	0	
14	0	0	0	0	522	465	0	
15	0	0	0	0	517	464	0	
0	0	0	0	0	512	468	0	
1	0	0	0	0	510	474	0	
2	0	0	0	0	509	479	0	
3	0	0	0	0	511	487	0	
4	0	0	0	0	508	494	0	
5	0	0	0	0	503	505	0	
6	0	0	0	0	496	512	0	
7	0	0	0	0	492	514	0	
8	0	0	0	0	489	510	0	
9	0	0	0	0	487	506	0	
10	0	0	0	0	484	499	0	
11	0	0	0	0	480	493	0	
12	0	0	0	0	480	491	0	
13	0	0	0	0	480	487	0	
14	0	0	0	0	480	484	0	
15	0	0	0	0	486	486	0	
0	0	0	0	0	495	490	0	
1	0	0	0	0	504	493	0	
2	0	0	0	0	513	496	0	
3	0	0	0	0	518	498	0	
4	0	0	0	0	521	503	0	
5	0	0	0	0	524	512	0	
6	0	0	0	0	520	522	0	
7	0	0	0	0	514	524	0	
8	0	0	0	0	511	524	0	
9	0	0	0	0	508	521	0	
10	0	0	0	0	503	515	0	
11	0	0	0	0	502	501	0	
12	0	0	0	0	504	481	0	
13	0	0	0	0	507	466	0	
14	0	0	0	0	513	455	0	
15	0	0	0	0	517	452	0	
0	0	0	0	0	518	452	0	
1	0	0	0	0	517	450	0	
2	0	0	0	0	514	449	0	
3	0	0	0	0	512	449	0	
4	0	0	0	0	508	452	0	
5	0	0	0	0	502	455	0	
6	0	0	0	0	497	459	0	
7	0	0	0	0	494	456	0	
8	0	0	0	0	497	452	0	
9	0	0	0	0	500	449	0	
10	0	0	0	0	500	448	0	
11	0	0	0	0	501	452	0	
12	0	0	0	0	499	453	0	
13	0	0	0	0	501	452	0	
14	0	0	0	0	502	453	0	
15	0	0	0	0	505	457	0	
0	0	0	0	0	508	456	0	
1	0	0	0	0	510	462	0	
2	0	0	0	0	511	467	0	
3	0	0	0	0	514	473	0	
4	0	0	0	0	511	480	0	
5	0	0	0	0	511	484	0	
6	0	0	0	0	512	491	0	
7	0	0	0	0	517	499	0	
8	0	0	0	0	521	510	0	
9	0	0	0	0	519	510	0	
10	0	0	0	0	513	506	0	
11	0	0	0	0	504	502	0	
12	0	0	0	0	499	499	0	
13	0	0	0	0	495	499	0	
14	0	0	0	0	495	497	0	
15	0	0	0	0	496	497	0	
0	0	0	0	0	502	494	0	
1	0	0	0	0	502	498	0	
2	0	0	0	0	501	507	0	
3	0	0	0	0	501	517	0	
4	0	0	0	0	500	522	0	
5	0	0	0	0	500	521	0	
6	0	0	0	0	499	518	0	
7	0	0	0	0	499	508	0	
8	0	0	0	0	501	497	0	
9	0	0	0	0	503	488	0	
10	0	0	0	0	506	482	0	
11	0	0	0	0	512	480	0	
12	0	0	0	0	515	478	0	
13	0	0	0	0	515	481	0	
14	0	0	0	0	513	483	0	
15	0	0	0	0	514	488	0	
0	0	0	0	0	517	497	0	
1	0	0	0	0	511	505	0	
2	0	0	0	0	503	507	0	
3	0	0	0	0	501	499	0	
4	0	0	0	0	501	492	0	
5	0	0	0	0	501	489	0	
6	0	0	0	0	499	491	0	
7	0	0	0	0	499	495	0	
8	0	0	0	0	502	503	0	
9	0	0	0	0	508	512	0	
10	0	0	0	0	515	523	0	
11	0	0	0	0	522	534	1	
12	0	0	0	0	530	530	0	
13	0	0	0	0	537	517	0	
14	0	0	0	0	542	509	0	
15	0	0	0	0	540	496	0	
0	0	0	0	0	531	483	0	
1	0	0	0	0	521	475	0	
2	0	0	0	0	513	465	0	
3	0	0	0	0	517	464	0	
4	0	0	0	0	525	464	0	
5	0	0	0	0	529	463	0	
6	0	0	0	0	527	465	0	
7	0	0	0	0	519	466	0	
8	0	0	0	0	511	470	0	
9	0	0	0	0	502	476	0	
10	0	0	0	0	497	478	0	
11	0	0	0	0	496	478	0	
12	0	0	0	0	490	472	0	
13	0	0	0	0	486	472	0	
14	0	0	0	0	484	478	0	
15	0	0	0	0	484	486	0	
0	0	0	0	0	485	496	0	
1	0	0	0	0	485	506	0	
2	0	0	0	0	488	511	0	
3	0	0	0	0	488	509	0	
4	0	0	0	0	488	510	0	
5	0	0	0	0	491	510	0	
6	0	0	0	0	495	512	0	
7	0	0	0	0	504	511	0	
8	0	0	0	0	504	511	0	
9	0	0	0	0	506	512	0	
10	0	0	0	0	507	511	0	
11	0	0	0	0	511	512	0	
12	0	0	0	0	518	513	0	
13	0	0	0	0	524	513	0	
14	0	0	0	0	525	513	0	
15	0	0	0	0	524	515	0	
0	0	0	0	0	523	515	0	
1	0	0	0	0	522	517	0	
2	0	0	0	0	519	524	0	
3	0	0	0	0	511	528	0	
4	0	0	0	0	507	524	0	
5	0	0	0	0	510	522	0	
6	0	0	0	0	512	525	0	
7	0	0	0	0	516	530	0	
8	0	0	0	0	519	539	1	
9	0	0	0	0	520	548	1	
10	0	0	0	0	519	560	1	
11	0	0	0	0	519	572	1	
12	0	0	0	0	515	580	1	
13	0	0	0	0	510	585	1	
14	0	0	0	0	504	585	1	
15	0	0	0	0	497	569	1	
0	0	0	0	0	494	559	1	
1	0	0	0	0	488	550	1	
2	0	0	0	0	482	542	1	
3	0	0	0	0	478	535	0	
4	0	0	0	0	482	529	0	
5	0	0	0	0	489	528	0	
6	0	0	0	0	498	525	0	
7	0	0	0	0	500	522	0	
8	0	0	0	0	502	522	0	
9	0	0	0	0	504	521	0	
10	0	0	0	0	505	521	0	
11	0	0	0	0	508	524	0	
12	0	0	0	0	504	522	0	
13	0	0	0	0	501	524	0	
14	0	0	0	0	501	529	0	
15	0	0	0	0	502	537	0	
0	0	0	0	0	507	540	0	
1	0	0	0	0	511	541	0	
2	0	0	0	0	513	532	0	
3	0	0	0	0	512	518	0	
4	0	0	0	0	511	507	0	
5	0	0	0	0	511	499	0	
6	0	0	0	0	509	496	0	
7	0	0	0	0	506	497	0	
8	0	0	0	0	504	506	0	
9	0	0	0	0	502	512	0	
10	0	0	0	0	504	517	0	
11	0	0	0	0	508	515	0	
12	0	0	0	0	508	509	0	
13	0	0	0	0	508	505	0	
14	0	0	0	0	511	505	0	
15	0	0	0	0	509	508	0	
0	0	0	0	0	503	511	0	
1	0	0	0	0	504	511	0	
2	0	0	0	0	505	507	0	
3	0	0	0	0	510	510	0	
4	0	0	0	0	512	518	0	
5	0	0	0	0	512	520	0	
6	0	0	0	0	506	520	0	
7	0	0	0	0	499	519	0	
8	0	0	0	0	492	519	0	
9	0	0	0	0	479	520	0	
10	0	0	0	0	471	521	0	
11	0	0	0	0	463	521	0	
12	0	0	0	0	460	516	0	
13	0	0	0	0	461	510	0	
14	0	0	0	0	465	503	0	
15	0	0	0	0	472	493	0	
0	0	0	0	0	477	489	0	
1	0	0	0	0	481	489	0	
2	0	0	0	0	491	502	0	
3	0	0	0	0	504	523	0	
4	0	0	0	0	519	540	1	
5	0	0	0	0	529	542	0	
6	0	0	0	0	532	540	0	
7	0	0	0	0	528	533	0	
8	0	0	0	0	526	520	0	
9	0	0	0	0	527	510	0	
10	0	0	0	0	521	500	0	
11	0	0	0	0	515	493	0	
12	0	0	0	0	514	491	0	
13	0	0	0	0	515	486	0	
14	0	0	0	0	519	487	0	
15	0	0	0	0	522	485	0	
0	0	0	0	0	527	481	0	
1	0	0	0	0	533	484	0	
2	0	0	0	0	538	484	0	
3	0	0	0	0	539	484	0	
4	0	0	0	0	537	491	0	
5	0	0	0	0	534	498	0	
6	0	0	0	0	530	508	0	
7	0	0	0	0	531	509	0	
8	0	0	0	0	534	509	0	
9	0	0	0	0	534	509	0	
10	0	0	0	0	534	508	0	
11	0	0	0	0	528	507	0	
12	0	0	0	0	525	504	0	
13	0	0	0	0	522	504	0	
14	0	0	0	0	518	505	0	
15	0	0	0	0	514	516	0	
0	0	0	0	0	517	530	0	
1	0	0	0	0	515	539	1	
2	0	0	0	0	508	546	0	
3	0	0	0	0	503	541	0	
4	0	0	0	0	501	536	0	
5	0	0	0	0	504	536	0	
6	0	0	0	0	505	538	0	
7	0	0	0	0	511	536	1	
8	0	0	0	0	519	533	0	
9	0	0	0	0	524	533	0	
10	0	0	0	0	528	533	0	
11	0	0	0	0	529	530	0	
12	0	0	0	0	526	529	1	
13	0	0	0	0	511	532	0	
14	0	0	0	0	497	535	0	
15	0	0	0	0	483	527	0	
0	0	0	0	0	470	517	0	
1	0	0	0	0	464	510	0	
2	0	0	0	0	465	507	0	
3	0	0	0	0	474	504	0	
4	0	0	0	0	483	503	0	
5	0	0	0	0	489	504	0	
6	0	0	0	0	491	505	0	
7	0	0	0	0	488	508	0	
8	0	0	0	0	487	510	0	
9	0	0	0	0	484	512	0	
10	0	0	0	0	483	514	0	
11	0	0	0	0	478	521	1	
12	0	0	0	0	469	530	0	
13	0	0	0	0	458	542	0	
14	0	0	0	0	452	541	0	
15	0	0	0	0	455	532	0	
0	0	0	0	0	466	521	1	
1	0	0	0	0	482	519	0	
2	0	0	0	0	491	523	0	
3	0	0	0	0	498	525	0	
4	0	0	0	0	503	528	0	
5	0	0	0	0	505	531	1	
6	0	0	0	0	510	536	0	
7	0	0	0	0	516	538	1	
8	0	0	0	0	513	536	0	
9	0	0	0	0	511	532	0	
10	0	0	0	0	508	526	0	
11	0	0	0	0	507	519	0	
12	0	0	0	0	507	520	0	
13	0	0	0	0	504	525	0	
14	0	0	0	0	505	522	0	
15	0	0	0	0	507	519	0	
0	0	0	0	0	512	520	0	
1	0	0	0	0	516	522	0	
2	0	0	0	0	527	526	0	
3	0	0	0	0	536	534	0	
4	0	0	0	0	540	540	1	
5	0	0	0	0	539	537	0	
6	0	0	0	0	532	528	0	
7	0	0	0	0	527	522	0	
8	0	0	0	0	524	516	0	
9	0	0	0	0	526	516	1	
10	0	0	0	0	526	516	0	
11	0	0	0	0	519	512	0	
12	0	0	0	0	514	512	0	
13	0	0	0	0	512	512	0	
14	0	0	0	0	508	511	0	
15	0	0	0	0	509	508	0	
0	0	0	0	0	508	500	0	
1	0	0	0	0	507	495	0	
2	0	0	0	0	511	491	0	
3	0	0	0	0	516	485	0	
4	0	0	0	0	518	483	0	
5	0	0	0	0	518	485	0	
6	0	0	0	0	521	490	0	
7	0	0	0	0	524	495	0	
8	0	0	0	0	519	495	0	
9	0	0	0	0	510	498	0	
10	0	0	0	0	505	508	0	
11	0	0	0	0	498	521	0	
12	0	0	0	0	493	544	1	
13	0	0	0	0	487	574	1	
14	0	0	0	0	478	598	1	
15	0	0	0	0	473	603	1	
0	0	0	0	0	473	592	1	
1	0	0	0	0	475	579	0	
2	0	0	0	0	477	561	0	
3	0	0	0	0	479	545	0	
4	0	0	0	0	479	539	1	
5	0	0	0	0	480	537	0	
6	0	0	0	0	480	530	0	
7	0	0	0	0	479	523	0	
8	0	0	0	0	479	519	0	
9	0	0	0	0	479	518	0	
10	0	0	0	0	484	518	0	
11	0	0	0	0	487	519	0	
12	0	0	0	0	494	522	1	
13	0	0	0	0	501	526	0	
14	0	0	0	0	508	530	0	
15	0	0	0	0	519	537	0	
0	0	0	0	0	526	540	0	
1	0	0	0	0	529	539	1	
2	0	0	0	0	527	539	0	
3	0	0	0	0	529	536	1	
4	0	0	0	0	532	537	0	
5	0	0	0	0	528	536	1	
6	0	0	0	0	521	533	1	
7	0	0	0	0	517	531	0	
8	0	0	0	0	515	530	0	
9	0	0	0	0	518	532	0	
10	0	0	0	0	523	533	0	
11	0	0	0	0	531	531	0	
12	0	0	0	0	539	526	0	
13	0	0	0	0	550	523	0	
14	0	0	0	0	565	522	0	
15	0	0	0	0	581	520	0	
0	0	0	0	0	593	519	0	
1	0	0	0	0	595	519	0	
2	0	0	0	0	590	520	0	
3	0	0	0	0	583	515	0	
4	0	0	0	0	578	510	0	
5	0	0	0	0	572	508	0	
6	0	0	0	0	561	506	0	
7	0	0	0	0	546	507	0	
8	0	0	0	0	531	511	0	
9	0	0	0	0	521	515	0	
10	0	0	0	0	511	516	0	
11	0	0	0	0	515	515	0	
12	0	0	0	0	522	514	0	
13	0	0	0	0	524	511	0	
14	0	0	0	0	524	510	0	
15	0	0	0	0	524	510	0	
0	0	0	0	0	524	514	0	
1	0	0	0	0	526	520	0	
2	0	0	0	0	526	519	0	
3	0	0	0	0	527	528	0	
4	0	0	0	0	529	536	0	
5	0	0	0	0	533	539	0	
6	0	0	0	0	543	529	0	
7	0	0	0	0	549	512	0	
8	0	0	0	0	552	499	0	
9	0	0	0	0	554	499	0	
10	0	0	0	0	555	498	0	
11	0	0	0	0	553	496	0	
12	0	0	0	0	550	496	0	
13	0	0	0	0	544	499	0	
14	0	0	0	0	539	503	0	
15	0	0	0	0	536	504	0	
0	0	0	0	0	532	507	0	
1	0	0	0	0	528	515	0	
2	0	0	0	0	525	516	0	
3	0	0	0	0	525	515	0	
4	0	0	0	0	527	512	0	
5	0	0	0	0	527	515	0	
6	0	0	0	0	528	517	0	
7	0	0	0	0	531	516	0	
8	0	0	0	0	534	513	0	
9	0	0	0	0	543	511	0	
10	0	0	0	0	550	508	0	
11	0	0	0	0	559	507	0	
12	0	0	0	0	570	508	0	
13	0	0	0	0	578	511	0	
14	0	0	0	0	579	513	0	
15	0	0	0	0	583	513	0	
0	0	0	0	0	583	509	0	
1	0	0	0	0	579	510	0	
2	0	0	0	0	570	512	0	
3	0	0	0	0	559	512	0	
4	0	0	0	0	546	511	0	
5	0	0	0	0	536	511	0	
6	0	0	0	0	530	511	0	
7	0	0	0	0	528	509	0	
8	0	0	0	0	529	502	0	
9	0	0	0	0	531	495	0	
10	0	0	0	0	536	491	0	
11	0	0	0	0	537	492	0	
12	0	0	0	0	535	495	0	
13	0	0	0	0	527	498	0	
14	0	0	0	0	518	500	0	
15	0	0	0	0	511	505	0	
0	0	0	0	0	502	509	0	
1	0	0	0	0	494	512	1	
2	0	0	0	0	491	516	0	
3	0	0	0	0	489	517	0	
4	0	0	0	0	485	519	0	
5	0	0	0	0	483	525	0	
6	0	0	0	0	487	532	1	
7	0	0	0	0	494	537	0	
8	0	0	0	0	504	541	0	
9	0	0	0	0	508	542	1	
10	0	0	0	0	513	548	1	
11	0	0	0	0	519	545	1	
12	0	0	0	0	523	533	0	
13	0	0	0	0	523	522	0	
14	0	0	0	0	521	513	0	
15	0	0	0	0	517	506	0	
0	0	0	0	0	517	508	0	
1	0	0	0	0	516	518	0	
2	0	0	0	0	513	535	0	
3	0	0	0	0	514	546	0	
4	0	0	0	0	513	556	1	
5	0	0	0	0	514	558	1	
6	0	0	0	0	511	561	1	
7	0	0	0	0	507	563	1	
8	0	0	0	0	509	562	1	
9	0	0	0	0	515	556	1	
10	0	0	0	0	519	549	1	
11	0	0	0	0	521	539	0	
12	0	0	0	0	522	528	0	
13	0	0	0	0	527	526	0	
14	0	0	0	0	534	526	0	
15	0	0	0	0	540	531	1	
0	0	0	0	0	547	533	0	
1	0	0	0	0	555	534	0	
2	0	0	0	0	554	535	0	
3	0	0	0	0	547	537	0	
4	0	0	0	0	536	541	1	
5	0	0	0	0	524	545	0	
6	0	0	0	0	510	550	0	
7	0	0	0	0	497	555	1	
8	0	0	0	0	486	550	1	
9	0	0	0	0	480	543	1	
10	0	0	0	0	475	540	0	
11	0	0	0	0	473	536	1	
12	0	0	0	0	479	535	0	
13	0	0	0	0	486	529	0	
14	0	0	0	0	490	520	1	
15	0	0	0	0	487	510	0	
0	0	0	0	0	480	503	0	
1	0	0	0	0	474	501	0	
2	0	0	0	0	471	502	0	
3	0	0	0	0	468	508	0	
4	0	0	0	0	472	515	0	
5	0	0	0	0	478	514	0	
6	0	0	0	0	480	512	0	
7	0	0	0	0	479	513	0	
8	0	0	0	0	474	516	0	
9	0	0	0	0	476	522	1	
10	0	0	0	0	481	523	1	
11	0	0	0	0	485	529	0	
12	0	0	0	0	484	536	1	
13	0	0	0	0	484	536	0	
14	0	0	0	0	487	538	0	
15	0	0	0	0	488	539	0	
0	0	0	0	0	493	545	0	
1	0	0	0	0	500	550	1	
2	0	0	0	0	509	553	1	
3	0	0	0	0	513	552	1	
4	0	0	0	0	516	549	1	
5	0	0	0	0	522	547	0	
6	0	0	0	0	528	546	1	
7	0	0	0	0	533	547	0	
8	0	0	0	0	538	556	1	
9	0	0	0	0	544	565	1	
10	0	0	0	0	547	564	1	
11	0	0	0	0	545	562	0	
12	0	0	0	0	544	559	1	
13	0	0	0	0	540	554	1	
14	0	0	0	0	533	548	0	
15	0	0	0	0	528	542	0	
0	0	0	0	0	527	537	0	
1	0	0	0	0	529	536	1	
2	0	0	0	0	524	540	0	
3	0	0	0	0	519	549	1	
4	0	0	0	0	515	555	1	
5	0	0	0	0	508	560	1	
6	0	0	0	0	504	566	1	
7	0	0	0	0	499	570	1	
8	0	0	0	0	492	573	1	
9	0	0	0	0	485	577	1	
10	0	0	0	0	480	578	1	
11	0	0	0	0	476	577	1	
12	0	0	0	0	477	572	1	
13	0	0	0	0	481	565	1	
14	0	0	0	0	482	551	1	
15	0	0	0	0	489	541	0	
0	0	0	0	0	500	536	0	
1	0	0	0	0	509	536	0	
2	0	0	0	0	512	535	1	
3	0	0	0	0	514	537	0	
4	0	0	0	0	517	535	0	
5	0	0	0	0	518	532	1	
6	0	0	0	0	522	527	0	
7	0	0	0	0	526	521	0	
8	0	0	0	0	525	513	0	
9	0	0	0	0	520	507	0	
10	0	0	0	0	511	506	0	
11	0	0	0	0	508	510	0	
12	0	0	0	0	505	519	0	
13	0	0	0	0	504	527	0	
14	0	0	0	0	511	525	0	
15	0	0	0	0	515	523	1	
0	0	0	0	0	516	518	0	
1	0	0	0	0	515	512	0	
2	0	0	0	0	522	510	0	
3	0	0	0	0	527	504	0	
4	0	0	0	0	529	499	1	
5	0	0	0	0	528	504	0	
6	0	0	0	0	529	508	0	
7	0	0	0	0	534	510	0	
8	0	0	0	0	539	516	0	
9	0	0	0	0	543	527	0	
10	0	0	0	0	545	536	0	
11	0	0	0	0	547	534	0	
12	0	0	0	0	545	521	0	
13	0	0	0	0	540	510	0	
14	0	0	0	0	533	504	0	
15	0	0	0	0	529	504	0	
0	0	0	0	0	529	509	0	
1	0	0	0	0	533	510	0	
2	0	0	0	0	543	515	0	
3	0	0	0	0	553	515	0	
4	0	0	0	0	553	511	0	
5	0	0	0	0	551	505	0	
6	0	0	0	0	543	495	0	
7	0	0	0	0	532	487	0	
8	0	0	0	0	524	480	0	
9	0	0	0	0	514	474	0	
10	0	0	0	0	509	472	0	
11	0	0	0	0	508	467	0	
12	0	0	0	0	509	469	0	
13	0	0	0	0	512	480	0	
14	0	0	0	0	515	492	0	
15	0	0	0	0	519	503	0	
0	0	0	0	0	520	513	0	
1	0	0	0	0	516	519	0	
2	0	0	0	0	517	513	0	
3	0	0	0	0	518	511	0	
4	0	0	0	0	518	510	0	
5	0	0	0	0	513	508	0	
6	0	0	0	0	511	505	0	
7	0	0	0	0	509	504	1	
8	0	0	0	0	503	507	0	
9	0	0	0	0	495	511	0	
10	0	0	0	0	496	513	0	
11	0	0	0	0	501	517	0	
12	0	0	0	0	507	523	0	
13	0	0	0	0	510	524	0	
14	0	0	0	0	511	521	0	
15	0	0	0	0	511	516	0	
0	0	0	0	0	514	508	0	
1	0	0	0	0	515	504	0	
2	0	0	0	0	517	503	0	
3	0	0	0	0	518	502	0	
4	0	0	0	0	520	505	0	
5	0	0	0	0	518	505	0	
6	0	0	0	0	512	508	0	
7	0	0	0	0	502	510	0	
8	0	0	0	0	491	511	0	
9	0	0	0	0	486	512	0	
10	0	0	0	0	491	515	0	
11	0	0	0	0	495	515	0	
12	0	0	0	0	492	516	0	
13	0	0	0	0	490	515	0	
14	0	0	0	0	488	515	0	
15	0	0	0	0	484	518	0	
0	0	0	0	0	479	530	0	
1	0	0	0	0	472	545	0	
2	0	0	0	0	472	563	1	
3	0	0	0	0	473	574	1	
4	0	0	0	0	478	567	1	
5	0	0	0	0	480	555	0	
6	0	0	0	0	478	546	1	
7	0	0	0	0	479	535	0	
8	0	0	0	0	481	523	0	
9	0	0	0	0	481	507	0	
10	0	0	0	0	480	492	0	
11	0	0	0	0	476	483	0	
12	0	0	0	0	473	477	0	
13	0	0	0	0	473	472	0	
14	0	0	0	0	479	467	0	
15	0	0	0	0	486	467	0	
0	0	0	0	0	490	470	0	
1	0	0	0	0	499	472	0	
2	0	0	0	0	506	478	0	
3	0	0	0	0	511	481	0	
4	0	0	0	0	518	483	0	
5	0	0	0	0	525	482	0	
6	0	0	0	0	522	484	0	
7	0	0	0	0	518	485	0	
8	0	0	0	0	513	484	0	
9	0	0	0	0	510	483	0	
10	0	0	0	0	506	482	0	
11	0	0	0	0	504	481	0	
12	0	0	0	0	504	486	0	
13	0	0	0	0	505	494	0	
14	0	0	0	0	503	504	0	
15	0	0	0	0	502	517	0	
0	0	0	0	0	499	531	0	
1	0	0	0	0	495	542	1	
2	0	0	0	0	490	542	0	
3	0	0	0	0	493	537	0	
4	0	0	0	0	497	532	0	
5	0	0	0	0	501	531	0	
6	0	0	0	0	500	522	0	
7	0	0	0	0	493	509	0	
8	0	0	0	0	483	500	0	
9	0	0	0	0	476	499	0	
10	0	0	0	0	472	503	0	
11	0	0	0	0	472	507	0	
12	0	0	0	0	476	510	0	
13	0	0	0	0	481	513	1	
14	0	0	0	0	480	516	0	
15	0	0	0	0	476	519	0	
0	0	0	0	0	472	520	0	
1	0	0	0	0	475	521	0	
2	0	0	0	0	484	521	1	
3	0	0	0	0	499	518	0	
4	0	0	0	0	514	519	0	
5	0	0	0	0	531	526	0	
6	0	0	0	0	543	536	0	
7	0	0	0	0	552	543	1	
8	0	0	0	0	555	543	0	
9	0	0	0	0	556	537	0	
10	0	0	0	0	557	533	0	
11	0	0	0	0	555	529	0	
12	0	0	0	0	545	524	1	
13	0	0	0	0	533	519	0	
14	0	0	0	0	522	513	0	
15	0	0	0	0	511	506	0	
0	0	0	0	0	504	500	0	
1	0	0	0	0	499	496	0	
2	0	0	0	0	498	493	0	
3	0	0	0	0	495	489	0	
4	0	0	0	0	494	492	0	
5	0	0	0	0	487	496	0	
6	0	0	0	0	478	502	0	
7	0	0	0	0	472	505	0	
8	0	0	0	0	470	515	0	
9	0	0	0	0	472	524	0	
10	0	0	0	0	477	536	0	
11	0	0	0	0	477	550	1	
12	0	0	0	0	472	553	1	
13	0	0	0	0	466	548	1	
14	0	0	0	0	459	538	0	
15	0	0	0	0	455	530	0	
0	0	0	0	0	458	519	0	
1	0	0	0	0	459	509	0	
2	0	0	0	0	460	503	0	
3	0	0	0	0	463	499	0	
4	0	0	0	0	467	499	0	
5	0	0	0	0	470	502	0	
6	0	0	0	0	470	510	0	
7	0	0	0	0	469	518	0	
8	0	0	0	0	470	523	0	
9	0	0	0	0	473	530	0	
10	0	0	0	0	475	541	1	
11	0	0	0	0	471	547	0	
12	0	0	0	0	466	544	1	
13	0	0	0	0	465	538	0	
14	0	0	0	0	463	526	0	
15	0	0	0	0	464	515	1	
0	0	0	0	0	463	506	0	
1	0	0	0	0	463	504	0	
2	0	0	0	0	463	505	0	
3	0	0	0	0	462	513	0	
4	0	0	0	0	465	523	0	
5	0	0	0	0	467	532	0	
6	0	0	0	0	475	536	0	
7	0	0	0	0	480	534	0	
8	0	0	0	0	478	533	0	
9	0	0	0	0	479	536	1	
10	0	0	0	0	481	542	0	
11	0	0	0	0	491	559	1	
12	0	0	0	0	496	578	1	
13	0	0	0	0	495	582	1	
14	0	0	0	0	496	574	1	
15	0	0	0	0	491	564	1	
0	0	0	0	0	484	558	1	
1	0	0	0	0	480	554	1	
2	0	0	0	0	481	546	1	
3	0	0	0	0	485	530	1	
4	0	0	0	0	491	513	0	
5	0	0	0	0	497	500	0	
6	0	0	0	0	506	489	0	
7	0	0	0	0	519	482	0	
8	0	0	0	0	531	477	0	
9	0	0	0	0	543	479	0	
10	0	0	0	0	551	481	0	
11	0	0	0	0	560	483	0	
12	0	0	0	0	564	490	0	
13	0	0	0	0	566	496	1	
14	0	0	0	0	563	503	0	
15	0	0	0	0	560	505	0	
0	0	0	0	0	555	504	0	
1	0	0	0	0	543	500	0	
2	0	0	0	0	531	494	0	
3	0	0	0	0	521	488	0	
4	0	0	0	0	513	482	0	
5	0	0	0	0	512	489	0	
6	0	0	0	0	511	497	0	
7	0	0	0	0	512	507	0	
8	0	0	0	0	514	515	0	
9	0	0	0	0	517	520	0	
10	0	0	0	0	522	526	0	
11	0	0	0	0	527	531	0	
12	0	0	0	0	527	537	1	
13	0	0	0	0	527	534	0	
14	0	0	0	0	528	532	0	
15	0	0	0	0	531	539	0	
0	0	0	0	0	536	546	1	
1	0	0	0	0	538	548	1	
2	0	0	0	0	539	539	0	
3	0	0	0	0	539	521	0	
4	0	0	0	0	542	504	0	
5	0	0	0	0	543	492	0	
6	0	0	0	0	544	484	0	
7	0	0	0	0	551	480	0	
8	0	0	0	0	551	484	0	
9	0	0	0	0	545	491	0	
10	0	0	0	0	546	495	0	
11	0	0	0	0	553	500	1	
12	0	0	0	0	559	501	0	
13	0	0	0	0	562	507	0	
14	0	0	0	0	564	519	0	
15	0	0	0	0	561	534	0	
0	0	0	0	0	552	545	0	
1	0	0	0	0	546	547	1	
2	0	0	0	0	533	544	0	
3	0	0	0	0	524	540	0	
4	0	0	0	0	514	539	0	
5	0	0	0	0	510	535	1	
6	0	0	0	0	510	532	0	
7	0	0	0	0	514	528	0	
8	0	0	0	0	520	529	0	
9	0	0	0	0	527	535	0	
10	0	0	0	0	534	540	1	
11	0	0	0	0	538	542	0	
12	0	0	0	0	540	539	1	
13	0	0	0	0	542	536	0	
14	0	0	0	0	542	532	0	
15	0	0	0	0	537	528	1	
0	0	0	0	0	528	527	0	
1	0	0	0	0	519	525	0	
2	0	0	0	0	513	527	0	
3	0	0	0	0	513	529	0	
4	0	0	0	0	510	527	1	
5	0	0	0	0	504	519	0	
6	0	0	0	0	501	502	0	
7	0	0	0	0	501	485	0	
8	0	0	0	0	503	474	0	
9	0	0	0	0	510	474	0	
10	0	0	0	0	520	480	0	
11	0	0	0	0	535	487	0	
12	0	0	0	0	544	496	0	
13	0	0	0	0	547	496	0	
14	0	0	0	0	545	495	0	
15	0	0	0	0	542	493	0	
0	0	0	0	0	539	497	0	
1	0	0	0	0	541	499	0	
2	0	0	0	0	545	498	0	
3	0	0	0	0	547	499	0	
4	0	0	0	0	548	500	0	
5	0	0	0	0	544	503	0	
6	0	0	0	0	542	506	0	
7	0	0	0	0	535	508	0	
8	0	0	0	0	527	508	0	
9	0	0	0	0	523	502	0	
10	0	0	0	0	519	495	0	
11	0	0	0	0	523	495	0	
12	0	0	0	0	530	497	0	
13	0	0	0	0	544	500	0	
14	0	0	0	0	561	504	0	
15	0	0	0	0	567	504	0	
0	0	0	0	0	564	503	0	
1	0	0	0	0	558	503	0	
2	0	0	0	0	547	499	1	
3	0	0	0	0	536	497	0	
4	0	0	0	0	529	501	0	
5	0	0	0	0	522	509	0	
6	0	0	0	0	518	513	0	
7	0	0	0	0	511	517	0	
8	0	0	0	0	504	519	0	
9	0	0	0	0	503	518	0	
10	0	0	0	0	496	512	0	
11	0	0	0	0	490	509	0	
12	0	0	0	0	493	506	0	
13	0	0	0	0	494	504	0	
14	0	0	0	0	492	502	0	
15	0	0	0	0	493	504	0	
0	0	0	0	0	498	509	0	
1	0	0	0	0	507	514	0	
2	0	0	0	0	513	520	0	
3	0	0	0	0	520	526	0	
4	0	0	0	0	528	531	0	
5	0	0	0	0	536	534	0	
6	0	0	0	0	542	535	1	
7	0	0	0	0	546	532	0	
8	0	0	0	0	550	530	0	
9	0	0	0	0	546	530	0	
10	0	0	0	0	542	530	0	
11	0	0	0	0	536	527	0	
12	0	0	0	0	528	515	0	
13	0	0	0	0	522	498	0	
14	0	0	0	0	521	486	0	
15	0	0	0	0	519	475	0	
0	0	0	0	0	523	481	0	
1	0	0	0	0	526	489	0	
2	0	0	0	0	529	497	0	
3	0	0	0	0	536	504	0	
4	0	0	0	0	543	510	0	
5	0	0	0	0	545	515	0	
6	0	0	0	0	540	515	0	
7	0	0	0	0	529	515	0	
8	0	0	0	0	520	519	0	
9	0	0	0	0	514	525	0	
10	0	0	0	0	512	529	0	
11	0	0	0	0	512	529	0	
12	0	0	0	0	513	526	0	
13	0	0	0	0	520	527	0	
14	0	0	0	0	525	533	0	
15	0	0	0	0	529	532	1	
0	0	0	0	0	536	528	0	
1	0	0	0	0	546	519	0	
2	0	0	0	0	556	514	0	
3	0	0	0	0	564	508	0	
4	0	0	0	0	568	504	1	
5	0	0	0	0	564	503	0	
6	0	0	0	0	563	501	0	
7	0	0	0	0	566	500	0	
8	0	0	0	0	568	504	0	
9	0	0	0	0	569	509	0	
10	0	0	0	0	572	514	0	
11	0	0	0	0	569	519	0	
12	0	0	0	0	568	521	0	
13	0	0	0	0	568	523	0	
14	0	0	0	0	572	520	1	
15	0	0	0	0	574	516	0	
0	0	0	0	0	574	513	0	
1	0	0	0	0	573	511	0	
2	0	0	0	0	572	507	0	
3	0	0	0	0	572	493	0	
4	0	0	0	0	563	479	0	
5	0	0	0	0	553	468	0	
6	0	0	0	0	547	460	0	
7	0	0	0	0	540	456	0	
8	0	0	0	0	533	452	0	
9	0	0	0	0	523	447	0	
10	0	0	0	0	513	447	0	
11	0	0	0	0	515	446	0	
12	0	0	0	0	524	448	0	
13	0	0	0	0	534	454	0	
14	0	0	0	0	535	461	0	
15	0	0	0	0	532	469	0	
0	0	0	0	0	530	487	0	
1	0	0	0	0	531	504	0	
2	0	0	0	0	537	518	0	
3	0	0	0	0	547	527	0	
4	0	0	0	0	554	530	0	
5	0	0	0	0	561	527	0	
6	0	0	0	0	567	523	0	
7	0	0	0	0	573	516	1	
8	0	0	0	0	579	508	0	
9	0	0	0	0	585	501	0	
10	0	0	0	0	589	500	0	
11	0	0	0	0	590	499	0	
12	0	0	0	0	591	501	1	
13	0	0	0	0	585	509	0	
14	0	0	0	0	579	513	0	
15	0	0	0	0	576	511	0	
0	0	0	0	0	572	510	0	
1	0	0	0	0	563	507	1	
2	0	0	0	0	556	502	0	
3	0	0	0	0	554	502	0	
4	0	0	0	0	548	502	0	
5	0	0	0	0	546	506	0	
6	0	0	0	0	544	511	0	
7	0	0	0	0	544	508	0	
8	0	0	0	0	541	507	0	
9	0	0	0	0	539	503	0	
10	0	0	0	0	540	503	0	
11	0	0	0	0	541	508	0	
12	0	0	0	0	540	511	0	
13	0	0	0	0	539	503	0	
14	0	0	0	0	536	497	0	
15	0	0	0	0	532	499	0	
0	0	0	0	0	529	504	0	
1	0	0	0	0	527	511	0	
2	0	0	0	0	524	519	0	
3	0	0	0	0	527	527	0	
4	0	0	0	0	525	535	0	
5	0	0	0	0	521	542	1	
6	0	0	0	0	515	551	1	
7	0	0	0	0	511	557	1	
8	0	0	0	0	513	549	1	
9	0	0	0	0	522	544	0	
10	0	0	0	0	529	543	0	
11	0	0	0	0	528	539	0	
12	0	0	0	0	527	530	0	
13	0	0	0	0	524	525	0	
14	0	0	0	0	517	526	0	
15	0	0	0	0	516	526	1	
0	0	0	0	0	515	524	0	
1	0	0	0	0	514	520	0	
2	0	0	0	0	512	514	0	
3	0	0	0	0	514	511	0	
4	0	0	0	0	515	514	1	
5	0	0	0	0	516	519	0	
6	0	0	0	0	518	528	0	
7	0	0	0	0	516	534	0	
8	0	0	0	0	516	537	0	
9	0	0	0	0	514	537	0	
10	0	0	0	0	509	540	0	
11	0	0	0	0	502	537	1	
12	0	0	0	0	493	536	0	
13	0	0	0	0	488	534	1	
14	0	0	0	0	483	531	0	
15	0	0	0	0	482	532	0	
0	0	0	0	0	484	528	0	
1	0	0	0	0	491	524	0	
2	0	0	0	0	498	515	0	
3	0	0	0	0	508	507	0	
4	0	0	0	0	517	497	0	
5	0	0	0	0	524	484	0	
6	0	0	0	0	531	475	0	
7	0	0	0	0	537	475	0	
8	0	0	0	0	545	481	0	
9	0	0	0	0	551	478	0	
10	0	0	0	0	553	467	0	
11	0	0	0	0	560	457	0	
12	0	0	0	0	559	452	0	
13	0	0	0	0	553	452	0	
14	0	0	0	0	547	453	0	
15	0	0	0	0	539	456	0	
0	0	0	0	0	525	463	0	
1	0	0	0	0	513	467	0	
2	0	0	0	0	502	469	0	
3	0	0	0	0	494	467	0	
4	0	0	0	0	491	466	0	
5	0	0	0	0	486	469	0	
6	0	0	0	0	483	475	0	
7	0	0	0	0	480	478	0	
8	0	0	0	0	482	479	0	
9	0	0	0	0	487	480	0	
10	0	0	0	0	492	479	0	
11	0	0	0	0	495	477	0	
12	0	0	0	0	496	477	0	
13	0	0	0	0	495	482	0	
14	0	0	0	0	494	487	0	
15	0	0	0	0	498	488	0	
0	0	0	0	0	500	479	0	
1	0	0	0	0	499	470	0	
2	0	0	0	0	498	462	0	
3	0	0	0	0	498	461	0	
4	0	0	0	0	496	466	0	
5	0	0	0	0	499	469	0	
6	0	0	0	0	503	462	0	
7	0	0	0	0	504	451	0	
8	0	0	0	0	507	448	0	
9	0	0	0	0	510	447	0	
10	0	0	0	0	517	447	0	
11	0	0	0	0	529	450	0	
12	0	0	0	0	536	458	0	
13	0	0	0	0	536	469	0	
14	0	0	0	0	535	486	0	
15	0	0	0	0	535	507	0	
0	0	0	0	0	535	521	1	
1	0	0	0	0	535	521	0	
2	0	0	0	0	535	519	0	
3	0	0	0	0	535	518	0	
4	0	0	0	0	537	517	0	
5	0	0	0	0	537	517	1	
6	0	0	0	0	537	515	0	
7	0	0	0	0	539	510	0	
8	0	0	0	0	540	506	0	
9	0	0	0	0	539	503	0	
10	0	0	0	0	539	501	1	
11	0	0	0	0	545	506	0	
12	0	0	0	0	554	510	0	
13	0	0	0	0	557	513	0	
14	0	0	0	0	555	513	0	
15	0	0	0	0	551	512	1	
0	0	0	0	0	546	512	0	
1	0	0	0	0	538	513	0	
2	0	0	0	0	532	510	0	
3	0	0	0	0	527	505	0	
4	0	0	0	0	524	500	0	
5	0	0	0	0	523	496	0	
6	0	0	0	0	520	497	0	
7	0	0	0	0	519	496	0	
8	0	0	0	0	521	492	0	
9	0	0	0	0	521	488	1	
10	0	0	0	0	523	483	0	
11	0	0	0	0	529	480	0	
12	0	0	0	0	531	476	0	
13	0	0	0	0	526	471	0	
14	0	0	0	0	522	473	0	
15	0	0	0	0	515	477	0	
0	0	0	0	0	510	483	0	
1	0	0	0	0	500	483	0	
2	0	0	0	0	495	479	0	
3	0	0	0	0	490	478	0	
4	0	0	0	0	483	476	0	
5	0	0	0	0	481	475	0	
6	0	0	0	0	481	476	0	
7	0	0	0	0	484	479	0	
8	0	0	0	0	490	487	0	
9	0	0	0	0	489	499	0	
10	0	0	0	0	485	513	0	
11	0	0	0	0	479	522	0	
12	0	0	0	0	474	527	0	
13	0	0	0	0	473	527	1	
14	0	0	0	0	471	525	0	
15	0	0	0	0	470	528	0	
0	0	0	0	0	470	539	0	
1	0	0	0	0	472	549	1	
2	0	0	0	0	475	555	1	
3	0	0	0	0	480	551	0	
4	0	0	0	0	485	546	0	
5	0	0	0	0	495	550	1	
6	0	0	0	0	502	556	1	
7	0	0	0	0	504	555	0	
8	0	0	0	0	503	549	0	
9	0	0	0	0	501	544	1	
10	0	0	0	0	504	536	0	
11	0	0	0	0	511	527	0	
12	0	0	0	0	517	516	0	
13	0	0	0	0	518	507	0	
14	0	0	0	0	513	500	0	
15	0	0	0	0	507	497	0	
0	0	0	0	0	504	494	0	
1	0	0	0	0	507	496	1	
2	0	0	0	0	510	499	0	
3	0	0	0	0	511	504	0	
4	0	0	0	0	511	512	0	
5	0	0	0	0	507	514	1	
6	0	0	0	0	502	512	0	
7	0	0	0	0	498	512	0	
8	0	0	0	0	495	511	0	
9	0	0	0	0	497	514	0	
10	0	0	0	0	499	519	0	
11	0	0	0	0	501	527	0	
12	0	0	0	0	505	524	0	
13	0	0	0	0	505	519	0	
14	0	0	0	0	506	515	0	
15	0	0	0	0	505	509	1	
0	0	0	0	0	502	505	1	
1	0	0	0	0	500	508	0	
2	0	0	0	0	496	508	0	
3	0	0	0	0	499	507	0	
4	0	0	0	0	502	506	0	
5	0	0	0	0	507	509	0	
6	0	0	0	0	516	513	0	
7	0	0	0	0	526	513	0	
8	0	0	0	0	529	515	0	
9	0	0	0	0	528	516	0	
10	0	0	0	0	522	515	0	
11	0	0	0	0	513	512	0	
12	0	0	0	0	508	514	0	
13	0	0	0	0	499	519	0	
14	0	0	0	0	489	524	0	
15	0	0	0	0	480	532	1	
0	0	0	0	0	474	532	0	
1	0	0	0	0	468	530	0	
2	0	0	0	0	466	527	0	
3	0	0	0	0	465	528	0	
4	0	0	0	0	464	527	1	
5	0	0	0	0	467	526	0	
6	0	0	0	0	472	529	0	
7	0	0	0	0	477	531	0	
8	0	0	0	0	486	535	0	
9	0	0	0	0	492	537	1	
10	0	0	0	0	496	542	0	
11	0	0	0	0	502	546	0	
12	0	0	0	0	505	551	1	
13	0	0	0	0	506	548	1	
14	0	0	0	0	503	538	1	
15	0	0	0	0	499	528	0	
0	0	0	0	0	495	525	0	
1	0	0	0	0	484	524	0	
2	0	0	0	0	472	521	0	
3	0	0	0	0	468	520	1	
4	0	0	0	0	464	520	0	
5	0	0	0	0	463	519	0	
6	0	0	0	0	465	518	0	
7	0	0	0	0	470	521	0	
8	0	0	0	0	476	519	0	
9	0	0	0	0	485	512	0	
10	0	0	0	0	493	511	0	
11	0	0	0	0	499	514	0	
12	0	0	0	0	504	513	0	
13	0	0	0	0	506	509	1	
14	0	0	0	0	505	508	0	
15	0	0	0	0	505	507	0	
0	0	0	0	0	508	508	0	
1	0	0	0	0	510	508	0	
2	0	0	0	0	509	508	1	
3	0	0	0	0	509	509	0	
4	0	0	0	0	510	511	0	
5	0	0	0	0	509	515	0	
6	0	0	0	0	501	520	1	
7	0	0	0	0	491	525	0	
8	0	0	0	0	483	530	0	
9	0	0	0	0	474	520	0	
10	0	0	0	0	467	514	0	
11	0	0	0	0	459	507	1	
12	0	0	0	0	454	504	0	
13	0	0	0	0	454	510	0	
14	0	0	0	0	451	515	1	
15	0	0	0	0	445	520	0	
0	0	0	0	0	440	520	0	
1	0	0	0	0	442	523	0	
2	0	0	0	0	448	523	0	
3	0	0	0	0	455	520	0	
4	0	0	0	0	458	518	0	
5	0	0	0	0	454	508	0	
6	0	0	0	0	454	497	1	
7	0	0	0	0	455	486	0	
8	0	0	0	0	457	484	0	
9	0	0	0	0	462	484	0	
10	0	0	0	0	462	486	0	
11	0	0	0	0	469	488	1	
12	0	0	0	0	476	488	0	
13	0	0	0	0	486	492	0	
14	0	0	0	0	494	491	0	
15	0	0	0	0	502	481	0	
0	0	0	0	0	507	474	0	
1	0	0	0	0	511	470	0	
2	0	0	0	0	509	470	0	
3	0	0	0	0	504	476	0	
4	0	0	0	0	500	487	0	
5	0	0	0	0	496	495	0	
6	0	0	0	0	491	500	0	
7	0	0	0	0	486	504	0	
8	0	0	0	0	481	510	0	
9	0	0	0	0	475	515	0	
10	0	0	0	0	468	524	1	
11	0	0	0	0	466	531	0	
12	0	0	0	0	466	534	0	
13	0	0	0	0	472	539	0	
14	0	0	0	0	475	538	0	
15	0	0	0	0	480	533	0	
0	0	0	0	0	486	525	0	
1	0	0	0	0	493	518	0	
2	0	0	0	0	499	515	0	
3	0	0	0	0	498	516	0	
4	0	0	0	0	494	520	1	
5	0	0	0	0	489	521	0	
6	0	0	0	0	487	523	0	
7	0	0	0	0	489	527	0	
8	0	0	0	0	497	531	0	
9	0	0	0	0	508	536	0	
10	0	0	0	0	518	527	0	
11	0	0	0	0	523	515	0	
12	0	0	0	0	519	504	0	
13	0	0	0	0	518	494	0	
14	0	0	0	0	515	483	0	
15	0	0	0	0	509	475	0	
0	0	0	0	0	502	473	0	
1	0	0	0	0	491	468	0	
2	0	0	0	0	491	461	0	
3	0	0	0	0	494	456	0	
4	0	0	0	0	495	454	0	
5	0	0	0	0	494	456	0	
6	0	0	0	0	495	457	0	
7	0	0	0	0	494	455	0	
8	0	0	0	0	496	463	0	
9	0	0	0	0	502	475	0	
10	0	0	0	0	506	488	0	
11	0	0	0	0	507	500	0	
12	0	0	0	0	507	509	0	
13	0	0	0	0	503	518	1	
14	0	0	0	0	499	525	0	
15	0	0	0	0	499	532	0	
0	0	0	0	0	498	536	0	
1	0	0	0	0	497	540	0	
2	0	0	0	0	499	540	1	
3	0	0	0	0	500	539	0	
4	0	0	0	0	502	530	1	
5	0	0	0	0	502	528	0	
6	0	0	0	0	500	523	0	
7	0	0	0	0	503	513	1	
8	0	0	0	0	508	499	0	
9	0	0	0	0	515	483	0	
10	0	0	0	0	518	472	0	
11	0	0	0	0	518	464	0	
12	0	0	0	0	514	463	0	
13	0	0	0	0	506	467	0	
14	0	0	0	0	503	476	0	
15	0	0	0	0	503	480	0	
0	0	0	0	0	508	481	0	
1	0	0	0	0	509	482	1	
2	0	0	0	0	508	486	0	
3	0	0	0	0	508	498	0	
4	0	0	0	0	508	517	0	
5	0	0	0	0	504	534	0	
6	0	0	0	0	500	545	1	
7	0	0	0	0	502	542	0	
8	0	0	0	0	502	532	0	
9	0	0	0	0	507	527	0	
10	0	0	0	0	510	525	1	
11	0	0	0	0	510	519	1	
12	0	0	0	0	510	515	0	
13	0	0	0	0	508	510	0	
14	0	0	0	0	506	507	0	
15	0	0	0	0	504	507	0	
0	0	0	0	0	501	505	1	
1	0	0	0	0	498	504	0	
2	0	0	0	0	495	504	0	
3	0	0	0	0	491	503	0	
4	0	0	0	0	495	500	0	
5	0	0	0	0	499	498	1	
6	0	0	0	0	499	496	0	
7	0	0	0	0	497	495	0	
8	0	0	0	0	491	496	0	
9	0	0	0	0	489	492	0	
10	0	0	0	0	486	482	0	
11	0	0	0	0	487	473	0	
12	0	0	0	0	491	468	0	
13	0	0	0	0	500	470	0	
14	0	0	0	0	511	476	1	
15	0	0	0	0	515	484	0	
0	0	0	0	0	519	497	0	
1	0	0	0	0	523	512	1	
2	0	0	0	0	529	526	0	
3	0	0	0	0	533	527	1	
4	0	0	0	0	535	519	0	
5	0	0	0	0	535	507	0	
6	0	0	0	0	530	501	0	
7	0	0	0	0	523	504	0	
8	0	0	0	0	513	504	0	
9	0	0	0	0	506	503	0	
10	0	0	0	0	499	502	0	
11	0	0	0	0	492	500	0	
12	0	0	0	0	489	493	0	
13	0	0	0	0	488	484	0	
14	0	0	0	0	490	482	0	
15	0	0	0	0	490	479	0	
0	0	0	0	0	492	483	1	
1	0	0	0	0	490	489	0	
2	0	0	0	0	495	500	0	
3	0	0	0	0	500	508	1	
4	0	0	0	0	503	510	0	
5	0	0	0	0	504	513	0	
6	0	0	0	0	505	519	0	
7	0	0	0	0	511	524	0	
8	0	0	0	0	516	530	0	
9	0	0	0	0	518	530	1	
10	0	0	0	0	518	528	0	
11	0	0	0	0	514	527	0	
12	0	0	0	0	512	524	0	
13	0	0	0	0	507	519	1	
14	0	0	0	0	500	517	0	
15	0	0	0	0	496	524	0	
0	0	0	0	0	495	531	0	
1	0	0	0	0	495	537	0	
2	0	0	0	0	493	541	0	
3	0	0	0	0	486	528	0	
4	0	0	0	0	480	507	0	
5	0	0	0	0	477	492	0	
6	0	0	0	0	472	481	0	
7	0	0	0	0	468	472	0	
8	0	0	0	0	462	465	0	
9	0	0	0	0	458	462	0	
10	0	0	0	0	459	466	0	
11	0	0	0	0	462	472	0	
12	0	0	0	0	472	480	0	
13	0	0	0	0	479	480	0	
14	0	0	0	0	488	478	0	
15	0	0	0	0	496	475	0	
0	0	0	0	0	499	472	0	
1	0	0	0	0	497	474	1	
2	0	0	0	0	497	478	0	
3	0	0	0	0	495	483	0	
4	0	0	0	0	489	478	0	
5	0	0	0	0	487	474	0	
6	0	0	0	0	489	474	0	
7	0	0	0	0	494	478	0	
8	0	0	0	0	504	483	0	
9	0	0	0	0	512	487	0	
10	0	0	0	0	516	494	0	
11	0	0	0	0	523	500	0	
12	0	0	0	0	525	503	0	
13	0	0	0	0	529	506	0	
14	0	0	0	0	534	510	0	
15	0	0	0	0	543	517	0	
0	0	0	0	0	547	523	1	
1	0	0	0	0	549	527	0	
2	0	0	0	0	551	529	0	
3	0	0	0	0	556	537	0	
4	0	0	0	0	561	540	0	
5	0	0	0	0	560	542	1	
6	0	0	0	0	550	540	0	
7	0	0	0	0	543	540	0	
8	0	0	0	0	539	541	0	
9	0	0	0	0	536	533	0	
10	0	0	0	0	531	519	1	
11	0	0	0	0	527	512	0	
12	0	0	0	0	524	505	0	
13	0	0	0	0	525	502	0	
14	0	0	0	0	534	505	0	
15	0	0	0	0	550	514	1	
0	0	0	0	0	560	521	0	
1	0	0	0	0	563	524	0	
2	0	0	0	0	562	529	0	
3	0	0	0	0	558	537	0	
4	0	0	0	0	553	543	1	
5	0	0	0	0	547	536	0	
6	0	0	0	0	545	521	0	
7	0	0	0	0	545	509	0	
8	0	0	0	0	548	498	0	
9	0	0	0	0	541	492	1	
10	0	0	0	0	533	489	0	
11	0	0	0	0	523	489	0	
12	0	0	0	0	515	493	0	
13	0	0	0	0	511	496	0	
14	0	0	0	0	513	497	1	
15	0	0	0	0	510	504	0	
0	0	0	0	0	506	511	1	
1	0	0	0	0	505	512	0	
2	0	0	0	0	505	511	0	
3	0	0	0	0	509	512	0	
4	0	0	0	0	514	514	0	
5	0	0	0	0	521	513	0	
6	0	0	0	0	532	511	0	
7	0	0	0	0	542	511	0	
8	0	0	0	0	550	515	1	
9	0	0	0	0	560	520	0	
10	0	0	0	0	564	524	0	
11	0	0	0	0	563	536	0	
12	0	0	0	0	563	550	1	
13	0	0	0	0	564	553	1	
14	0	0	0	0	566	548	0	
15	0	0	0	0	561	536	0	
0	0	0	0	0	558	524	0	
1	0	0	0	0	557	515	0	
2	0	0	0	0	556	509	1	
3	0	0	0	0	556	505	0	
4	0	0	0	0	556	502	0	
5	0	0	0	0	560	500	0	
6	0	0	0	0	561	501	0	
7	0	0	0	0	559	501	1	
8	0	0	0	0	556	498	0	
9	0	0	0	0	550	492	0	
10	0	0	0	0	546	491	0	
11	0	0	0	0	537	490	0	
12	0	0	0	0	529	489	0	
13	0	0	0	0	523	487	0	
14	0	0	0	0	516	485	0	
15	0	0	0	0	518	488	0	
0	0	0	0	0	524	489	0	
1	0	0	0	0	531	489	1	
2	0	0	0	0	536	489	0	
3	0	0	0	0	538	491	0	
4	0	0	0	0	534	497	0	
5	0	0	0	0	534	499	0	
6	0	0	0	0	537	499	1	
7	0	0	0	0	541	499	0	
8	0	0	0	0	544	500	0	
9	0	0	0	0	550	503	0	
10	0	0	0	0	552	503	0	
11	0	0	0	0	553	506	1	
12	0	0	0	0	549	511	0	
13	0	0	0	0	543	519	0	
14	0	0	0	0	534	536	0	
15	0	0	0	0	531	545	0	
0	0	0	0	0	528	552	1	
1	0	0	0	0	523	553	0	
2	0	0	0	0	519	552	1	
3	0	0	0	0	523	556	1	
4	0	0	0	0	532	556	1	
5	0	0	0	0	539	554	1	
6	0	0	0	0	540	554	1	
7	0	0	0	0	543	561	1	
8	0	0	0	0	546	561	1	
9	0	0	0	0	546	557	1	
10	0	0	0	0	545	552	1	
11	0	0	0	0	545	545	0	
12	0	0	0	0	548	541	0	
13	0	0	0	0	547	532	0	
14	0	0	0	0	547	529	0	
15	0	0	0	0	549	525	0	
0	0	0	0	0	549	514	0	
1	0	0	0	0	547	505	0	
2	0	0	0	0	539	495	0	
3	0	0	0	0	530	489	0	
4	0	0	0	0	527	491	0	
5	0	0	0	0	529	491	0	
6	0	0	0	0	536	493	0	
7	0	0	0	0	541	495	0	
8	0	0	0	0	547	493	0	
9	0	0	0	0	551	493	0	
10	0	0	0	0	553	495	0	
11	0	0	0	0	558	497	0	
12	0	0	0	0	564	498	0	
13	0	0	0	0	568	501	0	
14	0	0	0	0	571	507	1	
15	0	0	0	0	570	515	0	
0	0	0	0	0	566	520	0	
1	0	0	0	0	560	522	0	
2	0	0	0	0	555	521	0	
3	0	0	0	0	555	515	1	
4	0	0	0	0	552	505	0	
5	0	0	0	0	548	493	0	
6	0	0	0	0	547	486	0	
7	0	0	0	0	545	481	0	
8	0	0	0	0	539	476	0	
9	0	0	0	0	527	472	0	
10	0	0	0	0	518	476	0	
11	0	0	0	0	511	483	0	
12	0	0	0	0	511	494	0	
13	0	0	0	0	519	498	1	
14	0	0	0	0	527	498	0	
15	0	0	0	0	533	504	0	
0	0	0	0	0	533	513	0	
1	0	0	0	0	529	518	0	
2	0	0	0	0	527	525	1	
3	0	0	0	0	522	534	0	
4	0	0	0	0	517	547	1	
5	0	0	0	0	512	555	1	
6	0	0	0	0	512	551	1	
7	0	0	0	0	520	547	1	
8	0	0	0	0	531	544	0	
9	0	0	0	0	545	538	0	
10	0	0	0	0	561	528	0	
11	0	0	0	0	575	519	0	
12	0	0	0	0	584	513	1	
13	0	0	0	0	588	507	0	
14	0	0	0	0	582	506	0	
15	0	0	0	0	571	507	0	
0	0	0	0	0	560	509	0	
1	0	0	0	0	550	513	1	
2	0	0	0	0	543	509	0	
3	0	0	0	0	542	507	0	
4	0	0	0	0	542	503	0	
5	0	0	0	0	547	501	0	
6	0	0	0	0	551	504	1	
7	0	0	0	0	551	505	0	
8	0	0	0	0	550	511	0	
9	0	0	0	0	549	516	0	
10	0	0	0	0	545	524	1	
11	0	0	0	0	547	529	1	
12	0	0	0	0	547	535	0	
13	0	0	0	0	549	536	0	
14	0	0	0	0	548	532	0	
15	0	0	0	0	550	524	0	
0	0	0	0	0	551	517	1	
1	0	0	0	0	548	514	0	
2	0	0	0	0	543	512	0	
3	0	0	0	0	542	510	0	
4	0	0	0	0	539	510	0	
5	0	0	0	0	532	511	1	
6	0	0	0	0	526	507	0	
7	0	0	0	0	523	504	0	
8	0	0	0	0	521	503	0	
9	0	0	0	0	522	505	0	
10	0	0	0	0	527	515	1	
11	0	0	0	0	529	521	0	
12	0	0	0	0	529	525	0	
13	0	0	0	0	523	523	0	
14	0	0	0	0	516	524	0	
15	0	0	0	0	508	525	1	
0	0	0	0	0	501	527	0	
1	0	0	0	0	498	528	0	
2	0	0	0	0	496	528	0	
3	0	0	0	0	494	524	0	
4	0	0	0	0	492	520	1	
5	0	0	0	0	492	513	0	
6	0	0	0	0	494	503	0	
7	0	0	0	0	496	499	0	
8	0	0	0	0	502	497	0	
9	0	0	0	0	508	496	0	
10	0	0	0	0	513	500	0	
11	0	0	0	0	515	503	0	
12	0	0	0	0	524	508	0	
13	0	0	0	0	528	499	1	
14	0	0	0	0	531	492	0	
15	0	0	0	0	534	491	0	
0	0	0	0	0	534	489	0	
1	0	0	0	0	537	492	0	
2	0	0	0	0	534	504	0	
3	0	0	0	0	529	509	0	
4	0	0	0	0	528	504	0	
5	0	0	0	0	529	495	0	
6	0	0	0	0	533	489	0	
7	0	0	0	0	536	479	0	
8	0	0	0	0	536	476	0	
9	0	0	0	0	536	472	0	
10	0	0	0	0	539	466	0	
11	0	0	0	0	540	464	0	
12	0	0	0	0	539	459	0	
13	0	0	0	0	539	455	0	
14	0	0	0	0	539	457	0	
15	0	0	0	0	539	457	0	
0	0	0	0	0	544	463	0	
1	0	0	0	0	551	468	0	
2	0	0	0	0	552	473	1	
3	0	0	0	0	548	480	0	
4	0	0	0	0	544	482	0	
5	0	0	0	0	539	485	0	
6	0	0	0	0	539	492	0	
7	0	0	0	0	542	498	0	
8	0	0	0	0	542	504	0	
9	0	0	0	0	541	511	0	
10	0	0	0	0	537	515	0	
11	0	0	0	0	531	518	1	
12	0	0	0	0	526	516	0	
13	0	0	0	0	520	512	0	
14	0	0	0	0	508	510	0	
15	0	0	0	0	496	507	0	
0	0	0	0	0	493	496	0	
1	0	0	0	0	494	491	1	
2	0	0	0	0	499	496	0	
3	0	0	0	0	507	504	0	
4	0	0	0	0	514	504	0	
5	0	0	0	0	524	500	0	
6	0	0	0	0	536	495	0	
7	0	0	0	0	545	490	0	
8	0	0	0	0	556	487	0	
9	0	0	0	0	563	494	0	
10	0	0	0	0	568	499	0	
11	0	0	0	0	570	499	1	
12	0	0	0	0	567	500	0	
13	0	0	0	0	556	501	0	
14	0	0	0	0	545	498	0	
15	0	0	0	0	534	492	0	
0	0	0	0	0	531	487	0	
1	0	0	0	0	531	484	0	
2	0	0	0	0	533	484	0	
3	0	0	0	0	537	486	0	
4	0	0	0	0	535	493	0	
5	0	0	0	0	525	497	1	
6	0	0	0	0	517	499	0	
7	0	0	0	0	509	494	0	
8	0	0	0	0	500	487	0	
9	0	0	0	0	488	480	0	
10	0	0	0	0	482	476	1	
11	0	0	0	0	480	470	0	
12	0	0	0	0	481	468	0	
13	0	0	0	0	483	468	0	
14	0	0	0	0	491	469	0	
15	0	0	0	0	501	474	1	
0	0	0	0	0	507	478	0	
1	0	0	0	0	512	481	0	
2	0	0	0	0	518	487	0	
3	0	0	0	0	527	494	0	
4	0	0	0	0	532	496	1	
5	0	0	0	0	525	499	0	
6	0	0	0	0	515	497	0	
7	0	0	0	0	515	497	0	
8	0	0	0	0	517	499	1	
9	0	0	0	0	523	502	1	
10	0	0	0	0	530	504	0	
11	0	0	0	0	534	502	0	
12	0	0	0	0	539	502	0	
13	0	0	0	0	538	505	0	
14	0	0	0	0	534	512	1	
15	0	0	0	0	527	518	0	
0	0	0	0	0	520	512	0	
1	0	0	0	0	511	505	0	
2	0	0	0	0	504	497	0	
3	0	0	0	0	498	494	1	
4	0	0	0	0	494	491	0	
5	0	0	0	0	486	486	0	
6	0	0	0	0	481	483	0	
7	0	0	0	0	480	478	0	
8	0	0	0	0	481	474	0	
9	0	0	0	0	483	469	0	
10	0	0	0	0	481	466	0	
11	0	0	0	0	474	468	0	
12	0	0	0	0	466	473	0	
13	0	0	0	0	461	476	1	
14	0	0	0	0	462	480	0	
15	0	0	0	0	461	486	0	
0	0	0	0	0	463	496	0	
1	0	0	0	0	469	498	0	
2	0	0	0	0	473	498	1	
3	0	0	0	0	478	494	0	
4	0	0	0	0	481	489	0	
5	0	0	0	0	482	486	0	
6	0	0	0	0	480	482	0	
7	0	0	0	0	480	479	1	
8	0	0	0	0	480	475	0	
9	0	0	0	0	483	476	0	
10	0	0	0	0	486	476	0	
11	0	0	0	0	490	481	0	
12	0	0	0	0	494	490	0	
13	0	0	0	0	494	498	0	
14	0	0	0	0	492	513	0	
15	0	0	0	0	487	531	0	
0	0	0	0	0	482	551	1	
1	0	0	0	0	480	571	1	
2	0	0	0	0	476	577	1	
3	0	0	0	0	478	569	1	
4	0	0	0	0	478	553	1	
5	0	0	0	0	482	532	0	
6	0	0	0	0	487	517	0	
7	0	0	0	0	489	504	0	
8	0	0	0	0	493	502	0	
9	0	0	0	0	493	502	0	
10	0	0	0	0	500	504	0	
11	0	0	0	0	512	506	0	
12	0	0	0	0	518	508	0	
13	0	0	0	0	518	516	0	
14	0	0	0	0	519	519	0	
15	0	0	0	0	519	520	0	
0	0	0	0	0	513	522	1	
1	0	0	0	0	509	524	0	
2	0	0	0	0	506	527	0	
3	0	0	0	0	503	531	0	
4	0	0	0	0	502	539	0	
5	0	0	0	0	504	541	0	
6	0	0	0	0	503	539	0	
7	0	0	0	0	496	539	0	
8	0	0	0	0	490	539	0	
9	0	0	0	0	487	538	0	
10	0	0	0	0	487	532	1	
11	0	0	0	0	488	528	0	
12	0	0	0	0	487	527	1	
13	0	0	0	0	491	526	0	
14	0	0	0	0	497	528	0	
15	0	0	0	0	505	534	0	
0	0	0	0	0	512	541	0	
1	0	0	0	0	518	544	1	
2	0	0	0	0	529	543	0	
3	0	0	0	0	541	548	0	
4	0	0	0	0	546	547	1	
5	0	0	0	0	546	541	1	
6	0	0	0	0	537	538	0	
7	0	0	0	0	527	538	0	
8	0	0	0	0	517	539	0	
9	0	0	0	0	513	543	0	
10	0	0	0	0	512	547	0	
11	0	0	0	0	510	543	0	
12	0	0	0	0	509	534	0	
13	0	0	0	0	508	526	0	
14	0	0	0	0	505	519	0	
15	0	0	0	0	504	515	0	
0	0	0	0	0	504	517	0	
1	0	0	0	0	503	523	0	
2	0	0	0	0	504	527	0	
3	0	0	0	0	510	525	0	
4	0	0	0	0	515	516	0	
5	0	0	0	0	521	508	0	
6	0	0	0	0	525	507	0	
7	0	0	0	0	523	509	0	
8	0	0	0	0	521	518	0	
9	0	0	0	0	523	521	0	
10	0	0	0	0	527	519	0	
11	0	0	0	0	531	515	0	
12	0	0	0	0	537	510	0	
13	0	0	0	0	543	508	1	
14	0	0	0	0	546	510	0	
15	0	0	0	0	554	512	0	
0	0	0	0	0	562	512	0	
1	0	0	0	0	563	515	0	
2	0	0	0	0	561	522	1	
3	0	0	0	0	557	531	0	
4	0	0	0	0	554	537	0	
5	0	0	0	0	549	536	0	
6	0	0	0	0	542	529	0	
7	0	0	0	0	536	518	1	
8	0	0	0	0	531	507	0	
9	0	0	0	0	526	499	0	
10	0	0	0	0	524	495	0	
11	0	0	0	0	525	493	0	
12	0	0	0	0	529	496	1	
13	0	0	0	0	530	496	0	
14	0	0	0	0	535	496	0	
15	0	0	0	0	545	501	0	
0	0	0	0	0	556	504	0	
1	0	0	0	0	562	506	1	
2	0	0	0	0	564	509	0	
3	0	0	0	0	565	513	0	
4	0	0	0	0	561	518	0	
5	0	0	0	0	556	523	0	
6	0	0	0	0	551	529	1	
7	0	0	0	0	551	530	0	
8	0	0	0	0	553	521	0	
9	0	0	0	0	550	513	0	
10	0	0	0	0	543	511	0	
11	0	0	0	0	534	508	1	
12	0	0	0	0	521	504	0	
13	0	0	0	0	513	500	0	
14	0	0	0	0	502	490	0	
15	0	0	0	0	494	479	0	
0	0	0	0	0	492	468	1	
1	0	0	0	0	494	462	0	
2	0	0	0	0	503	461	0	
3	0	0	0	0	509	467	0	
4	0	0	0	0	510	474	0	
5	0	0	0	0	511	477	1	
6	0	0	0	0	510	480	0	
7	0	0	0	0	506	481	0	
8	0	0	0	0	501	488	0	
9	0	0	0	0	503	494	0	
10	0	0	0	0	504	501	1	
11	0	0	0	0	504	513	0	
12	0	0	0	0	504	520	0	
13	0	0	0	0	503	512	0	
14	0	0	0	0	496	497	0	
15	0	0	0	0	487	487	1	
0	0	0	0	0	483	483	0	
1	0	0	0	0	491	483	0	
2	0	0	0	0	506	487	0	
3	0	0	0	0	524	495	0	
4	0	0	0	0	537	500	1	
5	0	0	0	0	542	508	0	
6	0	0	0	0	538	515	0	
7	0	0	0	0	532	521	0	
8	0	0	0	0	529	524	0	
9	0	0	0	0	529	522	1	
10	0	0	0	0	524	518	0	
11	0	0	0	0	516	516	0	
12	0	0	0	0	511	516	0	
13	0	0	0	0	511	520	0	
14	0	0	0	0	514	526	1	
15	0	0	0	0	515	531	0	
0	0	0	0	0	516	533	0	
1	0	0	0	0	516	532	0	
2	0	0	0	0	520	528	0	
3	0	0	0	0	523	525	1	
4	0	0	0	0	525	528	0	
5	0	0	0	0	526	535	0	
6	0	0	0	0	526	537	0	
7	0	0	0	0	524	539	0	
8	0	0	0	0	524	536	1	
9	0	0	0	0	522	537	0	
10	0	0	0	0	516	540	0	
11	0	0	0	0	515	544	0	
12	0	0	0	0	513	548	1	
13	0	0	0	0	508	547	1	
14	0	0	0	0	507	547	0	
15	0	0	0	0	508	551	1	
0	0	0	0	0	512	549	1	
1	0	0	0	0	520	536	0	
2	0	0	0	0	527	522	1	
3	0	0	0	0	528	513	0	
4	0	0	0	0	530	505	0	
5	0	0	0	0	532	504	0	
6	0	0	0	0	533	505	0	
7	0	0	0	0	530	512	1	
8	0	0	0	0	527	516	0	
9	0	0	0	0	522	516	0	
10	0	0	0	0	517	514	0	
11	0	0	0	0	519	508	0	
12	0	0	0	0	524	497	1	
13	0	0	0	0	526	486	0	
14	0	0	0	0	520	483	0	
15	0	0	0	0	510	483	0	
0	0	0	0	0	504	491	0	
1	0	0	0	0	498	503	0	
2	0	0	0	0	492	505	0	
3	0	0	0	0	494	499	0	
4	0	0	0	0	492	497	0	
5	0	0	0	0	490	497	0	
6	0	0	0	0	491	500	0	
7	0	0	0	0	489	504	0	
8	0	0	0	0	487	511	0	
9	0	0	0	0	483	518	0	
10	0	0	0	0	488	529	0	
11	0	0	0	0	495	540	0	
12	0	0	0	0	499	544	1	
13	0	0	0	0	504	543	1	
14	0	0	0	0	505	540	0	
15	0	0	0	0	512	539	0	
0	0	0	0	0	515	542	1	
1	0	0	0	0	515	541	0	
2	0	0	0	0	516	543	0	
3	0	0	0	0	514	547	1	
4	0	0	0	0	513	551	1	
5	0	0	0	0	508	548	1	
6	0	0	0	0	504	543	0	
7	0	0	0	0	499	535	0	
8	0	0	0	0	494	521	0	
9	0	0	0	0	488	513	0	
10	0	0	0	0	481	511	1	
11	0	0	0	0	474	507	0	
12	0	0	0	0	470	503	0	
13	0	0	0	0	469	500	0	
14	0	0	0	0	465	500	0	
15	0	0	0	0	461	503	1	
0	0	0	0	0	454	504	0	
1	0	0	0	0	450	503	0	
2	0	0	0	0	443	503	0	
3	0	0	0	0	440	504	0	
4	0	0	0	0	443	502	1	
5	0	0	0	0	443	499	0	
6	0	0	0	0	444	496	0	
7	0	0	0	0	449	494	0	
8	0	0	0	0	455	496	0	
9	0	0	0	0	463	497	0	
10	0	0	0	0	471	492	0	
11	0	0	0	0	483	490	0	
12	0	0	0	0	491	485	0	
13	0	0	0	0	494	486	1	
14	0	0	0	0	494	486	1	
15	0	0	0	0	494	489	0	
0	0	0	0	0	495	493	0	
1	0	0	0	0	496	501	0	
2	0	0	0	0	497	512	0	
3	0	0	0	0	496	526	1	
4	0	0	0	0	494	534	0	
5	0	0	0	0	492	537	0	
6	0	0	0	0	496	542	0	
7	0	0	0	0	499	548	1	
8	0	0	0	0	501	547	1	
9	0	0	0	0	504	541	0	
10	0	0	0	0	500	539	0	
11	0	0	0	0	498	541	0	
12	0	0	0	0	494	546	1	
13	0	0	0	0	488	541	1	
14	0	0	0	0	481	526	0	
15	0	0	0	0	473	510	0	
0	0	0	0	0	466	497	0	
1	0	0	0	0	460	486	0	
2	0	0	0	0	458	477	0	
3	0	0	0	0	459	467	0	
4	0	0	0	0	465	463	0	
5	0	0	0	0	474	461	0	
6	0	0	0	0	483	463	0	
7	0	0	0	0	492	469	0	
8	0	0	0	0	495	470	0	
9	0	0	0	0	495	473	0	
10	0	0	0	0	492	473	0	
11	0	0	0	0	489	474	0	
12	0	0	0	0	488	480	0	
13	0	0	0	0	485	486	0	
14	0	0	0	0	485	493	0	
15	0	0	0	0	484	496	0	
0	0	0	0	0	487	498	0	
1	0	0	0	0	493	496	0	
2	0	0	0	0	501	489	0	
3	0	0	0	0	508	489	0	
4	0	0	0	0	509	488	0	
5	0	0	0	0	511	485	0	
6	0	0	0	0	514	485	0	
7	0	0	0	0	515	487	0	
8	0	0	0	0	515	486	0	
9	0	0	0	0	514	489	0	
10	0	0	0	0	510	499	1	
11	0	0	0	0	505	512	0	
12	0	0	0	0	502	519	0	
13	0	0	0	0	500	516	0	
14	0	0	0	0	508	513	0	
15	0	0	0	0	514	505	0	
0	0	0	0	0	522	499	0	
1	0	0	0	0	526	488	0	
2	0	0	0	0	529	476	0	
3	0	0	0	0	533	465	0	
4	0	0	0	0	535	456	0	
5	0	0	0	0	534	450	0	
6	0	0	0	0	534	448	0	
7	0	0	0	0	536	451	0	
8	0	0	0	0	531	455	0	
9	0	0	0	0	519	458	0	
10	0	0	0	0	505	457	0	
11	0	0	0	0	495	460	0	
12	0	0	0	0	483	469	0	
13	0	0	0	0	477	479	0	
14	0	0	0	0	474	484	0	
15	0	0	0	0	471	493	0	
0	0	0	0	0	470	501	0	
1	0	0	0	0	472	505	0	
2	0	0	0	0	479	509	0	
3	0	0	0	0	487	511	0	
4	0	0	0	0	488	513	0	
5	0	0	0	0	487	518	0	
6	0	0	0	0	487	521	0	
7	0	0	0	0	489	529	0	
8	0	0	0	0	488	538	0	
9	0	0	0	0	491	543	0	
10	0	0	0	0	488	534	0	
11	0	0	0	0	486	520	0	
12	0	0	0	0	482	513	0	
13	0	0	0	0	483	519	0	
14	0	0	0	0	489	527	1	
15	0	0	0	0	497	528	0	
0	0	0	0	0	508	525	0	
1	0	0	0	0	516	521	0	
2	0	0	0	0	526	516	0	
3	0	0	0	0	533	514	1	
4	0	0	0	0	539	519	0	
5	0	0	0	0	540	515	0	
6	0	0	0	0	537	508	0	
7	0	0	0	0	528	505	0	
8	0	0	0	0	516	504	1	
9	0	0	0	0	505	504	0	
10	0	0	0	0	503	504	0	
11	0	0	0	0	504	504	0	
12	0	0	0	0	507	505	0	
13	0	0	0	0	504	498	1	
14	0	0	0	0	500	486	0	
15	0	0	0	0	499	480	0	
0	0	0	0	0	502	481	0	
1	0	0	0	0	505	484	0	
2	0	0	0	0	508	482	1	
3	0	0	0	0	510	483	0	
4	0	0	0	0	515	486	0	
5	0	0	0	0	525	488	0	
6	0	0	0	0	527	492	0	
7	0	0	0	0	527	496	1	
8	0	0	0	0	523	496	0	
9	0	0	0	0	521	487	0	
10	0	0	0	0	520	479	0	
11	0	0	0	0	518	470	0	
12	0	0	0	0	513	467	1	
13	0	0	0	0	508	467	0	
14	0	0	0	0	507	473	0	
15	0	0	0	0	509	473	0	
0	0	0	0	0	509	464	0	
1	0	0	0	0	511	463	1	
2	0	0	0	0	508	470	0	
3	0	0	0	0	503	471	0	
4	0	0	0	0	502	465	0	
5	0	0	0	0	506	466	0	
6	0	0	0	0	513	471	1	
7	0	0	0	0	520	480	0	
8	0	0	0	0	523	487	0	
9	0	0	0	0	527	490	0	
10	0	0	0	0	530	489	0	
11	0	0	0	0	537	490	1	
12	0	0	0	0	543	493	0	
13	0	0	0	0	554	496	0	
14	0	0	0	0	561	495	0	
15	0	0	0	0	563	498	0	
0	0	0	0	0	564	506	0	
1	0	0	0	0	560	515	0	
2	0	0	0	0	555	517	0	
3	0	0	0	0	547	515	0	
4	0	0	0	0	539	504	1	
5	0	0	0	0	531	496	0	
6	0	0	0	0	531	493	0	
7	0	0	0	0	531	490	0	
8	0	0	0	0	533	492	0	
9	0	0	0	0	532	492	0	
10	0	0	0	0	528	491	1	
11	0	0	0	0	518	489	0	
12	0	0	0	0	509	486	0	
13	0	0	0	0	508	487	0	
14	0	0	0	0	507	486	0	
15	0	0	0	0	507	477	0	
0	0	0	0	0	503	468	0	
1	0	0	0	0	497	463	0	
2	0	0	0	0	495	469	0	
3	0	0	0	0	495	480	0	
4	0	0	0	0	493	494	1	
5	0	0	0	0	494	509	0	
6	0	0	0	0	495	524	0	
7	0	0	0	0	499	538	0	
8	0	0	0	0	509	542	0	
9	0	0	0	0	519	541	1	
10	0	0	0	0	526	540	0	
11	0	0	0	0	534	539	0	
12	0	0	0	0	538	538	0	
13	0	0	0	0	545	539	0	
14	0	0	0	0	551	543	1	
15	0	0	0	0	554	550	0	
0	0	0	0	0	551	553	0	
1	0	0	0	0	543	550	1	
2	0	0	0	0	536	545	0	
3	0	0	0	0	526	541	1	
4	0	0	0	0	519	543	0	
5	0	0	0	0	514	545	0	
6	0	0	0	0	511	543	0	
7	0	0	0	0	516	547	1	
8	0	0	0	0	525	555	1	
9	0	0	0	0	531	561	1	
10	0	0	0	0	536	562	1	
11	0	0	0	0	538	560	1	
12	0	0	0	0	540	557	1	
13	0	0	0	0	542	553	1	
14	0	0	0	0	537	550	1	
15	0	0	0	0	535	554	1	
0	0	0	0	0	531	557	1	
1	0	0	0	0	528	556	1	
2	0	0	0	0	525	555	1	
3	0	0	0	0	519	548	0	
4	0	0	0	0	515	540	0	
5	0	0	0	0	508	531	0	
6	0	0	0	0	494	525	0	
7	0	0	0	0	479	520	1	
8	0	0	0	0	464	525	0	
9	0	0	0	0	454	527	0	
10	0	0	0	0	447	524	0	
11	0	0	0	0	440	521	0	
12	0	0	0	0	434	520	0	
13	0	0	0	0	431	522	0	
14	0	0	0	0	435	529	0	
15	0	0	0	0	444	535	0	
0	0	0	0	0	456	542	0	
1	0	0	0	0	470	543	0	
2	0	0	0	0	484	540	0	
3	0	0	0	0	499	541	1	
4	0	0	0	0	510	542	0	
5	0	0	0	0	518	546	0	
6	0	0	0	0	522	549	0	
7	0	0	0	0	526	548	1	
8	0	0	0	0	531	545	0	
9	0	0	0	0	540	543	0	
10	0	0	0	0	547	539	0	
11	0	0	0	0	555	534	1	
12	0	0	0	0	560	530	0	
13	0	0	0	0	565	527	0	
14	0	0	0	0	565	528	0	
15	0	0	0	0	555	529	0	
0	0	0	0	0	543	529	1	
1	0	0	0	0	531	527	0	
2	0	0	0	0	524	526	0	
3	0	0	0	0	521	524	0	
4	0	0	0	0	521	526	0	
5	0	0	0	0	522	523	1	
6	0	0	0	0	526	522	0	
7	0	0	0	0	531	525	0	
8	0	0	0	0	540	534	0	
9	0	0	0	0	545	543	1	
10	0	0	0	0	551	546	1	
11	0	0	0	0	560	544	0	
12	0	0	0	0	569	543	1	
13	0	0	0	0	575	543	1	
14	0	0	0	0	579	538	0	
15	0	0	0	0	577	531	1	
0	0	0	0	0	568	523	0	
1	0	0	0	0	557	514	0	
2	0	0	0	0	542	503	0	
3	0	0	0	0	529	498	0	
4	0	0	0	0	518	502	1	
5	0	0	0	0	504	510	0	
6	0	0	0	0	496	520	0	
7	0	0	0	0	495	528	0	
8	0	0	0	0	495	532	0	
9	0	0	0	0	497	534	1	
10	0	0	0	0	500	536	0	
11	0	0	0	0	508	540	1	
12	0	0	0	0	518	545	1	
13	0	0	0	0	529	548	1	
14	0	0	0	0	535	547	1	
15	0	0	0	0	536	540	0	
0	0	0	0	0	530	532	0	
1	0	0	0	0	525	525	0	
2	0	0	0	0	521	516	0	
3	0	0	0	0	519	505	1	
4	0	0	0	0	520	487	0	
5	0	0	0	0	519	477	0	
6	0	0	0	0	520	473	0	
7	0	0	0	0	524	478	0	
8	0	0	0	0	526	486	1	
9	0	0	0	0	521	494	0	
10	0	0	0	0	517	510	0	
11	0	0	0	0	511	512	0	
12	0	0	0	0	509	514	0	
13	0	0	0	0	507	512	1	
14	0	0	0	0	503	509	0	
15	0	0	0	0	497	507	0	
0	0	0	0	0	496	501	0	
1	0	0	0	0	505	496	0	
2	0	0	0	0	508	491	1	
3	0	0	0	0	509	490	0	
4	0	0	0	0	511	493	0	
5	0	0	0	0	511	494	0	
6	0	0	0	0	520	496	0	
7	0	0	0	0	530	499	0	
8	0	0	0	0	540	499	0	
9	0	0	0	0	545	497	0	
10	0	0	0	0	543	493	0	
11	0	0	0	0	540	496	0	
12	0	0	0	0	534	502	0	
13	0	0	0	0	525	507	0	
14	0	0	0	0	519	511	0	
15	0	0	0	0	509	509	0	
0	0	0	0	0	504	503	0	
1	0	0	0	0	502	498	0	
2	0	0	0	0	503	497	0	
3	0	0	0	0	506	501	0	
4	0	0	0	0	505	504	0	
5	0	0	0	0	507	511	0	
6	0	0	0	0	512	515	0	
7	0	0	0	0	513	516	0	
8	0	0	0	0	516	516	0	
9	0	0	0	0	518	516	0	
10	0	0	0	0	519	521	0	
11	0	0	0	0	522	524	0	
12	0	0	0	0	524	524	0	
13	0	0	0	0	526	526	0	
14	0	0	0	0	528	539	0	
15	0	0	0	0	532	554	1	
0	0	0	0	0	535	560	1	
1	0	0	0	0	534	563	1	
2	0	0	0	0	535	559	1	
3	0	0	0	0	535	557	0	
4	0	0	0	0	533	559	0	
5	0	0	0	0	525	560	0	
6	0	0	0	0	522	556	0	
7	0	0	0	0	528	543	0	
8	0	0	0	0	539	536	0	
9	0	0	0	0	544	531	0	
10	0	0	0	0	543	534	0	
11	0	0	0	0	537	531	0	
12	0	0	0	0	534	521	0	
13	0	0	0	0	535	514	0	
14	0	0	0	0	533	505	0	
15	0	0	0	0	536	497	0	
0	0	0	0	0	540	494	0	
1	0	0	0	0	540	496	0	
2	0	0	0	0	537	497	0	
3	0	0	0	0	536	499	0	
4	0	0	0	0	540	500	0	
5	0	0	0	0	542	498	0	
6	0	0	0	0	546	500	0	
7	0	0	0	0	552	505	0	
8	0	0	0	0	555	513	0	
9	0	0	0	0	554	518	0	
10	0	0	0	0	552	515	0	
11	0	0	0	0	552	514	0	
12	0	0	0	0	550	517	0	
13	0	0	0	0	549	520	0	
14	0	0	0	0	547	519	0	
15	0	0	0	0	543	517	0	
0	0	0	0	0	540	515	0	
1	0	0	0	0	535	518	0	
2	0	0	0	0	527	522	0	
3	0	0	0	0	521	522	1	
4	0	0	0	0	518	513	0	
5	0	0	0	0	515	503	0	
6	0	0	0	0	513	499	0	
7	0	0	0	0	515	497	0	
8	0	0	0	0	514	493	1	
9	0	0	0	0	509	489	0	
10	0	0	0	0	501	484	0	
11	0	0	0	0	491	483	0	
12	0	0	0	0	487	484	0	
13	0	0	0	0	487	483	1	
14	0	0	0	0	489	488	0	
15	0	0	0	0	491	495	0	
0	0	0	0	0	494	501	0	
1	0	0	0	0	502	507	0	
2	0	0	0	0	507	511	1	
3	0	0	0	0	510	515	0	
4	0	0	0	0	516	519	0	
5	0	0	0	0	518	522	0	
6	0	0	0	0	515	525	0	
7	0	0	0	0	514	521	1	
8	0	0	0	0	512	517	0	
9	0	0	0	0	508	512	0	
10	0	0	0	0	507	513	0	
11	0	0	0	0	508	514	0	
12	0	0	0	0	510	510	1	
13	0	0	0	0	518	506	0	
14	0	0	0	0	524	507	0	
15	0	0	0	0	531	511	0	
0	0	0	0	0	535	516	0	
1	0	0	0	0	535	521	1	
2	0	0	0	0	530	528	0	
3	0	0	0	0	524	537	0	
4	0	0	0	0	520	543	0	
5	0	0	0	0	518	539	1	
6	0	0	0	0	514	532	1	
7	0	0	0	0	512	527	0	
8	0	0	0	0	512	519	0	
9	0	0	0	0	516	512	0	
10	0	0	0	0	517	508	0	
11	0	0	0	0	515	504	1	
12	0	0	0	0	515	504	0	
13	0	0	0	0	511	508	0	
14	0	0	0	0	511	517	0	
15	0	0	0	0	513	527	0	
0	0	0	0	0	511	534	0	
1	0	0	0	0	499	530	0	
2	0	0	0	0	488	517	0	
3	0	0	0	0	481	512	0	
4	0	0	0	0	477	511	0	
5	0	0	0	0	479	505	0	
6	0	0	0	0	482	496	0	
7	0	0	0	0	492	491	0	
8	0	0	0	0	503	487	0	
9	0	0	0	0	510	495	0	
10	0	0	0	0	518	504	0	
11	0	0	0	0	518	511	0	
12	0	0	0	0	516	514	0	
13	0	0	0	0	511	513	0	
14	0	0	0	0	505	512	0	
15	0	0	0	0	504	514	0	
0	0	0	0	0	500	519	0	
1	0	0	0	0	500	529	0	
2	0	0	0	0	504	541	0	
3	0	0	0	0	504	548	1	
4	0	0	0	0	505	554	0	
5	0	0	0	0	506	552	1	
6	0	0	0	0	504	545	0	
7	0	0	0	0	504	548	1	
8	0	0	0	0	503	553	1	
9	0	0	0	0	504	557	0	
10	0	0	0	0	502	556	0	
11	0	0	0	0	499	548	0	
12	0	0	0	0	497	542	0	
13	0	0	0	0	500	536	1	
14	0	0	0	0	504	528	0	
15	0	0	0	0	513	522	0	
0	0	0	0	0	521	517	1	
1	0	0	0	0	531	509	0	
2	0	0	0	0	542	500	0	
3	0	0	0	0	549	491	0	
4	0	0	0	0	543	479	0	
5	0	0	0	0	531	465	0	
6	0	0	0	0	517	459	0	
7	0	0	0	0	503	456	0	
8	0	0	0	0	490	458	0	
9	0	0	0	0	480	460	0	
10	0	0	0	0	474	463	0	
11	0	0	0	0	473	466	0	
12	0	0	0	0	474	472	1	
13	0	0	0	0	475	478	0	
14	0	0	0	0	473	482	0	
15	0	0	0	0	472	485	0	
0	0	0	0	0	473	486	0	
1	0	0	0	0	476	483	0	
2	0	0	0	0	482	479	0	
3	0	0	0	0	487	471	0	
4	0	0	0	0	494	463	0	
5	0	0	0	0	504	464	0	
6	0	0	0	0	513	472	0	
7	0	0	0	0	521	489	0	
8	0	0	0	0	521	504	0	
9	0	0	0	0	520	503	0	
10	0	0	0	0	521	493	0	
11	0	0	0	0	523	488	0	
12	0	0	0	0	531	488	1	
13	0	0	0	0	539	489	0	
14	0	0	0	0	545	486	0	
15	0	0	0	0	549	481	0	
0	0	0	0	0	552	486	0	
1	0	0	0	0	551	494	1	
2	0	0	0	0	547	500	0	
3	0	0	0	0	542	508	0	
4	0	0	0	0	531	510	0	
5	0	0	0	0	526	508	0	
6	0	0	0	0	531	503	0	
7	0	0	0	0	542	494	0	
8	0	0	0	0	555	483	0	
9	0	0	0	0	566	472	0	
10	0	0	0	0	573	463	0	
11	0	0	0	0	578	461	0	
12	0	0	0	0	582	468	0	
13	0	0	0	0	580	478	0	
14	0	0	0	0	580	487	0	
15	0	0	0	0	577	501	0	
0	0	0	0	0	573	511	1	
1	0	0	0	0	564	520	0	
2	0	0	0	0	557	527	0	
3	0	0	0	0	551	533	0	
4	0	0	0	0	550	537	1	
5	0	0	0	0	547	538	1	
6	0	0	0	0	545	538	0	
7	0	0	0	0	539	539	1	
8	0	0	0	0	537	534	0	
9	0	0	0	0	537	534	0	
10	0	0	0	0	542	530	1	
11	0	0	0	0	547	519	0	
12	0	0	0	0	551	511	0	
13	0	0	0	0	552	502	0	
14	0	0	0	0	554	492	0	
15	0	0	0	0	554	483	0	
0	0	0	0	0	554	476	0	
1	0	0	0	0	558	473	0	
2	0	0	0	0	564	478	0	
3	0	0	0	0	575	482	0	
4	0	0	0	0	583	481	1	
5	0	0	0	0	590	479	0	
6	0	0	0	0	598	476	0	
7	0	0	0	0	602	473	0	
8	0	0	0	0	600	471	0	
9	0	0	0	0	592	468	1	
10	0	0	0	0	577	465	0	
11	0	0	0	0	567	461	0	
12	0	0	0	0	567	458	0	
13	0	0	0	0	569	459	0	
14	0	0	0	0	572	465	0	
15	0	0	0	0	573	478	0	
0	0	0	0	0	574	487	0	
1	0	0	0	0	572	497	0	
2	0	0	0	0	568	504	0	
3	0	0	0	0	566	512	1	
4	0	0	0	0	561	519	0	
5	0	0	0	0	552	525	0	
6	0	0	0	0	543	521	0	
7	0	0	0	0	539	513	0	
8	0	0	0	0	538	510	0	
9	0	0	0	0	540	501	0	
10	0	0	0	0	547	491	0	
11	0	0	0	0	555	488	0	
12	0	0	0	0	563	486	0	
13	0	0	0	0	570	482	1	
14	0	0	0	0	576	487	0	
15	0	0	0	0	582	486	0	
0	0	0	0	0	590	479	0	
1	0	0	0	0	596	472	0	
2	0	0	0	0	601	468	0	
3	0	0	0	0	602	466	0	
4	0	0	0	0	603	469	0	
5	0	0	0	0	597	466	0	
6	0	0	0	0	593	469	0	
7	0	0	0	0	591	472	0	
8	0	0	0	0	585	472	0	
9	0	0	0	0	571	472	0	
10	0	0	0	0	559	481	0	
11	0	0	0	0	548	488	0	
12	0	0	0	0	538	498	0	
13	0	0	0	0	527	508	0	
14	0	0	0	0	512	514	0	
15	0	0	0	0	504	519	0	
0	0	0	0	0	504	525	1	
1	0	0	0	0	505	527	0	
2	0	0	0	0	507	532	0	
3	0	0	0	0	505	536	0	
4	0	0	0	0	506	545	1	
5	0	0	0	0	501	550	1	
6	0	0	0	0	498	555	0	
7	0	0	0	0	495	559	1	
8	0	0	0	0	495	560	1	
9	0	0	0	0	500	561	1	
10	0	0	0	0	500	559	1	
11	0	0	0	0	501	551	1	
12	0	0	0	0	503	549	0	
13	0	0	0	0	503	543	0	
14	0	0	0	0	507	531	0	
15	0	0	0	0	512	516	0	
0	0	0	0	0	518	507	0	
1	0	0	0	0	520	502	0	
2	0	0	0	0	518	500	0	
3	0	0	0	0	513	499	0	
4	0	0	0	0	511	498	0	
5	0	0	0	0	512	499	0	
6	0	0	0	0	518	499	0	
7	0	0	0	0	525	505	0	
8	0	0	0	0	529	512	0	
9	0	0	0	0	535	514	0	
10	0	0	0	0	540	509	0	
11	0	0	0	0	541	504	0	
12	0	0	0	0	539	502	0	
13	0	0	0	0	533	500	0	
14	0	0	0	0	524	496	0	
15	0	0	0	0	518	492	0	
0	0	0	0	0	508	487	0	
1	0	0	0	0	499	483	0	
2	0	0	0	0	494	480	0	
3	0	0	0	0	495	480	0	
4	0	0	0	0	496	484	0	
5	0	0	0	0	498	490	0	
6	0	0	0	0	494	498	0	
7	0	0	0	0	495	508	0	
8	0	0	0	0	496	521	0	
9	0	0	0	0	495	536	0	
10	0	0	0	0	490	544	0	
11	0	0	0	0	486	542	0	
12	0	0	0	0	487	532	0	
13	0	0	0	0	491	526	0	
14	0	0	0	0	493	522	0	
15	0	0	0	0	494	526	0	
0	0	0	0	0	493	536	0	
1	0	0	0	0	489	538	1	
2	0	0	0	0	483	537	0	
3	0	0	0	0	477	531	1	
4	0	0	0	0	476	522	0	
5	0	0	0	0	473	511	0	
6	0	0	0	0	473	505	0	
7	0	0	0	0	472	500	0	
8	0	0	0	0	471	497	1	
9	0	0	0	0	467	492	0	
10	0	0	0	0	465	486	0	
11	0	0	0	0	464	481	0	
12	0	0	0	0	464	480	0	
13	0	0	0	0	470	489	1	
14	0	0	0	0	472	498	0	
15	0	0	0	0	472	503	0	
0	0	0	0	0	476	503	0	
1	0	0	0	0	484	503	0	
2	0	0	0	0	490	502	1	
3	0	0	0	0	497	504	0	
4	0	0	0	0	506	508	0	
5	0	0	0	0	513	517	0	
6	0	0	0	0	519	523	0	
7	0	0	0	0	519	531	0	
8	0	0	0	0	515	540	0	
9	0	0	0	0	511	547	1	
10	0	0	0	0	507	548	0	
11	0	0	0	0	510	550	1	
12	0	0	0	0	512	551	1	
13	0	0	0	0	505	552	0	
14	0	0	0	0	503	550	0	
15	0	0	0	0	503	536	0	
0	0	0	0	0	497	527	0	
1	0	0	0	0	492	520	1	
2	0	0	0	0	487	513	0	
3	0	0	0	0	481	502	0	
4	0	0	0	0	476	498	0	
5	0	0	0	0	478	496	0	
6	0	0	0	0	480	493	0	
7	0	0	0	0	482	491	0	
8	0	0	0	0	481	488	0	
9	0	0	0	0	482	487	0	
10	0	0	0	0	490	486	0	
11	0	0	0	0	499	481	1	
12	0	0	0	0	501	478	0	
13	0	0	0	0	494	475	0	
14	0	0	0	0	485	472	0	
15	0	0	0	0	481	470	0	
0	0	0	0	0	476	472	1	
1	0	0	0	0	470	473	0	
2	0	0	0	0	468	474	0	
3	0	0	0	0	467	476	0	
4	0	0	0	0	467	483	0	
5	0	0	0	0	469	492	1	
6	0	0	0	0	471	494	0	
7	0	0	0	0	476	500	0	
8	0	0	0	0	481	504	0	
9	0	0	0	0	490	515	0	
10	0	0	0	0	500	520	0	
11	0	0	0	0	509	517	0	
12	0	0	0	0	519	515	0	
13	0	0	0	0	518	512	0	
14	0	0	0	0	514	506	0	
15	0	0	0	0	510	504	0	
0	0	0	0	0	507	504	0	
1	0	0	0	0	504	515	0	
2	0	0	0	0	503	520	0	
3	0	0	0	0	501	516	0	
4	0	0	0	0	504	508	0	
5	0	0	0	0	505	501	0	
6	0	0	0	0	507	502	0	
7	0	0	0	0	504	507	0	
8	0	0	0	0	504	512	0	
9	0	0	0	0	504	521	0	
10	0	0	0	0	498	528	0	
11	0	0	0	0	490	535	0	
12	0	0	0	0	479	540	0	
13	0	0	0	0	470	543	0	
14	0	0	0	0	462	544	0	
15	0	0	0	0	455	538	0	
0	0	0	0	0	451	528	0	
1	0	0	0	0	450	521	0	
2	0	0	0	0	453	510	0	
3	0	0	0	0	461	500	0	
4	0	0	0	0	466	493	0	
5	0	0	0	0	468	490	0	
6	0	0	0	0	468	492	0	
7	0	0	0	0	467	501	0	
8	0	0	0	0	471	516	0	
9	0	0	0	0	471	531	0	
10	0	0	0	0	471	545	1	
11	0	0	0	0	471	559	1	
12	0	0	0	0	474	560	1	
13	0	0	0	0	480	555	1	
14	0	0	0	0	489	553	1	
15	0	0	0	0	498	560	1	
0	0	0	0	0	504	567	1	
1	0	0	0	0	503	571	1	
2	0	0	0	0	499	572	1	
3	0	0	0	0	494	569	1	
4	0	0	0	0	495	567	1	
5	0	0	0	0	492	564	1	
6	0	0	0	0	488	565	1	
7	0	0	0	0	483	568	1	
8	0	0	0	0	478	562	1	
9	0	0	0	0	476	552	1	
10	0	0	0	0	473	541	0	
11	0	0	0	0	468	531	0	
12	0	0	0	0	470	528	0	
13	0	0	0	0	472	524	0	
14	0	0	0	0	475	520	0	
15	0	0	0	0	479	513	0	
0	0	0	0	0	484	507	0	
1	0	0	0	0	491	501	1	
2	0	0	0	0	497	498	0	
3	0	0	0	0	503	499	0	
4	0	0	0	0	505	506	0	
5	0	0	0	0	510	515	0	
6	0	0	0	0	513	521	1	
7	0	0	0	0	512	525	0	
8	0	0	0	0	507	527	0	
9	0	0	0	0	499	531	0	
10	0	0	0	0	496	535	0	
11	0	0	0	0	491	537	1	
12	0	0	0	0	485	542	0	
13	0	0	0	0	482	541	1	
14	0	0	0	0	483	543	0	
15	0	0	0	0	481	544	1	
0	0	0	0	0	482	539	1	
1	0	0	0	0	489	527	0	
2	0	0	0	0	498	519	0	
3	0	0	0	0	499	510	0	
4	0	0	0	0	503	504	0	
5	0	0	0	0	513	500	1	
6	0	0	0	0	523	494	0	
7	0	0	0	0	530	496	0	
8	0	0	0	0	534	504	0	
9	0	0	0	0	534	510	0	
10	0	0	0	0	531	513	1	
11	0	0	0	0	529	513	0	
12	0	0	0	0	525	511	0	
13	0	0	0	0	516	512	0	
14	0	0	0	0	504	516	1	
15	0	0	0	0	493	523	1	
0	0	0	0	0	488	524	0	
1	0	0	0	0	486	516	0	
2	0	0	0	0	482	507	0	
3	0	0	0	0	480	499	0	
4	0	0	0	0	479	499	1	
5	0	0	0	0	478	503	0	
6	0	0	0	0	481	504	0	
7	0	0	0	0	485	504	0	
8	0	0	0	0	492	508	0	
9	0	0	0	0	504	511	1	
10	0	0	0	0	514	516	0	
11	0	0	0	0	522	519	0	
12	0	0	0	0	526	514	0	
13	0	0	0	0	527	512	0	
14	0	0	0	0	529	512	1	
15	0	0	0	0	527	509	0	
0	0	0	0	0	527	504	0	
1	0	0	0	0	524	501	0	
2	0	0	0	0	520	499	0	
3	0	0	0	0	518	497	1	
4	0	0	0	0	515	497	0	
5	0	0	0	0	509	496	0	
6	0	0	0	0	501	497	0	
7	0	0	0	0	494	498	0	
8	0	0	0	0	492	499	0	
9	0	0	0	0	497	509	0	
10	0	0	0	0	499	523	0	
11	0	0	0	0	496	537	0	
12	0	0	0	0	487	548	1	
13	0	0	0	0	482	544	0	
14	0	0	0	0	477	537	0	
15	0	0	0	0	474	529	0	
0	0	0	0	0	475	527	0	
1	0	0	0	0	476	524	0	
2	0	0	0	0	478	516	0	
3	0	0	0	0	476	510	0	
4	0	0	0	0	478	511	0	
5	0	0	0	0	478	509	0	
6	0	0	0	0	480	508	0	
7	0	0	0	0	479	509	0	
8	0	0	0	0	476	510	0	
9	0	0	0	0	473	511	0	
10	0	0	0	0	474	511	0	
11	0	0	0	0	471	515	0	
12	0	0	0	0	464	519	0	
13	0	0	0	0	460	518	0	
14	0	0	0	0	466	518	0	
15	0	0	0	0	471	515	0	
0	0	0	0	0	478	519	0	
1	0	0	0	0	487	522	0	
2	0	0	0	0	492	520	0	
3	0	0	0	0	490	521	0	
4	0	0	0	0	483	527	0	
5	0	0	0	0	477	530	0	
6	0	0	0	0	472	526	1	
7	0	0	0	0	465	518	0	
8	0	0	0	0	467	512	0	
9	0	0	0	0	468	515	0	
10	0	0	0	0	470	521	0	
11	0	0	0	0	472	518	1	
12	0	0	0	0	468	515	0	
13	0	0	0	0	460	510	0	
14	0	0	0	0	457	507	0	
15	0	0	0	0	458	503	0	
0	0	0	0	0	459	501	0	
1	0	0	0	0	459	498	0	
2	0	0	0	0	454	491	0	
3	0	0	0	0	448	485	0	
4	0	0	0	0	442	483	0	
5	0	0	0	0	436	483	0	
6	0	0	0	0	431	483	0	
7	0	0	0	0	428	486	0	
8	0	0	0	0	431	492	0	
9	0	0	0	0	438	503	0	
10	0	0	0	0	444	512	0	
11	0	0	0	0	449	516	0	
12	0	0	0	0	452	519	0	
13	0	0	0	0	453	518	0	
14	0	0	0	0	449	516	0	
15	0	0	0	0	440	518	0	
0	0	0	0	0	435	523	0	
1	0	0	0	0	430	521	0	
2	0	0	0	0	427	520	0	
3	0	0	0	0	425	515	0	
4	0	0	0	0	429	511	1	
5	0	0	0	0	432	510	0	
6	0	0	0	0	432	507	0	
7	0	0	0	0	436	504	0	
8	0	0	0	0	442	505	0	
9	0	0	0	0	452	508	1	
10	0	0	0	0	460	515	0	
11	0	0	0	0	466	522	0	
12	0	0	0	0	470	528	0	
13	0	0	0	0	471	533	1	
14	0	0	0	0	466	540	1	
15	0	0	0	0	460	544	0	
0	0	0	0	0	455	542	0	
1	0	0	0	0	454	536	0	
2	0	0	0	0	452	535	1	
3	0	0	0	0	449	535	1	
4	0	0	0	0	445	532	0	
5	0	0	0	0	443	529	0	
6	0	0	0	0	444	528	0	
7	0	0	0	0	449	535	0	
8	0	0	0	0	454	541	1	
9	0	0	0	0	454	541	0	
10	0	0	0	0	454	540	0	
11	0	0	0	0	459	534	0	
12	0	0	0	0	464	533	1	
13	0	0	0	0	470	535	1	
14	0	0	0	0	472	537	0	
15	0	0	0	0	472	532	0	
0	0	0	0	0	474	528	0	
1	0	0	0	0	476	534	0	
2	0	0	0	0	476	535	0	
3	0	0	0	0	473	532	0	
4	0	0	0	0	465	526	0	
5	0	0	0	0	461	520	0	
6	0	0	0	0	457	518	0	
7	0	0	0	0	455	511	1	
8	0	0	0	0	453	499	0	
9	0	0	0	0	451	495	0	
10	0	0	0	0	452	496	0	
11	0	0	0	0	453	492	0	
12	0	0	0	0	458	490	1	
13	0	0	0	0	460	488	0	
14	0	0	0	0	461	490	0	
15	0	0	0	0	465	493	0	
0	0	0	0	0	468	502	0	
1	0	0	0	0	470	510	1	
2	0	0	0	0	476	515	0	
3	0	0	0	0	484	520	0	
4	0	0	0	0	488	521	0	
5	0	0	0	0	492	519	0	
6	0	0	0	0	497	519	1	
7	0	0	0	0	501	520	0	
8	0	0	0	0	507	522	0	
9	0	0	0	0	513	518	0	
10	0	0	0	0	517	515	0	
11	0	0	0	0	519	514	0	
12	0	0	0	0	514	513	0	
13	0	0	0	0	514	509	0	
14	0	0	0	0	511	504	0	
15	0	0	0	0	512	501	0	
0	0	0	0	0	514	501	1	
1	0	0	0	0	517	497	0	
2	0	0	0	0	524	493	0	
3	0	0	0	0	531	490	0	
4	0	0	0	0	540	491	0	
5	0	0	0	0	544	490	1	
6	0	0	0	0	543	491	0	
7	0	0	0	0	536	489	0	
8	0	0	0	0	530	489	0	
9	0	0	0	0	524	492	0	
10	0	0	0	0	518	492	1	
11	0	0	0	0	516	491	0	
12	0	0	0	0	513	489	0	
13	0	0	0	0	515	488	0	
14	0	0	0	0	515	486	0	
15	0	0	0	0	517	481	0	
0	0	0	0	0	516	479	0	
1	0	0	0	0	520	483	0	
2	0	0	0	0	530	495	0	
3	0	0	0	0	539	512	0	
4	0	0	0	0	545	523	1	
5	0	0	0	0	546	526	0	
6	0	0	0	0	545	524	0	
7	0	0	0	0	535	526	0	
8	0	0	0	0	525	534	0	
9	0	0	0	0	515	542	1	
10	0	0	0	0	506	541	0	
11	0	0	0	0	499	537	0	
12	0	0	0	0	495	535	0	
13	0	0	0	0	494	535	0	
14	0	0	0	0	490	540	1	
15	0	0	0	0	487	542	0	
0	0	0	0	0	485	547	1	
1	0	0	0	0	483	547	1	
2	0	0	0	0	482	548	0	
3	0	0	0	0	486	545	0	
4	0	0	0	0	486	544	0	
5	0	0	0	0	489	540	0	
6	0	0	0	0	489	533	0	
7	0	0	0	0	490	531	0	
8	0	0	0	0	495	529	0	
9	0	0	0	0	499	527	0	
10	0	0	0	0	503	527	0	
11	0	0	0	0	504	527	0	
12	0	0	0	0	507	526	0	
13	0	0	0	0	509	526	0	
14	0	0	0	0	509	519	0	
15	0	0	0	0	513	517	0	
0	0	0	0	0	518	511	0	
1	0	0	0	0	525	506	0	
2	0	0	0	0	529	500	0	
3	0	0	0	0	527	496	0	
4	0	0	0	0	528	497	0	
5	0	0	0	0	528	497	0	
6	0	0	0	0	528	500	0	
7	0	0	0	0	523	506	0	
8	0	0	0	0	518	512	0	
9	0	0	0	0	511	518	0	
10	0	0	0	0	505	529	0	
11	0	0	0	0	504	539	1	
12	0	0	0	0	505	542	0	
13	0	0	0	0	507	543	0	
14	0	0	0	0	503	545	1	
15	0	0	0	0	500	547	0	
0	0	0	0	0	501	551	1	
1	0	0	0	0	503	552	1	
2	0	0	0	0	504	551	0	
3	0	0	0	0	506	551	1	
4	0	0	0	0	503	553	1	
5	0	0	0	0	500	553	1	
6	0	0	0	0	498	551	1	
7	0	0	0	0	496	547	0	
8	0	0	0	0	496	540	0	
9	0	0	0	0	494	536	0	
10	0	0	0	0	489	533	0	
11	0	0	0	0	484	529	1	
12	0	0	0	0	481	524	0	
13	0	0	0	0	481	514	0	
14	0	0	0	0	487	508	0	
15	0	0	0	0	497	508	0	
0	0	0	0	0	506	517	1	
1	0	0	0	0	514	532	0	
2	0	0	0	0	516	543	0	
3	0	0	0	0	518	548	0	
4	0	0	0	0	521	547	1	
5	0	0	0	0	528	545	1	
6	0	0	0	0	534	545	0	
7	0	0	0	0	539	544	0	
8	0	0	0	0	548	543	0	
9	0	0	0	0	553	541	0	
10	0	0	0	0	553	540	0	
11	0	0	0	0	545	536	0	
12	0	0	0	0	537	532	0	
13	0	0	0	0	535	536	0	
14	0	0	0	0	535	543	1	
15	0	0	0	0	542	553	1	
0	0	0	0	0	543	558	0	
1	0	0	0	0	541	556	1	
2	0	0	0	0	534	550	1	
3	0	0	0	0	526	545	0	
4	0	0	0	0	519	540	1	
5	0	0	0	0	509	539	0	
6	0	0	0	0	497	540	0	
7	0	0	0	0	487	538	0	
8	0	0	0	0	477	539	0	
9	0	0	0	0	470	536	1	
10	0	0	0	0	467	537	0	
11	0	0	0	0	468	535	0	
12	0	0	0	0	472	528	0	
13	0	0	0	0	477	519	0	
14	0	0	0	0	481	511	1	
15	0	0	0	0	487	508	0	
0	0	0	0	0	490	504	0	
1	0	0	0	0	494	499	0	
2	0	0	0	0	495	495	0	
3	0	0	0	0	493	494	0	
4	0	0	0	0	487	495	0	
5	0	0	0	0	479	499	0	
6	0	0	0	0	471	506	0	
7	0	0	0	0	466	515	0	
8	0	0	0	0	463	522	1	
9	0	0	0	0	460	530	0	
10	0	0	0	0	458	538	0	
11	0	0	0	0	459	541	0	
12	0	0	0	0	461	539	1	
13	0	0	0	0	465	536	1	
14	0	0	0	0	467	537	0	
15	0	0	0	0	467	536	0	
0	0	0	0	0	466	528	0	
1	0	0	0	0	463	519	0	
2	0	0	0	0	460	509	0	
3	0	0	0	0	458	504	0	
4	0	0	0	0	457	496	0	
5	0	0	0	0	460	494	0	
6	0	0	0	0	467	498	0	
7	0	0	0	0	475	510	0	
8	0	0	0	0	478	526	0	
9	0	0	0	0	483	540	0	
10	0	0	0	0	486	552	0	
11	0	0	0	0	489	561	0	
12	0	0	0	0	490	558	1	
13	0	0	0	0	494	547	0	
14	0	0	0	0	495	537	0	
15	0	0	0	0	500	529	0	
0	0	0	0	0	511	523	1	
1	0	0	0	0	522	515	0	
2	0	0	0	0	524	508	0	
3	0	0	0	0	515	502	0	
4	0	0	0	0	505	495	0	
5	0	0	0	0	500	486	1	
6	0	0	0	0	499	476	0	
7	0	0	0	0	503	473	0	
8	0	0	0	0	509	477	0	
9	0	0	0	0	515	485	0	
10	0	0	0	0	517	489	0	
11	0	0	0	0	520	494	0	
12	0	0	0	0	518	494	0	
13	0	0	0	0	516	494	0	
14	0	0	0	0	515	500	0	
15	0	0	0	0	520	510	0	
0	0	0	0	0	519	518	0	
1	0	0	0	0	516	513	0	
2	0	0	0	0	514	505	0	
3	0	0	0	0	511	499	0	
4	0	0	0	0	509	494	0	
5	0	0	0	0	506	490	0	
6	0	0	0	0	504	489	0	
7	0	0	0	0	507	488	0	
8	0	0	0	0	513	486	0	
9	0	0	0	0	513	486	0	
10	0	0	0	0	511	492	0	
11	0	0	0	0	509	499	0	
12	0	0	0	0	510	509	0	
13	0	0	0	0	510	519	0	
14	0	0	0	0	511	527	0	
15	0	0	0	0	512	534	0	
0	0	0	0	0	511	540	0	
1	0	0	0	0	504	541	1	
2	0	0	0	0	498	542	0	
3	0	0	0	0	486	542	0	
4	0	0	0	0	476	541	0	
5	0	0	0	0	463	539	0	
6	0	0	0	0	455	537	0	
7	0	0	0	0	447	534	0	
8	0	0	0	0	442	528	0	
9	0	0	0	0	442	523	1	
10	0	0	0	0	445	521	0	
11	0	0	0	0	452	518	0	
12	0	0	0	0	460	517	0	
13	0	0	0	0	470	514	0	
14	0	0	0	0	478	512	1	
15	0	0	0	0	483	509	0	
0	0	0	0	0	487	505	0	
1	0	0	0	0	487	505	0	
2	0	0	0	0	486	507	0	
3	0	0	0	0	483	513	1	
4	0	0	0	0	484	518	0	
5	0	0	0	0	491	527	0	
6	0	0	0	0	497	540	0	
7	0	0	0	0	505	544	1	
8	0	0	0	0	509	541	1	
9	0	0	0	0	512	536	0	
10	0	0	0	0	515	527	0	
11	0	0	0	0	518	522	0	
12	0	0	0	0	516	523	0	
13	0	0	0	0	512	531	1	
14	0	0	0	0	504	541	0	
15	0	0	0	0	497	544	0	
0	0	0	0	0	495	542	1	
1	0	0	0	0	489	540	1	
2	0	0	0	0	483	541	1	
3	0	0	0	0	479	541	0	
4	0	0	0	0	479	537	0	
5	0	0	0	0	475	538	0	
6	0	0	0	0	475	536	0	
7	0	0	0	0	475	529	1	
8	0	0	0	0	477	523	0	
9	0	0	0	0	475	521	0	
10	0	0	0	0	473	522	0	
11	0	0	0	0	474	519	0	
12	0	0	0	0	472	511	1	
13	0	0	0	0	470	504	0	
14	0	0	0	0	472	495	0	
15	0	0	0	0	472	491	0	
0	0	0	0	0	472	491	0	
1	0	0	0	0	475	496	1	
2	0	0	0	0	476	502	0	
3	0	0	0	0	484	500	0	
4	0	0	0	0	493	495	0	
5	0	0	0	0	501	494	0	
6	0	0	0	0	505	492	0	
7	0	0	0	0	506	495	0	
8	0	0	0	0	504	500	0	
9	0	0	0	0	499	502	0	
10	0	0	0	0	491	505	0	
11	0	0	0	0	487	511	1	
12	0	0	0	0	486	518	0	
13	0	0	0	0	491	529	0	
14	0	0	0	0	497	534	0	
15	0	0	0	0	508	535	0	
0	0	0	0	0	511	532	0	
1	0	0	0	0	507	526	0	
2	0	0	0	0	499	526	0	
3	0	0	0	0	479	523	0	
4	0	0	0	0	459	521	0	
5	0	0	0	0	441	519	0	
6	0	0	0	0	424	513	0	
7	0	0	0	0	416	504	0	
8	0	0	0	0	422	496	0	
9	0	0	0	0	435	489	0	
10	0	0	0	0	447	491	0	
11	0	0	0	0	448	500	0	
12	0	0	0	0	447	515	0	
13	0	0	0	0	447	528	0	
14	0	0	0	0	448	538	0	
15	0	0	0	0	448	543	0	
0	0	0	0	0	448	543	0	
1	0	0	0	0	449	546	1	
2	0	0	0	0	451	552	1	
3	0	0	0	0	457	563	1	
4	0	0	0	0	464	569	0	
5	0	0	0	0	469	569	1	
6	0	0	0	0	474	565	1	
7	0	0	0	0	477	563	1	
8	0	0	0	0	478	562	1	
9	0	0	0	0	482	552	1	
10	0	0	0	0	489	540	0	
11	0	0	0	0	497	530	0	
12	0	0	0	0	501	517	0	
13	0	0	0	0	502	499	0	
14	0	0	0	0	498	491	0	
15	0	0	0	0	495	492	0	
0	0	0	0	0	492	498	0	
1	0	0	0	0	491	501	0	
2	0	0	0	0	494	502	0	
3	0	0	0	0	496	503	0	
4	0	0	0	0	499	499	0	
5	0	0	0	0	502	498	1	
6	0	0	0	0	505	503	0	
7	0	0	0	0	509	510	0	
8	0	0	0	0	515	519	1	
9	0	0	0	0	518	524	0	
10	0	0	0	0	518	528	0	
11	0	0	0	0	518	529	0	
12	0	0	0	0	521	537	0	
13	0	0	0	0	527	543	1	
14	0	0	0	0	529	546	0	
15	0	0	0	0	533	547	0	
0	0	0	0	0	534	551	0	
1	0	0	0	0	530	551	1	
2	0	0	0	0	531	547	1	
3	0	0	0	0	538	546	0	
4	0	0	0	0	543	545	1	
5	0	0	0	0	548	545	1	
6	0	0	0	0	553	545	1	
7	0	0	0	0	557	548	1	
8	0	0	0	0	558	558	1	
9	0	0	0	0	550	560	1	
10	0	0	0	0	537	556	1	
11	0	0	0	0	523	553	1	
12	0	0	0	0	513	555	1	
13	0	0	0	0	505	552	0	
14	0	0	0	0	501	547	0	
15	0	0	0	0	499	543	0	
0	0	0	0	0	498	538	1	
1	0	0	0	0	502	532	1	
2	0	0	0	0	507	527	0	
3	0	0	0	0	512	523	0	
4	0	0	0	0	519	522	0	
5	0	0	0	0	518	519	0	
6	0	0	0	0	513	512	0	
7	0	0	0	0	508	506	0	
8	0	0	0	0	500	508	0	
9	0	0	0	0	495	515	0	
10	0	0	0	0	491	526	0	
11	0	0	0	0	488	519	0	
12	0	0	0	0	491	504	0	
13	0	0	0	0	495	492	0	
14	0	0	0	0	499	486	0	
15	0	0	0	0	502	487	0	
0	0	0	0	0	498	487	0	
1	0	0	0	0	495	489	0	
2	0	0	0	0	494	492	0	
3	0	0	0	0	491	499	0	
4	0	0	0	0	485	509	0	
5	0	0	0	0	481	512	1	
6	0	0	0	0	476	517	0	
7	0	0	0	0	472	518	0	
8	0	0	0	0	472	521	0	
9	0	0	0	0	477	521	0	
10	0	0	0	0	482	517	1	
11	0	0	0	0	488	509	0	
12	0	0	0	0	493	499	0	
13	0	0	0	0	498	495	0	
14	0	0	0	0	499	496	0	
15	0	0	0	0	501	500	1	
0	0	0	0	0	500	505	0	
1	0	0	0	0	502	501	0	
2	0	0	0	0	506	492	0	
3	0	0	0	0	510	488	0	
4	0	0	0	0	507	492	0	
5	0	0	0	0	501	497	0	
6	0	0	0	0	499	498	0	
7	0	0	0	0	496	498	0	
8	0	0	0	0	494	499	0	
9	0	0	0	0	492	500	1	
10	0	0	0	0	491	507	0	
11	0	0	0	0	489	505	0	
12	0	0	0	0	491	496	0	
13	0	0	0	0	494	492	0	
14	0	0	0	0	494	487	0	
15	0	0	0	0	496	478	0	
0	0	0	0	0	494	470	0	
1	0	0	0	0	492	468	0	
2	0	0	0	0	487	474	0	
3	0	0	0	0	488	480	0	
4	0	0	0	0	487	488	0	
5	0	0	0	0	486	501	0	
6	0	0	0	0	484	515	0	
7	0	0	0	0	485	526	0	
8	0	0	0	0	487	532	0	
9	0	0	0	0	493	536	0	
10	0	0	0	0	496	532	0	
11	0	0	0	0	492	531	0	
12	0	0	0	0	491	526	1	
13	0	0	0	0	492	522	0	
14	0	0	0	0	493	519	0	
15	0	0	0	0	494	514	0	
0	0	0	0	0	498	514	0	
1	0	0	0	0	503	513	0	
2	0	0	0	0	504	516	1	
3	0	0	0	0	502	524	0	
4	0	0	0	0	500	536	0	
5	0	0	0	0	499	552	1	
6	0	0	0	0	496	573	1	
7	0	0	0	0	496	588	1	
8	0	0	0	0	494	591	1	
9	0	0	0	0	495	583	1	
10	0	0	0	0	496	566	1	
11	0	0	0	0	500	551	1	
12	0	0	0	0	504	539	0	
13	0	0	0	0	501	525	0	
14	0	0	0	0	498	521	0	
15	0	0	0	0	498	516	0	
0	0	0	0	0	496	511	0	
1	0	0	0	0	493	508	0	
2	0	0	0	0	488	506	0	
3	0	0	0	0	482	507	0	
4	0	0	0	0	478	504	0	
5	0	0	0	0	478	503	0	
6	0	0	0	0	483	501	0	
7	0	0	0	0	485	498	0	
8	0	0	0	0	484	496	0	
9	0	0	0	0	484	492	0	
10	0	0	0	0	483	482	0	
11	0	0	0	0	483	475	0	
12	0	0	0	0	484	476	0	
13	0	0	0	0	487	478	0	
14	0	0	0	0	484	488	0	
15	0	0	0	0	481	496	0	
0	0	0	0	0	477	501	0	
1	0	0	0	0	475	505	0	
2	0	0	0	0	473	512	0	
3	0	0	0	0	473	520	0	
4	0	0	0	0	472	537	0	
5	0	0	0	0	472	560	0	
6	0	0	0	0	471	569	0	
7	0	0	0	0	472	571	1	
8	0	0	0	0	475	568	1	
9	0	0	0	0	476	559	1	
10	0	0	0	0	477	551	0	
11	0	0	0	0	473	546	0	
12	0	0	0	0	470	542	0	
13	0	0	0	0	473	545	1	
14	0	0	0	0	478	547	1	
15	0	0	0	0	481	549	0	
0	0	0	0	0	483	546	0	
1	0	0	0	0	486	537	1	
2	0	0	0	0	489	527	0	
3	0	0	0	0	498	515	0	
4	0	0	0	0	506	504	1	
5	0	0	0	0	508	504	0	
6	0	0	0	0	508	504	0	
7	0	0	0	0	505	507	0	
8	0	0	0	0	507	512	0	
9	0	0	0	0	507	518	1	
10	0	0	0	0	506	528	0	
11	0	0	0	0	499	536	0	
12	0	0	0	0	488	541	1	
13	0	0	0	0	477	543	1	
14	0	0	0	0	468	544	1	
15	0	0	0	0	462	543	0	
0	0	0	0	0	459	538	0	
1	0	0	0	0	457	536	0	
2	0	0	0	0	453	537	1	
3	0	0	0	0	453	542	1	
4	0	0	0	0	455	546	0	
5	0	0	0	0	459	545	1	
6	0	0	0	0	465	545	0	
7	0	0	0	0	473	551	1	
8	0	0	0	0	480	558	1	
9	0	0	0	0	485	563	0	
10	0	0	0	0	492	560	1	
11	0	0	0	0	502	560	1	
12	0	0	0	0	513	563	1	
13	0	0	0	0	526	566	1	
14	0	0	0	0	531	568	1	
15	0	0	0	0	534	573	1	
0	0	0	0	0	538	577	1	
1	0	0	0	0	536	578	1	
2	0	0	0	0	534	576	1	
3	0	0	0	0	534	570	1	
4	0	0	0	0	527	565	1	
5	0	0	0	0	518	563	1	
6	0	0	0	0	509	571	1	
7	0	0	0	0	498	580	1	
8	0	0	0	0	489	590	1	
9	0	0	0	0	483	595	1	
10	0	0	0	0	475	598	1	
11	0	0	0	0	469	595	1	
12	0	0	0	0	464	587	1	
13	0	0	0	0	458	571	1	
14	0	0	0	0	453	559	1	
15	0	0	0	0	449	550	0	
0	0	0	0	0	452	543	1	
1	0	0	0	0	462	540	0	
2	0	0	0	0	471	539	0	
3	0	0	0	0	476	535	0	
4	0	0	0	0	484	536	1	
5	0	0	0	0	490	538	1	
6	0	0	0	0	492	542	0	
7	0	0	0	0	494	544	0	
8	0	0	0	0	494	541	0	
9	0	0	0	0	497	544	0	
10	0	0	0	0	503	540	1	
11	0	0	0	0	504	529	1	
12	0	0	0	0	508	526	0	
13	0	0	0	0	513	526	0	
14	0	0	0	0	517	526	0	
15	0	0	0	0	521	523	1	
0	0	0	0	0	518	517	0	
1	0	0	0	0	513	513	0	
2	0	0	0	0	509	508	0	
3	0	0	0	0	510	509	0	
4	0	0	0	0	510	509	0	
5	0	0	0	0	513	507	0	
6	0	0	0	0	521	507	0	
7	0	0	0	0	533	507	0	
8	0	0	0	0	542	514	0	
9	0	0	0	0	545	520	0	
10	0	0	0	0	548	525	0	
11	0	0	0	0	542	516	0	
12	0	0	0	0	536	504	0	
13	0	0	0	0	527	491	0	
14	0	0	0	0	521	478	0	
15	0	0	0	0	523	474	0	
0	0	0	0	0	524	472	0	
1	0	0	0	0	530	475	0	
2	0	0	0	0	536	479	0	
3	0	0	0	0	543	481	0	
4	0	0	0	0	551	488	0	
5	0	0	0	0	549	498	0	
6	0	0	0	0	548	505	0	
7	0	0	0	0	545	513	0	
8	0	0	0	0	540	520	0	
9	0	0	0	0	534	530	0	
10	0	0	0	0	525	541	0	
11	0	0	0	0	514	540	0	
12	0	0	0	0	502	527	0	
13	0	0	0	0	495	515	0	
14	0	0	0	0	491	509	0	
15	0	0	0	0	482	505	0	
0	0	0	0	0	478	502	1	
1	0	0	0	0	474	504	0	
2	0	0	0	0	472	500	0	
3	0	0	0	0	476	490	0	
4	0	0	0	0	478	477	0	
5	0	0	0	0	477	472	0	
6	0	0	0	0	478	472	0	
7	0	0	0	0	479	473	0	
8	0	0	0	0	480	476	0	
9	0	0	0	0	482	479	0	
10	0	0	0	0	486	483	0	
11	0	0	0	0	487	483	0	
12	0	0	0	0	486	487	0	
13	0	0	0	0	482	493	0	
14	0	0	0	0	473	498	0	
15	0	0	0	0	465	507	0	
0	0	0	0	0	462	515	0	
1	0	0	0	0	463	526	0	
2	0	0	0	0	463	531	1	
3	0	0	0	0	466	532	0	
4	0	0	0	0	473	527	0	
5	0	0	0	0	477	518	0	
6	0	0	0	0	483	513	0	
7	0	0	0	0	492	510	0	
8	0	0	0	0	499	505	0	
9	0	0	0	0	505	499	0	
10	0	0	0	0	506	491	0	
11	0	0	0	0	512	493	0	
12	0	0	0	0	523	488	0	
13	0	0	0	0	531	487	0	
14	0	0	0	0	533	486	0	
15	0	0	0	0	531	485	0	
0	0	0	0	0	522	484	0	
1	0	0	0	0	516	487	0	
2	0	0	0	0	512	487	0	
3	0	0	0	0	511	485	0	
4	0	0	0	0	511	486	0	
5	0	0	0	0	507	491	0	
6	0	0	0	0	504	492	0	
7	0	0	0	0	500	482	0	
8	0	0	0	0	494	474	0	
9	0	0	0	0	486	472	0	
10	0	0	0	0	469	471	0	
11	0	0	0	0	458	473	0	
12	0	0	0	0	453	484	0	
13	0	0	0	0	451	497	0	
14	0	0	0	0	453	504	0	
15	0	0	0	0	454	500	0	
0	0	0	0	0	455	497	0	
1	0	0	0	0	458	491	0	
2	0	0	0	0	466	488	0	
3	0	0	0	0	474	486	0	
4	0	0	0	0	482	489	0	
5	0	0	0	0	492	496	0	
6	0	0	0	0	499	501	0	
7	0	0	0	0	505	506	0	
8	0	0	0	0	514	510	0	
9	0	0	0	0	523	518	0	
10	0	0	0	0	534	527	1	
11	0	0	0	0	540	537	0	
12	0	0	0	0	545	544	0	
13	0	0	0	0	544	548	1	
14	0	0	0	0	545	549	1	
15	0	0	0	0	546	547	1	
0	0	0	0	0	548	540	0	
1	0	0	0	0	550	534	0	
2	0	0	0	0	542	526	0	
3	0	0	0	0	539	518	0	
4	0	0	0	0	535	512	0	
5	0	0	0	0	531	511	0	
6	0	0	0	0	528	515	0	
7	0	0	0	0	527	517	0	
8	0	0	0	0	526	510	0	
9	0	0	0	0	526	507	1	
10	0	0	0	0	529	508	0	
11	0	0	0	0	531	512	0	
12	0	0	0	0	532	516	0	
13	0	0	0	0	536	520	0	
14	0	0	0	0	543	520	0	
15	0	0	0	0	547	525	0	
0	0	0	0	0	548	524	0	
1	0	0	0	0	551	519	0	
2	0	0	0	0	547	514	0	
3	0	0	0	0	540	506	1	
4	0	0	0	0	537	496	0	
5	0	0	0	0	528	489	0	
6	0	0	0	0	515	487	0	
7	0	0	0	0	504	487	0	
8	0	0	0	0	498	491	0	
9	0	0	0	0	495	504	0	
10	0	0	0	0	501	516	0	
11	0	0	0	0	505	519	0	
12	0	0	0	0	506	518	0	
13	0	0	0	0	499	516	0	
14	0	0	0	0	487	515	0	
15	0	0	0	0	472	510	0	
0	0	0	0	0	461	505	0	
1	0	0	0	0	455	496	0	
2	0	0	0	0	457	482	0	
3	0	0	0	0	463	468	0	
4	0	0	0	0	467	460	0	
5	0	0	0	0	472	457	0	
6	0	0	0	0	476	456	0	
7	0	0	0	0	478	460	0	
8	0	0	0	0	476	462	0	
9	0	0	0	0	478	465	0	
10	0	0	0	0	480	472	0	
11	0	0	0	0	485	476	0	
12	0	0	0	0	493	477	0	
13	0	0	0	0	496	476	0	
14	0	0	0	0	497	481	0	
15	0	0	0	0	499	484	0	
0	0	0	0	0	503	483	0	
1	0	0	0	0	508	475	0	
2	0	0	0	0	516	468	0	
3	0	0	0	0	523	461	0	
4	0	0	0	0	529	457	0	
5	0	0	0	0	532	454	0	
6	0	0	0	0	536	455	0	
7	0	0	0	0	543	463	0	
8	0	0	0	0	553	471	0	
9	0	0	0	0	556	480	0	
10	0	0	0	0	551	486	1	
11	0	0	0	0	540	487	0	
12	0	0	0	0	529	483	0	
13	0	0	0	0	519	474	0	
14	0	0	0	0	511	467	0	
15	0	0	0	0	499	462	1	
0	0	0	0	0	486	451	0	
1	0	0	0	0	477	447	0	
2	0	0	0	0	470	444	0	
3	0	0	0	0	469	447	0	
4	0	0	0	0	469	452	0	
5	0	0	0	0	469	459	0	
6	0	0	0	0	472	466	0	
7	0	0	0	0	477	479	0	
8	0	0	0	0	488	490	0	
9	0	0	0	0	497	487	0	
10	0	0	0	0	501	480	0	
11	0	0	0	0	500	474	0	
12	0	0	0	0	499	472	0	
13	0	0	0	0	499	471	0	
14	0	0	0	0	501	474	0	
15	0	0	0	0	504	478	0	
0	0	0	0	0	500	479	0	
1	0	0	0	0	495	478	0	
2	0	0	0	0	489	476	0	
3	0	0	0	0	481	478	0	
4	0	0	0	0	475	484	0	
5	0	0	0	0	470	487	0	
6	0	0	0	0	467	479	0	
7	0	0	0	0	465	463	0	
8	0	0	0	0	466	451	0	
9	0	0	0	0	468	446	0	
10	0	0	0	0	470	448	0	
11	0	0	0	0	475	451	0	
12	0	0	0	0	485	463	0	
13	0	0	0	0	494	470	0	
14	0	0	0	0	502	475	0	
15	0	0	0	0	508	472	0	
0	0	0	0	0	516	467	0	
1	0	0	0	0	523	466	0	
2	0	0	0	0	531	466	0	
3	0	0	0	0	536	467	0	
4	0	0	0	0	537	468	0	
5	0	0	0	0	538	466	0	
6	0	0	0	0	541	468	0	
7	0	0	0	0	541	468	0	
8	0	0	0	0	540	469	0	
9	0	0	0	0	536	468	0	
10	0	0	0	0	534	463	0	
11	0	0	0	0	529	461	0	
12	0	0	0	0	526	464	0	
13	0	0	0	0	520	466	0	
14	0	0	0	0	513	479	0	
15	0	0	0	0	505	487	0	
0	0	0	0	0	506	490	0	
1	0	0	0	0	509	493	0	
2	0	0	0	0	511	496	0	
3	0	0	0	0	512	500	0	
4	0	0	0	0	513	504	0	
5	0	0	0	0	515	508	0	
6	0	0	0	0	516	509	0	
7	0	0	0	0	517	507	0	
8	0	0	0	0	515	499	0	
9	0	0	0	0	516	496	0	
10	0	0	0	0	519	497	0	
11	0	0	0	0	520	500	0	
12	0	0	0	0	519	506	0	
13	0	0	0	0	521	510	0	
14	0	0	0	0	525	511	0	
15	0	0	0	0	527	510	0	
0	0	0	0	0	530	512	0	
1	0	0	0	0	527	509	0	
2	0	0	0	0	521	510	0	
3	0	0	0	0	519	512	0	
4	0	0	0	0	521	519	0	
5	0	0	0	0	518	524	1	
6	0	0	0	0	512	522	0	
7	0	0	0	0	513	523	0	
8	0	0	0	0	510	525	0	
9	0	0	0	0	511	528	0	
10	0	0	0	0	511	528	1	
11	0	0	0	0	511	519	0	
12	0	0	0	0	503	501	0	
13	0	0	0	0	490	487	0	
14	0	0	0	0	481	484	0	
15	0	0	0	0	476	485	0	
0	0	0	0	0	481	487	0	
1	0	0	0	0	491	476	0	
2	0	0	0	0	496	463	0	
3	0	0	0	0	497	456	0	
4	0	0	0	0	497	454	0	
5	0	0	0	0	499	460	0	
6	0	0	0	0	499	463	0	
7	0	0	0	0	500	468	0	
8	0	0	0	0	502	481	0	
9	0	0	0	0	506	488	0	
10	0	0	0	0	511	489	0	
11	0	0	0	0	512	492	0	
12	0	0	0	0	511	495	0	
13	0	0	0	0	511	495	0	
14	0	0	0	0	512	496	0	
15	0	0	0	0	513	493	0	
0	0	0	0	0	517	489	0	
1	0	0	0	0	518	490	0	
2	0	0	0	0	517	491	0	
3	0	0	0	0	514	499	0	
4	0	0	0	0	515	511	0	
5	0	0	0	0	516	517	0	
6	0	0	0	0	521	519	0	
7	0	0	0	0	526	522	0	
8	0	0	0	0	529	522	0	
9	0	0	0	0	533	513	0	
10	0	0	0	0	530	502	0	
11	0	0	0	0	524	496	0	
12	0	0	0	0	519	489	0	
13	0	0	0	0	516	483	0	
14	0	0	0	0	518	478	0	
15	0	0	0	0	524	477	0	
0	0	0	0	0	532	478	0	
1	0	0	0	0	540	481	0	
2	0	0	0	0	545	487	0	
3	0	0	0	0	551	494	0	
4	0	0	0	0	552	496	0	
5	0	0	0	0	551	495	0	
6	0	0	0	0	542	494	0	
7	0	0	0	0	531	492	0	
8	0	0	0	0	526	487	0	
9	0	0	0	0	517	478	0	
10	0	0	0	0	517	470	0	
11	0	0	0	0	516	462	0	
12	0	0	0	0	514	457	0	
13	0	0	0	0	512	459	0	
14	0	0	0	0	510	464	0	
15	0	0	0	0	511	469	0	
0	0	0	0	0	515	463	0	
1	0	0	0	0	520	458	0	
2	0	0	0	0	525	460	0	
3	0	0	0	0	525	459	0	
4	0	0	0	0	524	458	0	
5	0	0	0	0	521	459	0	
6	0	0	0	0	519	461	0	
7	0	0	0	0	518	460	0	
8	0	0	0	0	519	459	0	
9	0	0	0	0	518	461	0	
10	0	0	0	0	522	464	0	
11	0	0	0	0	527	467	0	
12	0	0	0	0	530	468	0	
13	0	0	0	0	534	478	0	
14	0	0	0	0	536	494	0	
15	0	0	0	0	536	503	0	
0	0	0	0	0	531	515	0	
1	0	0	0	0	524	520	0	
2	0	0	0	0	520	523	0	
3	0	0	0	0	516	519	0	
4	0	0	0	0	516	515	0	
5	0	0	0	0	519	514	0	
6	0	0	0	0	520	517	0	
7	0	0	0	0	518	520	0	
8	0	0	0	0	519	523	0	
9	0	0	0	0	517	520	0	
10	0	0	0	0	515	517	0	
11	0	0	0	0	519	520	0	
12	0	0	0	0	524	515	0	
13	0	0	0	0	524	509	0	
14	0	0	0	0	521	506	0	
15	0	0	0	0	519	500	0	
0	0	0	0	0	515	493	0	
1	0	0	0	0	512	483	0	
2	0	0	0	0	510	473	0	
3	0	0	0	0	510	467	0	
4	0	0	0	0	513	463	0	
5	0	0	0	0	514	465	0	
6	0	0	0	0	509	464	0	
7	0	0	0	0	506	465	0	
8	0	0	0	0	508	467	0	
9	0	0	0	0	511	468	0	
10	0	0	0	0	516	460	0	
11	0	0	0	0	522	453	0	
12	0	0	0	0	524	444	0	
13	0	0	0	0	525	439	0	
14	0	0	0	0	529	438	0	
15	0	0	0	0	529	438	0	
0	0	0	0	0	524	438	0	
1	0	0	0	0	523	438	0	
2	0	0	0	0	522	435	0	
3	0	0	0	0	527	430	0	
4	0	0	0	0	530	428	0	
5	0	0	0	0	526	432	0	
6	0	0	0	0	524	435	0	
7	0	0	0	0	524	437	0	
8	0	0	0	0	524	441	0	
9	0	0	0	0	523	454	0	
10	0	0	0	0	522	472	0	
11	0	0	0	0	522	486	0	
12	0	0	0	0	523	490	0	
13	0	0	0	0	528	478	1	
14	0	0	0	0	530	467	0	
15	0	0	0	0	531	466	0	
0	0	0	0	0	533	462	0	
1	0	0	0	0	536	462	0	
2	0	0	0	0	537	463	0	
3	0	0	0	0	540	463	0	
4	0	0	0	0	537	459	0	
5	0	0	0	0	527	451	0	
6	0	0	0	0	517	447	0	
7	0	0	0	0	508	442	0	
8	0	0	0	0	499	440	0	
9	0	0	0	0	491	444	0	
10	0	0	0	0	478	444	0	
11	0	0	0	0	476	450	0	
12	0	0	0	0	472	458	0	
13	0	0	0	0	467	463	0	
14	0	0	0	0	467	467	0	
15	0	0	0	0	471	469	0	
0	0	0	0	0	472	475	0	
1	0	0	0	0	470	478	0	
2	0	0	0	0	475	479	0	
3	0	0	0	0	482	474	0	
4	0	0	0	0	489	469	0	
5	0	0	0	0	488	462	0	
6	0	0	0	0	489	455	0	
7	0	0	0	0	497	452	0	
8	0	0	0	0	503	449	0	
9	0	0	0	0	511	459	0	
10	0	0	0	0	513	473	0	
11	0	0	0	0	513	482	0	
12	0	0	0	0	516	490	0	
13	0	0	0	0	517	498	0	
14	0	0	0	0	518	510	0	
15	0	0	0	0	515	517	0	
0	0	0	0	0	512	516	0	
1	0	0	0	0	518	515	0	
2	0	0	0	0	524	508	0	
3	0	0	0	0	534	504	0	
4	0	0	0	0	540	500	0	
5	0	0	0	0	544	493	0	
6	0	0	0	0	545	487	0	
7	0	0	0	0	543	487	0	
8	0	0	0	0	537	486	0	
9	0	0	0	0	532	482	0	
10	0	0	0	0	525	478	0	
11	0	0	0	0	521	481	0	
12	0	0	0	0	519	483	0	
13	0	0	0	0	522	487	0	
14	0	0	0	0	521	484	0	
15	0	0	0	0	522	481	0	
0	0	0	0	0	521	483	0	
1	0	0	0	0	519	483	0	
2	0	0	0	0	514	487	0	
3	0	0	0	0	505	491	0	
4	0	0	0	0	496	498	0	
5	0	0	0	0	492	505	0	
6	0	0	0	0	485	511	0	
7	0	0	0	0	476	518	0	
8	0	0	0	0	470	525	0	
9	0	0	0	0	466	520	0	
10	0	0	0	0	470	505	0	
11	0	0	0	0	475	487	0	
12	0	0	0	0	483	477	0	
13	0	0	0	0	488	471	0	
14	0	0	0	0	495	470	0	
15	0	0	0	0	500	468	0	
0	0	0	0	0	501	469	0	
1	0	0	0	0	500	467	0	
2	0	0	0	0	504	468	0	
3	0	0	0	0	511	473	0	
4	0	0	0	0	515	483	0	
5	0	0	0	0	519	489	0	
6	0	0	0	0	524	486	0	
7	0	0	0	0	523	478	0	
8	0	0	0	0	520	470	0	
9	0	0	0	0	518	463	0	
10	0	0	0	0	518	465	0	
11	0	0	0	0	522	470	0	
12	0	0	0	0	529	471	0	
13	0	0	0	0	531	477	0	
14	0	0	0	0	530	476	0	
15	0	0	0	0	530	473	0	
0	0	0	0	0	533	480	0	
1	0	0	0	0	543	494	0	
2	0	0	0	0	550	509	0	
3	0	0	0	0	546	520	0	
4	0	0	0	0	540	527	0	
5	0	0	0	0	533	532	0	
6	0	0	0	0	529	533	0	
7	0	0	0	0	527	533	0	
8	0	0	0	0	530	531	0	
9	0	0	0	0	527	527	0	
10	0	0	0	0	522	522	0	
11	0	0	0	0	515	518	0	
12	0	0	0	0	512	509	0	
13	0	0	0	0	507	500	0	
14	0	0	0	0	504	490	0	
15	0	0	0	0	503	481	0	
0	0	0	0	0	499	476	0	
1	0	0	0	0	496	477	0	
2	0	0	0	0	499	479	0	
3	0	0	0	0	499	480	0	
4	0	0	0	0	500	482	0	
5	0	0	0	0	504	478	0	
6	0	0	0	0	507	465	0	
7	0	0	0	0	504	454	0	
8	0	0	0	0	495	452	0	
9	0	0	0	0	491	460	0	
10	0	0	0	0	489	469	0	
11	0	0	0	0	486	481	0	
12	0	0	0	0	483	488	0	
13	0	0	0	0	480	492	0	
14	0	0	0	0	483	496	0	
15	0	0	0	0	491	500	0	
0	0	0	0	0	505	502	0	
1	0	0	0	0	515	503	0	
2	0	0	0	0	518	501	0	
3	0	0	0	0	520	500	0	
4	0	0	0	0	522	498	0	
5	0	0	0	0	526	498	0	
6	0	0	0	0	529	499	0	
7	0	0	0	0	531	497	0	
8	0	0	0	0	530	494	0	
9	0	0	0	0	529	492	0	
10	0	0	0	0	526	491	0	
11	0	0	0	0	522	494	0	
12	0	0	0	0	515	499	0	
13	0	0	0	0	508	496	0	
14	0	0	0	0	507	494	0	
15	0	0	0	0	510	482	0	
0	0	0	0	0	518	471	0	
1	0	0	0	0	527	471	0	
2	0	0	0	0	543	473	0	
3	0	0	0	0	554	476	0	
4	0	0	0	0	563	480	0	
5	0	0	0	0	568	483	0	
6	0	0	0	0	566	478	0	
7	0	0	0	0	561	474	0	
8	0	0	0	0	551	474	0	
9	0	0	0	0	542	480	0	
10	0	0	0	0	532	489	0	
11	0	0	0	0	516	498	0	
12	0	0	0	0	496	508	0	
13	0	0	0	0	483	513	0	
14	0	0	0	0	477	515	0	
15	0	0	0	0	478	519	0	
0	0	0	0	0	473	521	0	
1	0	0	0	0	474	530	1	
2	0	0	0	0	468	533	0	
3	0	0	0	0	466	534	0	
4	0	0	0	0	467	533	0	
5	0	0	0	0	467	533	0	
6	0	0	0	0	474	534	0	
7	0	0	0	0	480	536	0	
8	0	0	0	0	485	537	0	
9	0	0	0	0	491	546	1	
10	0	0	0	0	498	554	0	
11	0	0	0	0	500	553	1	
12	0	0	0	0	501	550	1	
13	0	0	0	0	502	545	1	
14	0	0	0	0	502	540	1	
15	0	0	0	0	504	536	0	
0	0	0	0	0	511	532	0	
1	0	0	0	0	517	527	0	
2	0	0	0	0	520	518	0	
3	0	0	0	0	523	507	0	
4	0	0	0	0	524	499	0	
5	0	0	0	0	523	497	0	
6	0	0	0	0	525	503	0	
7	0	0	0	0	525	511	0	
8	0	0	0	0	527	521	0	
9	0	0	0	0	530	529	0	
10	0	0	0	0	532	538	0	
11	0	0	0	0	542	536	0	
12	0	0	0	0	549	535	0	
13	0	0	0	0	556	532	0	
14	0	0	0	0	555	526	0	
15	0	0	0	0	557	521	0	
0	0	0	0	0	555	516	0	
1	0	0	0	0	548	507	0	
2	0	0	0	0	540	504	0	
3	0	0	0	0	533	506	0	
4	0	0	0	0	528	510	0	
5	0	0	0	0	528	515	0	
6	0	0	0	0	524	521	0	
7	0	0	0	0	519	524	0	
8	0	0	0	0	518	527	0	
9	0	0	0	0	519	524	0	
10	0	0	0	0	523	517	0	
11	0	0	0	0	527	513	0	
12	0	0	0	0	532	511	0	
13	0	0	0	0	536	508	0	
14	0	0	0	0	536	504	0	
15	0	0	0	0	539	505	0	
0	0	0	0	0	540	503	0	
1	0	0	0	0	538	504	0	
2	0	0	0	0	535	505	0	
3	0	0	0	0	528	510	0	
4	0	0	0	0	522	514	0	
5	0	0	0	0	517	521	0	
6	0	0	0	0	513	524	0	
7	0	0	0	0	512	524	0	
8	0	0	0	0	513	529	0	
9	0	0	0	0	509	531	0	
10	0	0	0	0	507	533	0	
11	0	0	0	0	508	537	0	
12	0	0	0	0	513	539	0	
13	0	0	0	0	520	541	0	
14	0	0	0	0	527	542	0	
15	0	0	0	0	530	545	1	
0	0	0	0	0	527	546	1	
1	0	0	0	0	525	550	0	
2	0	0	0	0	524	539	0	
3	0	0	0	0	526	522	0	
4	0	0	0	0	531	507	0	
5	0	0	0	0	531	499	0	
6	0	0	0	0	533	501	0	
7	0	0	0	0	537	503	0	
8	0	0	0	0	544	507	0	
9	0	0	0	0	550	508	0	
10	0	0	0	0	545	509	0	
11	0	0	0	0	537	509	0	
12	0	0	0	0	531	516	0	
13	0	0	0	0	532	529	0	
14	0	0	0	0	537	537	0	
15	0	0	0	0	545	532	0	
0	0	0	0	0	545	522	0	
1	0	0	0	0	543	515	0	
2	0	0	0	0	532	504	0	
3	0	0	0	0	526	499	0	
4	0	0	0	0	518	491	0	
5	0	0	0	0	508	481	0	
6	0	0	0	0	498	479	0	
7	0	0	0	0	491	486	0	
8	0	0	0	0	487	497	0	
9	0	0	0	0	485	502	0	
10	0	0	0	0	483	504	0	
11	0	0	0	0	483	509	0	
12	0	0	0	0	484	513	0	
13	0	0	0	0	485	509	0	
14	0	0	0	0	487	501	0	
15	0	0	0	0	485	494	0	
0	0	0	0	0	481	488	0	
1	0	0	0	0	480	489	0	
2	0	0	0	0	482	495	0	
3	0	0	0	0	487	506	0	
4	0	0	0	0	491	516	0	
5	0	0	0	0	495	527	0	
6	0	0	0	0	497	533	0	
7	0	0	0	0	499	527	0	
8	0	0	0	0	503	515	0	
9	0	0	0	0	504	508	0	
10	0	0	0	0	505	510	0	
11	0	0	0	0	502	511	0	
12	0	0	0	0	499	511	0	
13	0	0	0	0	500	512	0	
14	0	0	0	0	501	510	0	
15	0	0	0	0	500	507	0	
0	0	0	0	0	499	501	0	
1	0	0	0	0	497	497	0	
2	0	0	0	0	495	501	0	
3	0	0	0	0	491	512	0	
4	0	0	0	0	491	524	0	
5	0	0	0	0	491	531	0	
6	0	0	0	0	499	537	0	
7	0	0	0	0	507	540	0	
8	0	0	0	0	509	542	0	
9	0	0	0	0	513	544	0	
10	0	0	0	0	515	548	1	
11	0	0	0	0	516	560	1	
12	0	0	0	0	524	567	1	
13	0	0	0	0	538	571	0	
14	0	0	0	0	546	578	1	
15	0	0	0	0	536	579	1	
0	0	0	0	0	525	579	1	
1	0	0	0	0	509	579	1	
2	0	0	0	0	492	575	1	
3	0	0	0	0	481	572	1	
4	0	0	0	0	475	568	1	
5	0	0	0	0	473	567	1	
6	0	0	0	0	475	554	1	
7	0	0	0	0	475	540	0	
8	0	0	0	0	478	529	0	
9	0	0	0	0	487	519	0	
10	0	0	0	0	499	515	0	
11	0	0	0	0	507	517	0	
12	0	0	0	0	510	525	0	
13	0	0	0	0	505	539	0	
14	0	0	0	0	499	547	1	
15	0	0	0	0	502	546	0	
0	0	0	0	0	502	544	1	
1	0	0	0	0	499	544	0	
2	0	0	0	0	492	546	0	
3	0	0	0	0	482	546	0	
4	0	0	0	0	478	548	1	
5	0	0	0	0	480	553	1	
6	0	0	0	0	486	553	0	
7	0	0	0	0	498	552	1	
8	0	0	0	0	507	555	1	
9	0	0	0	0	514	556	1	
10	0	0	0	0	519	556	1	
11	0	0	0	0	518	560	0	
12	0	0	0	0	516	557	1	
13	0	0	0	0	516	552	1	
14	0	0	0	0	517	550	1	
15	0	0	0	0	521	550	0	
0	0	0	0	0	523	551	0	
1	0	0	0	0	524	549	1	
2	0	0	0	0	526	548	1	
3	0	0	0	0	524	547	1	
4	0	0	0	0	521	545	1	
5	0	0	0	0	521	546	0	
6	0	0	0	0	527	545	0	
7	0	0	0	0	531	543	0	
8	0	0	0	0	537	545	0	
9	0	0	0	0	541	547	1	
10	0	0	0	0	538	547	0	
11	0	0	0	0	538	549	0	
12	0	0	0	0	542	551	1	
13	0	0	0	0	537	553	1	
14	0	0	0	0	530	556	0	
15	0	0	0	0	515	560	0	
0	0	0	0	0	500	568	1	
1	0	0	0	0	491	573	1	
2	0	0	0	0	483	569	1	
3	0	0	0	0	477	563	1	
4	0	0	0	0	473	558	0	
5	0	0	0	0	472	550	1	
6	0	0	0	0	470	543	0	
7	0	0	0	0	467	541	1	
8	0	0	0	0	466	542	1	
9	0	0	0	0	465	545	0	
10	0	0	0	0	466	549	1	
11	0	0	0	0	468	556	1	
12	0	0	0	0	462	558	1	
13	0	0	0	0	456	551	1	
14	0	0	0	0	454	554	0	
15	0	0	0	0	451	552	0	
0	0	0	0	0	451	546	0	
1	0	0	0	0	454	541	1	
2	0	0	0	0	463	537	1	
3	0	0	0	0	471	531	0	
4	0	0	0	0	474	529	0	
5	0	0	0	0	479	528	0	
6	0	0	0	0	482	527	0	
7	0	0	0	0	487	526	0	
8	0	0	0	0	484	523	0	
9	0	0	0	0	478	517	0	
10	0	0	0	0	473	513	0	
11	0	0	0	0	471	514	0	
12	0	0	0	0	473	518	0	
13	0	0	0	0	471	523	0	
14	0	0	0	0	476	534	0	
15	0	0	0	0	480	543	0	
0	0	0	0	0	482	552	0	
1	0	0	0	0	487	561	1	
2	0	0	0	0	492	568	0	
3	0	0	0	0	492	565	0	
4	0	0	0	0	492	558	1	
5	0	0	0	0	489	553	1	
6	0	0	0	0	487	551	1	
7	0	0	0	0	487	547	0	
8	0	0	0	0	492	544	0	
9	0	0	0	0	495	543	1	
10	0	0	0	0	502	551	1	
11	0	0	0	0	504	552	0	
12	0	0	0	0	500	549	0	
13	0	0	0	0	494	546	1	
14	0	0	0	0	488	542	0	
15	0	0	0	0	486	537	0	
0	0	0	0	0	490	531	0	
1	0	0	0	0	492	526	0	
2	0	0	0	0	493	519	0	
3	0	0	0	0	487	507	0	
4	0	0	0	0	480	503	0	
5	0	0	0	0	478	500	0	
6	0	0	0	0	477	497	0	
7	0	0	0	0	476	491	0	
8	0	0	0	0	480	488	0	
9	0	0	0	0	489	489	0	
10	0	0	0	0	503	491	0	
11	0	0	0	0	511	492	0	
12	0	0	0	0	513	493	0	
13	0	0	0	0	515	494	0	
14	0	0	0	0	514	502	0	
15	0	0	0	0	511	513	0	
0	0	0	0	0	507	523	0	
1	0	0	0	0	507	530	0	
2	0	0	0	0	506	527	0	
3	0	0	0	0	504	527	0	
4	0	0	0	0	501	530	1	
5	0	0	0	0	500	529	1	
6	0	0	0	0	499	519	0	
7	0	0	0	0	498	515	0	
8	0	0	0	0	501	514	0	
9	0	0	0	0	504	514	0	
10	0	0	0	0	507	510	0	
11	0	0	0	0	507	506	0	
12	0	0	0	0	503	503	0	
13	0	0	0	0	498	498	0	
14	0	0	0	0	494	495	0	
15	0	0	0	0	488	496	0	
0	0	0	0	0	487	501	0	
1	0	0	0	0	487	502	0	
2	0	0	0	0	495	502	0	
3	0	0	0	0	501	505	0	
4	0	0	0	0	505	516	0	
5	0	0	0	0	505	530	0	
6	0	0	0	0	509	541	0	
7	0	0	0	0	512	544	1	
8	0	0	0	0	513	542	0	
9	0	0	0	0	515	542	0	
10	0	0	0	0	521	539	0	
11	0	0	0	0	529	535	0	
12	0	0	0	0	537	531	0	
13	0	0	0	0	550	528	0	
14	0	0	0	0	562	527	0	
15	0	0	0	0	569	519	0	
0	0	0	0	0	568	509	0	
1	0	0	0	0	563	501	0	
2	0	0	0	0	553	496	0	
3	0	0	0	0	544	496	0	
4	0	0	0	0	536	500	0	
5	0	0	0	0	527	510	0	
6	0	0	0	0	521	521	0	
7	0	0	0	0	514	527	0	
8	0	0	0	0	504	532	0	
9	0	0	0	0	489	540	1	
10	0	0	0	0	479	536	0	
11	0	0	0	0	472	526	0	
12	0	0	0	0	467	506	0	
13	0	0	0	0	464	486	0	
14	0	0	0	0	463	475	0	
15	0	0	0	0	467	470	0	
0	0	0	0	0	470	470	0	
1	0	0	0	0	476	470	0	
2	0	0	0	0	480	464	0	
3	0	0	0	0	477	461	0	
4	0	0	0	0	478	462	0	
5	0	0	0	0	486	466	0	
6	0	0	0	0	502	469	0	
7	0	0	0	0	513	474	0	
8	0	0	0	0	522	481	0	
9	0	0	0	0	529	487	0	
10	0	0	0	0	532	494	0	
11	0	0	0	0	540	500	0	
12	0	0	0	0	545	496	0	
13	0	0	0	0	550	484	0	
14	0	0	0	0	555	475	0	
15	0	0	0	0	556	467	0	
0	0	0	0	0	558	461	0	
1	0	0	0	0	552	455	0	
2	0	0	0	0	543	449	0	
3	0	0	0	0	529	443	0	
4	0	0	0	0	522	439	0	
5	0	0	0	0	514	435	0	
6	0	0	0	0	504	436	0	
7	0	0	0	0	497	435	0	
8	0	0	0	0	495	440	0	
9	0	0	0	0	495	451	0	
10	0	0	0	0	498	460	0	
11	0	0	0	0	499	470	0	
12	0	0	0	0	502	480	0	
13	0	0	0	0	501	487	0	
14	0	0	0	0	494	489	0	
15	0	0	0	0	488	486	0	
0	0	0	0	0	483	480	0	
1	0	0	0	0	484	475	0	
2	0	0	0	0	488	476	0	
3	0	0	0	0	489	478	0	
4	0	0	0	0	487	472	0	
5	0	0	0	0	482	469	0	
6	0	0	0	0	481	463	0	
7	0	0	0	0	486	457	0	
8	0	0	0	0	490	455	0	
9	0	0	0	0	496	455	0	
10	0	0	0	0	504	457	0	
11	0	0	0	0	512	464	0	
12	0	0	0	0	517	477	0	
13	0	0	0	0	517	488	0	
14	0	0	0	0	519	495	0	
15	0	0	0	0	515	499	0	
0	0	0	0	0	512	504	0	
1	0	0	0	0	505	508	0	
2	0	0	0	0	502	506	0	
3	0	0	0	0	499	503	0	
4	0	0	0	0	491	500	0	
5	0	0	0	0	481	494	0	
6	0	0	0	0	476	491	0	
7	0	0	0	0	473	488	1	
8	0	0	0	0	476	485	0	
9	0	0	0	0	481	483	0	
10	0	0	0	0	487	483	0	
11	0	0	0	0	496	488	0	
12	0	0	0	0	503	486	0	
13	0	0	0	0	509	481	0	
14	0	0	0	0	513	485	0	
15	0	0	0	0	513	491	0	
0	0	0	0	0	515	496	0	
1	0	0	0	0	511	491	0	
2	0	0	0	0	512	487	0	
3	0	0	0	0	516	491	0	
4	0	0	0	0	519	496	0	
5	0	0	0	0	524	498	0	
6	0	0	0	0	530	499	1	
7	0	0	0	0	528	503	0	
8	0	0	0	0	532	505	0	
9	0	0	0	0	533	506	0	
10	0	0	0	0	535	505	0	
11	0	0	0	0	528	500	0	
12	0	0	0	0	519	496	0	
13	0	0	0	0	512	496	0	
14	0	0	0	0	512	498	1	
15	0	0	0	0	514	503	0	
0	0	0	0	0	513	504	0	
1	0	0	0	0	515	505	0	
2	0	0	0	0	517	503	0	
3	0	0	0	0	524	496	0	
4	0	0	0	0	528	490	0	
5	0	0	0	0	526	492	0	
6	0	0	0	0	527	494	0	
7	0	0	0	0	524	493	0	
8	0	0	0	0	519	489	0	
9	0	0	0	0	512	489	0	
10	0	0	0	0	508	492	0	
11	0	0	0	0	508	495	0	
12	0	0	0	0	509	497	0	
13	0	0	0	0	512	502	0	
14	0	0	0	0	517	503	0	
15	0	0	0	0	525	498	0	
0	0	0	0	0	531	495	0	
1	0	0	0	0	535	493	0	
2	0	0	0	0	537	492	0	
3	0	0	0	0	537	489	0	
4	0	0	0	0	537	485	1	
5	0	0	0	0	536	484	0	
6	0	0	0	0	535	489	0	
7	0	0	0	0	536	496	0	
8	0	0	0	0	535	501	0	
9	0	0	0	0	530	505	0	
10	0	0	0	0	521	503	0	
11	0	0	0	0	513	504	0	
12	0	0	0	0	507	510	0	
13	0	0	0	0	499	519	0	
14	0	0	0	0	488	524	0	
15	0	0	0	0	483	526	0	
0	0	0	0	0	479	524	0	
1	0	0	0	0	478	515	0	
2	0	0	0	0	479	508	0	
3	0	0	0	0	478	513	0	
4	0	0	0	0	476	525	0	
5	0	0	0	0	475	530	0	
6	0	0	0	0	483	519	0	
7	0	0	0	0	493	501	0	
8	0	0	0	0	502	494	0	
9	0	0	0	0	511	486	0	
10	0	0	0	0	521	488	0	
11	0	0	0	0	528	491	0	
12	0	0	0	0	535	484	0	
13	0	0	0	0	539	477	0	
14	0	0	0	0	540	474	0	
15	0	0	0	0	539	477	0	
0	0	0	0	0	537	476	0	
1	0	0	0	0	541	476	0	
2	0	0	0	0	546	479	0	
3	0	0	0	0	547	480	0	
4	0	0	0	0	547	487	0	
5	0	0	0	0	539	499	0	
6	0	0	0	0	531	510	0	
7	0	0	0	0	527	522	0	
8	0	0	0	0	527	527	0	
9	0	0	0	0	527	520	0	
10	0	0	0	0	527	511	0	
11	0	0	0	0	530	510	0	
12	0	0	0	0	534	511	0	
13	0	0	0	0	536	510	0	
14	0	0	0	0	535	510	0	
15	0	0	0	0	534	510	0	
0	0	0	0	0	534	514	0	
1	0	0	0	0	536	514	0	
2	0	0	0	0	534	510	0	
3	0	0	0	0	528	502	0	
4	0	0	0	0	527	498	0	
5	0	0	0	0	524	501	0	
6	0	0	0	0	520	505	0	
7	0	0	0	0	517	509	0	
8	0	0	0	0	516	511	0	
9	0	0	0	0	519	513	0	
10	0	0	0	0	526	516	0	
11	0	0	0	0	532	515	0	
12	0	0	0	0	540	514	0	
13	0	0	0	0	541	517	0	
14	0	0	0	0	540	516	0	
15	0	0	0	0	533	513	0	
0	0	0	0	0	527	513	0	
1	0	0	0	0	527	508	0	
2	0	0	0	0	527	502	0	
3	0	0	0	0	527	500	0	
4	0	0	0	0	528	499	0	
5	0	0	0	0	531	492	0	
6	0	0	0	0	531	489	0	
7	0	0	0	0	528	492	0	
8	0	0	0	0	515	498	0	
9	0	0	0	0	503	511	0	
10	0	0	0	0	486	523	1	
11	0	0	0	0	472	530	0	
12	0	0	0	0	465	537	0	
13	0	0	0	0	464	542	1	
